cnpj;DT_COMPTC;VL_PATRIM_LIQ
00017024000153;2026-03-12;1172688.18
00068305000135;2026-03-13;40238196.89
00071477000168;2026-03-13;797552348.99
00073041000108;2026-03-13;9185967.94
00083181000167;2026-03-13;26634257569.02
00089915000115;2026-03-12;18007151.75
00102322000141;2026-03-13;8780431.73
00180995000110;2026-03-13;81870040.89
00185259000154;2026-03-13;124968105.85
00194256000187;2026-03-13;5042061322.11
00211294000109;2026-03-12;868504876.21
00222725000124;2026-03-13;62849975.67
00222816000160;2026-03-13;621982679.21
00280302000160;2026-03-12;270351619.18
00306278000191;2026-03-12;3162017845.05
00322699000106;2026-03-12;6320673499.48
00346750000110;2026-03-13;2690010.51
00360293000118;2026-03-13;23210423.00
00524617000106;2026-03-13;28728351.55
00539553000117;2026-03-12;353891981.21
00598452000117;2026-03-13;13355017.52
00601692000123;2026-03-13;40981264.45
00743026000120;2026-03-13;83284104.46
00756851000169;2026-03-13;2483570019.92
00777815000181;2026-03-12;94084570.14
00785365000179;2026-03-13;57479459.68
00793947000105;2026-03-13;40780680.54
00807777000162;2026-03-13;808433814.34
00809773000113;2026-03-12;35735152.39
00812433000141;2026-03-13;5532498002.26
00813342000120;2026-03-13;634351527.76
00817201000186;2026-03-13;14447249.14
00817677000117;2026-03-13;262468284.20
00819875000110;2026-03-13;131590944.30
00819880000122;2026-03-13;22749066.86
00819889000133;2026-03-13;53307999.29
00819901000100;2026-03-13;3231863.56
00819915000123;2026-03-13;122321100.95
00822055000187;2026-03-13;151586293168.14
00822059000165;2026-03-13;637538638.19
00822954000180;2026-03-13;253527715.49
00824198000128;2026-03-13;21280370.32
00825076000156;2026-03-13;1306998.20
00825077000109;2026-03-13;5654930.28
00826901000137;2026-03-13;10100732.97
00826903000126;2026-03-12;139927293.06
00826907000104;2026-03-13;22303559.69
00826911000172;2026-03-13;8596476.86
00828941000118;2026-03-13;2616972.01
00829163000181;2026-03-13;4605336.22
00829280000145;2026-03-13;1927361053.64
00829282000134;2026-03-13;15531224.67
00829288000101;2026-03-13;3102831875.61
00829292000170;2026-03-13;380877615.53
00832407000185;2026-03-13;3008272167.44
00832414000187;2026-03-13;53458164.20
00832424000112;2026-03-13;2585119.40
00832431000114;2026-03-13;22277357.95
00832435000100;2026-03-13;8954601577.43
00832443000149;2026-03-13;48244478.72
00832445000138;2026-03-13;129921953.77
00832453000184;2026-03-13;1624545.72
00832587000103;2026-03-12;32777558.76
00832588000140;2026-03-13;5282375.32
00832696000112;2026-03-13;15748246.98
00834072000134;2026-03-13;160507339.80
00834074000123;2026-03-13;2862534491.99
00836258000122;2026-03-13;131014086.16
00836263000135;2026-03-13;110181049.53
00838266000108;2026-03-13;7666205.64
00838267000152;2026-03-13;31709042.13
00838269000141;2026-03-13;158383952.42
00838868000165;2026-03-13;7220796.72
00840008000166;2026-03-13;52689300.05
00840011000180;2026-03-13;5789466745.41
00842960000107;2026-03-13;39587995.08
00849567000137;2026-03-13;95431360.68
00852311000189;2026-03-13;34824058274.40
00856171000117;2026-03-12;53458216.25
00856751000104;2026-03-12;754428372.20
00856755000192;2026-03-13;1231442038.54
00857361000159;2026-03-13;13526732.21
00885758000154;2026-03-13;101875260.07
00885760000123;2026-03-12;90954857.86
00885762000112;2026-03-12;863632207.61
00888897000131;2026-03-13;625202221.89
00893531000150;2026-03-13;146789089.08
00906044000185;2026-03-13;719709394.76
00947958000194;2026-03-13;15239437.14
00970059000102;2026-03-13;52262067.51
00970074000150;2026-03-13;11844762113.76
00973117000151;2026-03-13;78002064.58
00974902000129;2026-03-13;388662323.44
00975480000106;2026-03-12;699472217.48
00977449000104;2026-03-13;720465757.24
00979181000140;2026-03-13;3075615.35
01045435000115;2026-03-13;3724350.32
01063897000165;2026-03-13;189723099.90
01069185000153;2026-03-13;30779540.44
01071664000104;2026-03-13;13541947.88
01099040000103;2026-03-04;17448381.23
01103103000140;2026-03-13;6541186.56
01107772000190;2026-03-13;22889277.17
01111801000197;2026-03-13;1177136531.69
01114310000108;2026-03-12;37212889.76
01129004000137;2026-03-13;38710858106.29
01135345000115;2026-03-13;51404718.67
01147626000198;2026-03-13;208225737.46
01147641000136;2026-03-13;572412491.87
01165780000192;2026-03-13;6010384972.76
01165781000137;2026-03-13;2152882056.12
01165796000103;2026-03-13;27537328.29
01171956000119;2026-03-13;4078164.09
01171957000163;2026-03-13;1826572454.86
01174068000150;2026-03-13;109035881.79
01197545000100;2026-03-13;55421653.19
01214092000175;2026-03-13;88721188.33
01221890000124;2026-03-13;651087050.04
01231931000163;2026-03-13;6523830.32
01271827000100;2026-03-13;262400362.55
01309845000126;2026-03-13;172376975.26
01353260000103;2026-03-13;2722883375.83
01353626000144;2026-03-12;23881340.21
01361072000127;2026-03-13;4353852.40
01361073000171;2026-03-13;19707677.19
01361074000116;2026-03-13;4897381554.40
01375954000141;2026-03-12;514743104.93
01380701000166;2026-03-13;8145444.30
01392020000118;2026-03-12;38861840.42
01392021000162;2026-03-12;745807274.48
01410032000128;2026-03-13;5272538630.67
01424041000178;2026-03-13;89288690.93
01430938000104;2026-03-13;143202893.68
01433414000177;2026-03-13;32489223.02
01434078000187;2026-03-13;2888952129.85
01464595000107;2026-03-13;77138364.04
01490766000164;2026-03-13;5988885.04
01496940000186;2026-03-12;212150726.06
01525057000177;2026-03-13;93728399.08
01536201000170;2026-03-13;142595585.54
01541649000182;2026-03-13;2837344.74
01562582000162;2026-03-12;243129772.72
01578474000188;2026-03-13;322911265.32
01587403000141;2026-03-13;366519223.24
01590019000106;2026-03-13;2323945.43
01591605000167;2026-03-13;7546193600.89
01597187000115;2026-03-13;131269579595.69
01597275000117;2026-03-13;878881949.45
01599628000118;2026-03-13;6288155577.65
01603578000103;2026-03-13;17960543.81
01606509000145;2026-03-12;46102133.18
01606543000110;2026-03-13;103088657.06
01606544000164;2026-03-13;7830652.55
01606545000109;2026-03-13;316280369.31
01606546000153;2026-03-13;104216140.24
01606552000100;2026-03-13;3364180770.66
01608399000150;2026-03-13;24985700.11
01608572000110;2026-03-13;12265380443.26
01608573000165;2026-03-13;68304191012.28
01613104000134;2026-03-13;17306962.14
01615744000183;2026-03-13;11659818879.92
01616137000138;2026-03-13;3034582.77
01620027000140;2026-03-12;12228736.53
01620606000192;2026-03-13;843827.73
01622154000188;2026-03-13;489635012.75
01623379000159;2026-03-12;844273651.45
01623535000181;2026-03-13;1360181372.25
01623538000115;2026-03-13;29652663.15
01623857000120;2026-03-13;13743789.69
01624111000131;2026-03-13;13877932.01
01624178000176;2026-03-13;8672318.65
01624316000117;2026-03-13;19632105195.11
01625681000146;2026-03-12;13258313.20
01626952000188;2026-03-13;42131459.99
01626961000179;2026-03-13;4130458000.89
01627516000123;2026-03-13;2061591773.27
01630152000130;2026-03-13;784269227.29
01630558000113;2026-03-13;65641215167.22
01631246000124;2026-03-11;198673698.28
01634642000105;2026-03-12;1145778780.86
01643271000128;2026-03-13;56581773.13
01655956000194;2026-03-13;1575689770.83
01656101000188;2026-03-13;353552533.86
01699688000102;2026-03-13;237705425.79
01745808000160;2026-03-13;81840277.75
01757217000103;2026-03-13;2621770.14
01776200000101;2026-03-13;29654480.71
01789400000190;2026-03-13;4643649.11
01822655000108;2026-03-13;2900289096.29
01823373000125;2026-03-13;102825707.13
01873685000143;2026-03-13;4342856857.66
01884229000107;2026-03-13;1498235229.89
01889170000131;2026-03-13;18309094.38
01912197000106;2026-03-13;13630418003.97
01960341000171;2026-03-13;18080420.66
01972663000130;2026-03-13;17163945.78
01975502000109;2026-03-12;917727312.02
01978445000103;2026-03-13;5011388.43
01996007000178;2026-03-13;3249894717.65
02010147000198;2026-03-13;1299085226.62
02010153000145;2026-03-13;13536774.41
02020528000158;2026-03-13;182533270.38
02037763000132;2026-03-13;253859501.93
02039468000115;2026-03-13;5964346.16
02097252000106;2026-03-13;110328638.91
02097253000150;2026-03-13;1767218.22
02131724000108;2026-03-13;23177408.54
02131725000144;2026-03-13;15984109.22
02138442000124;2026-03-12;101708646.18
02143193000165;2026-03-12;860285.36
02143194000100;2026-03-12;368619666.55
02145108000106;2026-03-13;289556619.63
02162620000152;2026-03-13;60322340.90
02171479000154;2026-03-13;22796969.83
02177812000132;2026-03-13;83668467.94
02177815000176;2026-03-13;2401887.15
02185027000121;2026-03-12;680193382.19
02190541000155;2026-03-13;570920624.43
02198411000169;2026-03-13;46092804.31
02201163000168;2026-03-13;3094869516.44
02201164000102;2026-03-13;131933841.48
02222178000102;2026-03-13;32056753.15
02224354000145;2026-03-13;4894996579.27
02224382000162;2026-03-13;13313193623.51
02226122000126;2026-03-13;4323.20
02266145000164;2026-03-13;64045258688.40
02290048000107;2026-03-13;60028812.71
02290279000110;2026-03-13;1715858756.33
02290280000145;2026-03-13;3826642352.91
02290304000166;2026-03-13;1103473524.57
02290305000100;2026-03-13;1018364.41
02294024000126;2026-03-12;98417678.31
02294026000115;2026-03-12;2927120017.70
02296928000190;2026-03-13;3293395698.02
02297087000136;2026-03-13;56624247.44
02297533000102;2026-03-12;20953136.43
02323746000161;2026-03-13;64637883.58
02335944000145;2026-03-13;346719187.21
02343288000122;2026-03-13;1135342443.99
02367527000184;2026-03-13;3111458624.91
02430487000178;2026-03-13;641753229.24
02436763000105;2026-03-13;104126807.48
02444266000159;2026-03-13;329282191.56
02497034000169;2026-03-13;7754349.42
02498096000195;2026-03-13;921898982.72
02498188000175;2026-03-13;559779004.72
02498189000110;2026-03-13;221467506.79
02498190000144;2026-03-13;947889484.58
02498204000120;2026-03-13;69513540.87
02498604000135;2026-03-13;6364963.15
02506721000101;2026-03-13;20821685736.73
02513875000112;2026-03-13;33356792083.36
02536364000116;2026-03-13;7132532509.37
02537224000162;2026-03-13;37170182.27
02539921000152;2026-03-13;211298856.72
02543811000164;2026-03-13;629869672.67
02546749000164;2026-03-13;126640602.93
02561139000130;2026-03-13;1556759833.61
02561152000199;2026-03-13;602216402.30
02561193000185;2026-03-13;427433983.22
02567991000114;2026-03-12;438164078.69
02567996000147;2026-03-13;171976481.51
02567997000191;2026-03-13;309954920.96
02603461000184;2026-03-13;214970750.95
02650451000108;2026-03-13;65592615.32
02661252000197;2026-03-13;2628332.14
02661267000155;2026-03-13;8437123.35
02661317000102;2026-03-13;9471245.89
02661339000164;2026-03-13;12313516.22
02668201000197;2026-03-13;1902136895.60
02668765000120;2026-03-13;17171201.32
02668766000174;2026-03-13;64491024.92
02668779000143;2026-03-13;12695142.37
02668782000167;2026-03-13;28459103.45
02710116000140;2026-03-12;116948638.11
02724993000170;2026-03-13;26074986.80
02753973000127;2026-03-12;65170952.67
02763602000126;2026-03-13;58112235.07
02763747000127;2026-03-13;793621208.99
02764336000156;2026-03-13;107738007.19
02764357000171;2026-03-13;93386971.15
02764393000135;2026-03-13;33223817.43
02764418000109;2026-03-13;67040419.32
02764423000103;2026-03-13;46642837.87
02764427000191;2026-03-13;14773410.59
02764434000193;2026-03-13;33744039.03
02764937000169;2026-03-13;183541555.21
02770446000120;2026-03-13;264485979.09
02775809000110;2026-03-13;15084655.67
02775883000137;2026-03-13;7226425.96
02782911000143;2026-03-13;31646178.32
02786593000199;2026-03-13;2036075.10
02811681000101;2026-03-13;52533336.54
02838578000147;2026-03-13;290322789.18
02838583000150;2026-03-13;631741580.55
02846259000183;2026-03-13;110744530.13
02850835000166;2026-03-13;98000961.74
02850991000127;2026-03-13;6963462.77
02851024000180;2026-03-13;437709151.19
02867883000167;2026-03-13;1656330077.32
02885730000142;2026-03-11;3039423686.35
02885907000100;2026-03-13;6928338.41
02887290000162;2026-03-13;242206570.42
02887434000180;2026-03-13;130116975.39
02887456000140;2026-03-13;1040675.39
02887948000136;2026-03-13;1703841174.49
02895694000106;2026-03-13;87524787.42
02898519000164;2026-03-13;6191209.52
02898523000122;2026-03-13;17805884.43
02907506000104;2026-03-12;95589722.43
02907508000101;2026-03-12;144307513.63
02907512000161;2026-03-12;98583626.74
02907514000150;2026-03-12;281642587.49
02908347000162;2026-03-13;89733920.11
02910278000121;2026-03-13;9666399323.96
02911408000140;2026-03-13;1555439146.03
02911564000101;2026-03-13;106793688.92
02918923000152;2026-03-13;6789755.86
02918931000107;2026-03-13;28625380.62
02924217000113;2026-03-13;917282899.00
02924248000174;2026-03-13;146126121.86
02924262000178;2026-03-13;826562283.62
02934463000156;2026-03-13;148631828.01
02935723000108;2026-03-13;370073.71
02935788000153;2026-03-13;8190329.38
02935821000145;2026-03-13;12167571.05
02937672000153;2026-03-12;232441791.30
02939538000191;2026-03-13;119363603.52
02980941000164;2026-03-02;45240380.57
02998164000185;2026-03-13;35682384.68
02998239000128;2026-03-13;930164974.21
02998253000121;2026-03-13;448797064.54
02998275000191;2026-03-13;561812531.32
02998754000108;2026-03-13;650182208.32
02998773000134;2026-03-13;386784966.13
03001786000150;2026-03-13;4099465808.05
03009309000130;2026-03-12;51075773.88
03029216000178;2026-03-13;39533867.74
03047880000140;2026-03-13;6239595.21
03054724000106;2026-03-13;1692261.17
03068246000193;2026-03-13;59406068.38
03069104000140;2026-03-13;13543473372.74
03069107000184;2026-03-13;15444356.47
03076190000119;2026-03-13;2992658236.33
03077193000177;2026-03-13;42404775.37
03077322000127;2026-03-13;518938617.61
03077330000173;2026-03-13;161806109.22
03079923000179;2026-03-12;137231271.00
03099639000164;2026-03-13;201203443.34
03100345000105;2026-03-13;85050107.48
03100395000192;2026-03-13;368201666.43
03101834000181;2026-03-13;1533421258.98
03102070000149;2026-03-12;140723317.49
03102081000129;2026-03-13;27544561.94
03119883000141;2026-03-13;80244081.76
03149243000184;2026-03-12;573445606.82
03157983000162;2026-03-12;575499878.24
03162048000194;2026-03-13;99702603.63
03164294000185;2026-03-13;959912780.80
03168062000103;2026-03-13;243148088.42
03168115000188;2026-03-11;33634438.54
03173729000158;2026-03-13;90476561.62
03182559000178;2026-03-13;292497877.81
03184103000147;2026-03-13;106386693.87
03184134000106;2026-03-13;117737655.33
03184233000180;2026-03-13;3044293464.59
03185374000117;2026-03-12;1232027989.99
03185710000121;2026-03-13;87304362.78
03186097000167;2026-03-13;13662286.66
03187084000102;2026-03-13;3199273961.32
03191766000199;2026-03-12;6558266.75
03191854000190;2026-03-13;170341185.83
03191874000161;2026-03-13;91509611.34
03191877000103;2026-03-13;146943466.59
03193454000114;2026-03-12;24785920.30
03206300000110;2026-03-13;335127664.61
03208891000164;2026-03-13;128743687.41
03209409000100;2026-03-13;27098325.00
03211632000192;2026-03-13;1287742223.53
03211696000193;2026-03-13;37033247.26
03213328000184;2026-03-13;1969612.52
03218183000104;2026-03-13;27894510.09
03230512000132;2026-03-13;2043111.15
03233070000188;2026-03-13;4348069310.57
03233076000155;2026-03-13;3355817099.29
03235396000144;2026-03-12;1161072.12
03239726000170;2026-03-12;340206737.90
03243641000165;2026-03-13;986678052.12
03256737000168;2026-03-13;60948053.63
03256752000106;2026-03-13;77494019.13
03256754000103;2026-03-13;61450371.13
03256787000145;2026-03-12;101773212.31
03256788000190;2026-03-12;122071204.48
03256793000100;2026-03-13;11711999367.12
03256797000180;2026-03-13;4298441506.77
03271093000187;2026-03-13;407813486.16
03271099000154;2026-03-13;500898869.78
03276503000182;2026-03-13;119258431.50
03287127000121;2026-03-13;21175253.52
03288421000158;2026-03-13;171945948.93
03295134000175;2026-03-13;17216450.83
03298200000160;2026-03-13;14845479008.36
03300371000187;2026-03-13;10416309.18
03303563000147;2026-03-12;110395617.48
03303568000170;2026-03-12;46967719.52
03303723000158;2026-03-12;85957850.94
03303756000106;2026-03-13;120302813.86
03307621000100;2026-03-13;95169548.66
03308718000138;2026-03-13;265940240.40
03319016000150;2026-03-13;114215938.42
03322908000100;2026-03-12;185175628.05
03336760000162;2026-03-13;163178420.41
03336770000106;2026-03-13;4178005.86
03336931000153;2026-03-13;39933611.04
03364021000184;2026-03-13;107774970.26
03364147000159;2026-03-13;28165893.62
03364790000182;2026-03-13;317080560.37
03366545000104;2026-03-13;2152252731.82
03369970000157;2026-03-12;58442512.45
03370003000105;2026-03-13;1157849224.37
03374369000152;2026-03-13;273462204.76
03374465000109;2026-03-13;344679490.09
03374487000160;2026-03-13;28178699.06
03374499000195;2026-03-13;59610383.59
03381358000108;2026-03-13;633200123.71
03384182000130;2026-03-13;860968.62
03386180000180;2026-03-13;15996882.46
03389374000139;2026-03-13;121174037455.75
03394711000186;2026-03-13;129423320.64
03398407000107;2026-03-13;21463658.17
03399411000190;2026-03-13;30572063675.88
03408336000186;2026-03-13;10175280.15
03409453000164;2026-03-12;2252391.00
03416010000109;2026-03-13;11137079.05
03438278000133;2026-03-13;130189911.00
03438284000190;2026-03-13;40823867.95
03438288000179;2026-03-13;187139676.60
03441485000147;2026-03-13;1448138.32
03469379000171;2026-03-13;27019363.22
03469407000150;2026-03-13;1669850.01
03469422000107;2026-03-13;1712672.52
03497804000136;2026-03-12;212281473.88
03499367000190;2026-03-13;251998347.46
03499625000138;2026-03-13;15053591.51
03503382000164;2026-03-13;4383896155.13
03504010000152;2026-03-13;1800012578.17
03504023000121;2026-03-13;37577455244.13
03507865000137;2026-03-13;505227246.30
03507873000183;2026-03-13;17036089.22
03515596000150;2026-03-13;3148395129.20
03519674000195;2026-03-12;53930975.78
03519706000152;2026-03-13;3753235408.38
03524814000113;2026-03-12;1550428518.85
03534576000127;2026-03-13;77806732.99
03534590000120;2026-03-12;31966239.22
03534936000190;2026-03-13;1338446161.05
03534939000124;2026-03-13;188849574.40
03536908000102;2026-03-13;5163382.96
03536912000170;2026-03-13;8252442.35
03537355000102;2026-03-13;133490253.95
03537367000137;2026-03-13;42758922.14
03537379000161;2026-03-13;3980483136.21
03537384000174;2026-03-13;693473157.86
03537407000140;2026-03-13;34792534603.73
03537415000197;2026-03-13;85837047.21
03537456000183;2026-03-13;97621896.31
03537485000145;2026-03-13;95818659.70
03537494000136;2026-03-13;177901001.44
03537505000188;2026-03-13;33956912.67
03540224000184;2026-03-13;21392497.07
03543447000103;2026-03-13;3642784420.13
03547677000132;2026-03-13;4225525.32
03553305000119;2026-03-13;8758454451.04
03553574000185;2026-03-13;1432600.67
03555959000181;2026-03-13;781029840.88
03557198000105;2026-03-13;1492543104.58
03564113000108;2026-03-13;1285971.75
03564809000134;2026-03-13;1149105290.49
03564825000127;2026-03-13;67036169.44
03565131000104;2026-03-13;38920172.43
03565137000181;2026-03-13;3895474.83
03565187000169;2026-03-13;1210296.53
03565192000171;2026-03-13;3159572.89
03567283000146;2026-03-13;56814258.37
03573793000126;2026-03-13;454504373.30
03573825000193;2026-03-12;10768311.74
03573959000104;2026-03-12;406768177.14
03574147000183;2026-03-13;733801824.56
03583239000120;2026-03-12;32415172.99
03589367000180;2026-03-13;26390234.93
03589391000110;2026-03-13;88526758.88
03593150000144;2026-03-13;230987344.66
03593195000119;2026-03-12;4183894653.79
03596908000106;2026-03-13;39123453.55
03597057000108;2026-03-13;35536363.82
03597122000103;2026-03-12;394075942.26
03600987000173;2026-03-13;1718178241.22
03601000000135;2026-03-13;3295716911.16
03601017000192;2026-03-13;8246439761.15
03601022000103;2026-03-13;84560699.27
03618010000183;2026-03-13;7602888.71
03618202000190;2026-03-13;1278140.05
03618256000155;2026-03-13;2508473008.98
03618257000108;2026-03-13;46304624.23
03618274000137;2026-03-13;567690018.81
03618276000126;2026-03-13;116259145.45
03618607000128;2026-03-13;589564764.11
03644263000121;2026-03-13;4278350.03
03652358000197;2026-03-13;93187150.52
03660879000196;2026-03-13;223160312.73
03680180000198;2026-03-13;136452222.10
03680327000140;2026-03-13;114117283.53
03691031000124;2026-03-13;114145027.67
03691061000130;2026-03-13;1160224.68
03693695000122;2026-03-13;1454097339.73
03699942000106;2026-03-13;3001740.51
03699947000120;2026-03-13;48055492.99
03706631000119;2026-03-12;1283413.36
03707396000108;2026-03-13;230528513.72
03721554000176;2026-03-13;24429058.88
03737188000143;2026-03-13;326032221.30
03737190000112;2026-03-13;2343701237.61
03737200000110;2026-03-13;32871864.70
03737206000197;2026-03-13;24228445888.94
03737207000131;2026-03-13;20843756.51
03737208000186;2026-03-13;1548703070.85
03737209000120;2026-03-13;932874887.30
03737211000108;2026-03-13;843670793.13
03737212000144;2026-03-13;1160561332.61
03737217000177;2026-03-13;208158677.72
03737219000166;2026-03-12;54046242476.41
03737220000190;2026-03-12;864968736.82
03737222000180;2026-03-12;5575495972.08
03737223000124;2026-03-13;162304631.94
03737224000179;2026-03-12;9024771274.56
03737227000102;2026-03-13;4664755211.56
03749473000184;2026-03-13;149699923.32
03752361000182;2026-03-13;508803567.49
03752446000160;2026-03-13;356345408.55
03765626000187;2026-03-13;648892117.07
03765863000148;2026-03-13;11600272.68
03766040000137;2026-03-13;320596793.53
03766575000108;2026-03-13;563162230.53
03772955000155;2026-03-13;387370783.32
03774967000119;2026-03-12;16363462.74
03792701000107;2026-03-13;3479639.47
03804917000137;2026-03-13;27949016.12
03805966000194;2026-03-12;11868698.48
03805990000123;2026-03-12;42257826.56
03821078000165;2026-03-13;240581323.71
03821440000106;2026-03-13;1118185112.34
03824230000163;2026-03-12;17581365.25
03824408000176;2026-03-12;2893011.52
03833841000178;2026-03-13;50303064.13
03840123000129;2026-03-13;168979057.43
03859784000104;2026-03-13;75320072.44
03860122000146;2026-03-13;67017556.08
03860605000140;2026-03-13;150286885.97
03877036000146;2026-03-13;23105365.58
03877060000185;2026-03-13;1998854.95
03877474000104;2026-03-13;129719807.07
03877848000191;2026-03-13;1746168146.17
03879361000148;2026-03-13;88261032.61
03890892000131;2026-03-13;89546338.67
03894320000120;2026-03-13;166918437.82
03897077000102;2026-03-13;51869073.57
03899514000119;2026-03-12;288467140.52
03902512000131;2026-03-13;422689951.47
03904236000140;2026-03-12;108696943.10
03910929000146;2026-03-13;65694486.26
03913576000138;2026-03-13;8050313.32
03913949000170;2026-03-13;3935064.22
03914469000124;2026-03-13;14705423.82
03914671000156;2026-03-13;990403779.21
03915495000177;2026-03-13;863153.15
03915903000190;2026-03-13;797312778.21
03915910000192;2026-03-13;648893727.36
03916081000162;2026-03-13;303770375.73
03916733000169;2026-03-13;121735.19
03916755000129;2026-03-13;26413257.75
03917079000108;2026-03-13;52487050.37
03917096000145;2026-03-13;108814724.43
03917145000140;2026-03-13;77804609.94
03917163000121;2026-03-13;31062269.81
03917251000123;2026-03-13;112500457.68
03917545000155;2026-03-13;12470201.29
03917728000170;2026-03-12;56388884.20
03917776000169;2026-03-13;413089236.44
03917778000158;2026-03-13;397507317.85
03917780000127;2026-03-13;5403057.92
03917789000138;2026-03-13;15956897.82
03919493000156;2026-03-13;137589757.32
03919892000117;2026-03-13;196899867.71
03920165000170;2026-03-13;4677706.99
03920198000110;2026-03-13;9964861.35
03920413000182;2026-03-13;750920480.32
03922006000104;2026-03-12;51134488.34
03925702000174;2026-03-13;16734666.27
03925836000195;2026-03-13;40229856.39
03925892000120;2026-03-13;137153510.03
03926420000191;2026-03-12;691912609.93
03926431000171;2026-03-12;4892931776.23
03926455000120;2026-03-12;336815100.11
03929530000107;2026-03-13;66696411.89
03929711000133;2026-03-13;81200539.80
03929719000108;2026-03-13;17239247.95
03958061000154;2026-03-12;15751628143.90
03958114000137;2026-03-13;294316416.31
03958330000182;2026-03-13;6050837.50
03958682000138;2026-03-13;141373331.21
03959960000171;2026-03-13;29637696.19
03960320000181;2026-03-13;972216790.79
03960323000115;2026-03-13;120021803.98
03960349000163;2026-03-13;167096037.11
03962060000183;2026-03-13;58017776.69
03973388000103;2026-03-13;15505193.43
03986889000116;2026-03-13;17847326.19
03986896000118;2026-03-13;44709531.97
03998582000135;2026-03-13;27746477.54
03998735000144;2026-03-13;63444597.48
04003722000150;2026-03-13;3976850.89
04003809000128;2026-03-13;24937417.68
04042603000107;2026-03-13;34078622.40
04044634000105;2026-03-12;44593787.21
04052631000105;2026-03-13;461136301.25
04052699000194;2026-03-12;12416483.35
04056135000120;2026-03-13;418509346.59
04061044000182;2026-03-13;450405503.83
04061079000111;2026-03-13;9610875986.33
04061224000164;2026-03-13;10161405126.80
04061359000120;2026-03-13;1008416081.66
04061548000100;2026-03-13;695757346.30
04061652000197;2026-03-13;65782235.92
04061762000159;2026-03-13;1384457226.59
04066545000151;2026-03-12;5490508.46
04068453000100;2026-03-13;37088297.02
04073702000156;2026-03-13;447113323.92
04085474000134;2026-03-13;2813090773.63
04087244000104;2026-03-12;278624574.33
04087328000148;2026-03-13;164495120.37
04088125000176;2026-03-13;7495124.29
04088145000147;2026-03-13;3892299.54
04088561000145;2026-03-12;95786046.87
04089399000180;2026-03-13;2671549.01
04089406000143;2026-03-13;7178524.99
04089491000140;2026-03-13;6086005.21
04089495000128;2026-03-13;5304280.07
04093184000132;2026-03-13;1225386167.18
04103082000150;2026-03-13;3192878.22
04103102000193;2026-03-13;46009417.58
04103968000102;2026-03-13;94670747.79
04104064000193;2026-03-12;298482159.89
04108584000174;2026-03-13;5580546.34
04113821000195;2026-03-12;112161146.14
04113848000188;2026-03-13;4813306.75
04118024000109;2026-03-13;560019064.88
04118043000127;2026-03-13;13453045.12
04118325000124;2026-03-09;93703289.21
04118327000113;2026-03-13;75431039.83
04118652000186;2026-03-13;3155825585.36
04118854000128;2026-03-12;22456685232.32
04118883000190;2026-03-13;4009914462.30
04128522000124;2026-03-13;14402077.94
04128557000163;2026-03-13;202589200.08
04128562000176;2026-03-13;18888319671.82
04128595000116;2026-03-13;20613062.91
04128704000103;2026-03-13;213257350.24
04128723000121;2026-03-13;72073608.99
04128893000106;2026-03-13;147306369.63
04129095000107;2026-03-13;160836905.43
04147027000162;2026-03-13;73338634.23
04147465000120;2026-03-12;25939614.62
04148140000162;2026-03-13;559722175.17
04150666000187;2026-03-13;17756522625.50
04150673000189;2026-03-13;172772931.18
04150705000146;2026-03-13;10324013.04
04160232000168;2026-03-13;14713218880.52
04163008000120;2026-03-13;2516332.63
04163555000105;2026-03-13;17656053.17
04165971000142;2026-03-13;50465451.45
04172301000153;2026-03-13;4918840.27
04178681000133;2026-03-13;3184028.05
04192419000143;2026-03-13;37168739.03
04194710000150;2026-03-12;1415280.38
04194774000151;2026-03-13;33553750.06
04195359000112;2026-03-13;9809151.77
04201010000146;2026-03-12;24469225.55
04207925000169;2026-03-13;220683086.49
04211569000157;2026-03-12;47111350.97
04215425000179;2026-03-13;1658189.74
04220338000100;2026-03-13;557911153.02
04222368000155;2026-03-13;187443479.27
04222376000100;2026-03-13;44639481.06
04222383000101;2026-03-13;8296513.58
04222426000140;2026-03-12;1890334329.90
04222433000142;2026-03-13;251575989.41
04222437000120;2026-03-13;118679922.69
04222716000194;2026-03-13;82015654.43
04223291000138;2026-03-13;762639761.23
04223314000104;2026-03-13;37038368.38
04228545000100;2026-03-13;1050496309.51
04228716000100;2026-03-13;308617207.29
04237569000126;2026-03-13;12737531344.55
04237578000117;2026-03-13;493171002.51
04237583000120;2026-03-13;543635352.33
04240128000183;2026-03-12;179579660.93
04244137000142;2026-03-13;11407951.13
04244149000177;2026-03-13;34387395.41
04253072000100;2026-03-13;546013134.67
04253078000179;2026-03-13;14941161764.83
04253202000104;2026-03-13;9855876076.03
04253207000129;2026-03-13;84503174.82
04260468000176;2026-03-13;1501515710.32
04260579000182;2026-03-13;21525786.33
04262710000140;2026-03-13;36160720.63
04262717000162;2026-03-12;16881475.90
04264940000149;2026-03-13;3000521040.92
04272487000112;2026-03-13;1628149.73
04277386000134;2026-03-12;32208494.89
04277488000150;2026-03-12;7709597.94
04277491000173;2026-03-12;16761628.00
04288780000178;2026-03-13;23299489.70
04288830000117;2026-03-13;787991713.73
04288944000167;2026-03-13;44072052.78
04288966000127;2026-03-13;1499730112.64
04289042000145;2026-03-13;1858249734.67
04289051000136;2026-03-12;166353760.30
04299355000184;2026-03-12;132025635.43
04299586000198;2026-03-13;330964801.90
04299610000199;2026-03-13;2294815147.25
04299727000172;2026-03-13;1174922.93
04305193000140;2026-03-13;58959650.97
04310455000164;2026-03-12;6457443.75
04311271000119;2026-03-13;38967661.39
04320223000197;2026-03-13;3825833752.39
04320863000105;2026-03-13;83043237.76
04328542000149;2026-03-13;39206162.59
04331424000190;2026-03-13;526950296.19
04335567000170;2026-03-13;40471135.11
04337571000177;2026-03-13;265939553.11
04342594000170;2026-03-13;517174142.65
04342618000190;2026-03-13;42425380.60
04345323000178;2026-03-13;19013988.28
04345331000114;2026-03-13;42462158.35
04348384000199;2026-03-13;35354143.88
04350787000172;2026-03-13;3578319.53
04353257000188;2026-03-13;261124647.77
04356413000164;2026-03-13;71855815.55
04380741000104;2026-03-13;53748137.42
04385278000185;2026-03-13;145167722.37
04406281000138;2026-03-13;1563070.36
04412762000156;2026-03-13;37189656.16
04418494000180;2026-03-13;5964096.18
04418568000188;2026-03-13;43746874.74
04426826000178;2026-03-12;27735248.71
04426895000181;2026-03-13;19527795.35
04435076000109;2026-03-13;10835721.01
04437399000123;2026-03-13;14852887.58
04437609000183;2026-03-12;27155301.48
04437639000190;2026-03-12;2013377776.17
04443397000147;2026-03-13;323222144.11
04443410000168;2026-03-13;105417283.48
04443415000190;2026-03-13;103006269.57
04443440000174;2026-03-13;977363302.90
04443459000110;2026-03-13;1016476335.05
04444179000127;2026-03-13;8456178162.74
04445295000160;2026-03-13;1631157.01
04451467000109;2026-03-11;39494116.84
04455632000109;2026-03-13;49510930.89
04455642000136;2026-03-13;85391765.62
04484351000176;2026-03-13;90915787.12
04495282000104;2026-03-13;221387066.44
04497742000125;2026-03-13;188617495.24
04498651000104;2026-03-13;8280176877.46
04501865000192;2026-03-13;379612304.48
04510683000188;2026-03-13;1101176050.27
04511286000120;2026-03-13;307128871.42
04511306000163;2026-03-13;6646130.61
04514122000157;2026-03-13;18794877.99
04516930000153;2026-03-13;191463219.98
04519681000150;2026-03-12;5574638691.83
04519722000108;2026-03-12;163504223.27
04520220000105;2026-03-12;53162926.91
04521982000118;2026-03-13;55481770.15
04523214000101;2026-03-12;31801320.86
04525916000116;2026-03-13;503526522.52
04528776000130;2026-03-13;89927814.31
04530186000141;2026-03-12;110162181.17
04539345000179;2026-03-13;23322078.86
04551365000165;2026-03-12;509794369.79
04553189000109;2026-03-13;424591520.95
04566470000178;2026-03-13;491359965.85
04568060000166;2026-03-13;32738195.91
04568129000151;2026-03-13;11703240.05
04570232000136;2026-03-13;4215837.87
04572903000106;2026-03-13;2395093651.20
04573104000146;2026-03-13;594732462.59
04573108000124;2026-03-13;254413336.35
04573842000193;2026-03-13;500552.66
04573850000130;2026-03-13;21037899.64
04579712000168;2026-03-12;102875703.09
04587998000123;2026-03-13;148369248.17
04588017000162;2026-03-13;168920070.15
04588071000108;2026-03-13;4953877.43
04588085000121;2026-03-12;417945748.88
04589378000123;2026-03-13;4953413.32
04589516000174;2026-03-13;53430958.36
04592305000190;2026-03-13;969943120.82
04602186000100;2026-03-13;118634029.37
04604594000109;2026-03-13;46156907.68
04609196000177;2026-03-13;808841.56
04609212000121;2026-03-13;1085232.10
04609220000178;2026-03-13;12295284.24
04616035000100;2026-03-13;96668988.23
04616277000102;2026-03-13;24786498.36
04616299000164;2026-03-13;18265795.53
04618337000118;2026-03-13;462044415.98
04618345000164;2026-03-13;163943994.18
04621018000161;2026-03-13;10598570.75
04621721000170;2026-03-13;1342004359.29
04644580000100;2026-03-12;161370014.71
04652510000102;2026-03-13;11903336.85
04657834000125;2026-03-13;1825925.66
04657900000167;2026-03-13;1417073923.10
04662147000106;2026-03-13;1100049.95
04662450000109;2026-03-13;65004270.72
04667988000106;2026-03-12;1845248031.90
04675532000180;2026-03-13;5444994.33
04675570000132;2026-03-13;212717440.23
04679647000142;2026-03-13;2324760197.21
04682022000130;2026-03-13;2203487999.09
04682487000190;2026-03-13;16877925.29
04682496000181;2026-03-13;523210319.73
04682806000168;2026-03-12;1797197629.03
04682817000148;2026-03-13;637473340.28
04684251000193;2026-03-12;450207578.77
04684453000135;2026-03-13;255350275.07
04684467000159;2026-03-13;528945958.00
04684472000161;2026-03-13;93649445.12
04684491000198;2026-03-13;98060008.40
04684499000154;2026-03-13;4033775.74
04684515000109;2026-03-13;501934123.12
04685271000189;2026-03-13;4710800.60
04685295000138;2026-03-13;3055236.37
04685308000179;2026-03-13;7197290.45
04685333000152;2026-03-13;14571591.30
04687535000133;2026-03-13;10344801.71
04696422000102;2026-03-13;50769204.59
04699638000113;2026-03-13;45391733.29
04699650000128;2026-03-13;20872770.44
04699653000161;2026-03-13;39432830.79
04699738000140;2026-03-13;1656146331.70
04700116000194;2026-03-13;2217084.84
04700335000173;2026-03-13;36774167.86
04700351000166;2026-03-13;12818185972.65
04700366000124;2026-03-13;41750709.04
04700879000135;2026-03-13;85064597.06
04701028000107;2026-03-13;337672162.02
04701088000120;2026-03-13;1203521994.11
04701133000146;2026-03-13;370876616.60
04701172000143;2026-03-13;24452637.53
04701235000161;2026-03-13;1590217.84
04701240000174;2026-03-13;56697504.54
04702079000153;2026-03-13;335181834.36
04702944000161;2026-03-13;65757129.36
04703001000153;2026-03-13;23149258.05
04703087000114;2026-03-13;1662682.86
04703103000179;2026-03-13;734337496.19
04709080000100;2026-03-13;53007471.16
04714699000102;2026-03-12;2518269.44
04733518000195;2026-03-12;1380261933.95
04736006000182;2026-03-13;57520024.27
04738195000122;2026-03-13;183529025.97
04738201000141;2026-03-13;100107410.85
04738236000180;2026-03-13;353697438.20
04751820000176;2026-03-13;216721430.33
04755506000161;2026-03-13;161822486.26
04763484000181;2026-03-13;7426550.43
04764174000181;2026-03-13;1450663208.97
04764252000148;2026-03-13;182394235.76
04764399000138;2026-03-12;2723672.37
04773506000194;2026-03-13;676022621.49
04782012000176;2026-03-13;40297331.95
04782224000153;2026-03-13;64635843.46
04785314000106;2026-03-13;10572267.51
04786966000157;2026-03-13;16756747.35
04786973000159;2026-03-12;1000506836.40
04787992000108;2026-03-13;36984277.85
04794886000143;2026-03-13;2241529781.22
04803035000110;2026-03-13;258411633.51
04804980000136;2026-03-09;23402712.72
04806420000110;2026-03-13;489008366.12
04812385000142;2026-03-13;20475621.64
04816776000135;2026-03-12;39233073.60
04817198000151;2026-03-13;9482272.59
04820026000137;2026-03-12;263040164.22
04822511000140;2026-03-13;51638025.20
04822739000130;2026-03-12;1039057117.80
04823412000182;2026-03-12;31647751.24
04828795000181;2026-03-13;307442527.72
04830277000100;2026-03-13;4939788294.84
04830289000127;2026-03-13;370548715.59
04830302000148;2026-03-13;182610228.71
04830474000111;2026-03-13;1810052.35
04830483000102;2026-03-13;5877785.23
04831907000153;2026-03-13;1000182585.59
04836724000120;2026-03-13;216108244.20
04839017000198;2026-03-13;2170505756.01
04839905000100;2026-03-13;17877497.37
04839917000135;2026-03-13;0.00
04839930000194;2026-03-12;9075767.06
04841576000132;2026-03-12;15761742.71
04841651000165;2026-03-13;370822332.77
04841657000132;2026-03-13;141794591.48
04841745000134;2026-03-13;1562682.92
04841814000100;2026-03-13;6928729.40
04857792000176;2026-03-13;12663529444.58
04857834000179;2026-03-13;18424918283.84
04866784000196;2026-03-13;49471.01
04869180000101;2026-03-11;302375914.90
04871634000170;2026-03-13;29279695.92
04871688000136;2026-03-13;152389268.05
04871799000142;2026-03-10;1013097647.48
04871830000145;2026-03-12;32168797.93
04874802000181;2026-03-13;157646233.86
04874817000140;2026-03-13;33090481.34
04875006000163;2026-03-13;299536894.75
04875086000157;2026-03-13;123617121.10
04875166000102;2026-03-13;154132638.52
04881158000179;2026-03-13;188810781.68
04881177000103;2026-03-13;250729032.27
04881191000107;2026-03-13;274606230.66
04881197000176;2026-03-13;5458777.73
04881676000192;2026-03-13;10257269.31
04881682000140;2026-03-13;620184799.05
04881687000172;2026-03-13;331857564.93
04882596000151;2026-03-13;3738552.24
04882611000161;2026-03-13;2549263.92
04882617000139;2026-03-13;263971703.15
04882637000100;2026-03-13;381819495.34
04882647000145;2026-03-13;128440700.66
04882688000131;2026-03-13;24836661.75
04884545000169;2026-03-13;25055983.30
04884567000129;2026-03-13;3154431.64
04885403000116;2026-03-13;458601407.72
04885503000142;2026-03-10;4377796828.78
04885571000101;2026-03-13;81591572.07
04885601000180;2026-03-13;168078763.93
04885818000190;2026-03-13;457716863.43
04885820000169;2026-03-13;639514174.27
04885824000147;2026-03-13;771604282.75
04885832000193;2026-03-13;11229467.29
04887951000185;2026-03-13;46335376.53
04887966000143;2026-03-13;19932663.49
04887978000178;2026-03-13;13754326.42
04887986000114;2026-03-13;25940439.06
04889781000178;2026-03-13;112377910.54
04889791000103;2026-03-13;156497072.55
04889824000115;2026-03-13;17087597.38
04890401000115;2026-03-13;56819005.45
04891399000107;2026-03-12;116781898.29
04892107000142;2026-03-12;58620928.77
04892365000129;2026-03-13;8766558.78
04892367000118;2026-03-13;31910096.49
04892370000131;2026-03-13;2819820.19
04894403000182;2026-03-13;37476303.08
04894410000184;2026-03-13;4046223.00
04894780000111;2026-03-13;4452802.48
04895099000198;2026-03-12;31819857.56
04895190000103;2026-03-13;218306996.31
04895210000146;2026-03-13;63974364.25
04895277000180;2026-03-13;7892392.78
04896996000116;2026-03-13;10842901.55
04897604000133;2026-03-13;5330812.70
04899128000190;2026-03-13;4201518443.16
04899165000106;2026-03-13;311024548.39
04899182000135;2026-03-12;130442237.43
04906948000161;2026-03-12;313300921.83
04912456000189;2026-03-12;4631590336.85
04934288000122;2026-03-13;104601060.98
04934293000135;2026-03-13;52090271.64
04934357000106;2026-03-13;19263203455.37
04937040000115;2026-03-03;919618225.86
04957589000171;2026-03-13;118318398.81
04965504000105;2026-03-13;11435518.44
04981711000145;2026-03-13;27404151.54
04982274000184;2026-03-13;259681879.31
05006152000115;2026-03-13;1678177176.14
05011902000147;2026-03-13;1213727876.42
05018037000160;2026-03-13;461878463.26
05023746000134;2026-03-13;30592590.51
05024581000115;2026-03-13;167040281.01
05024659000100;2026-03-13;15008362.54
05024715000106;2026-03-13;1440674967.15
05024727000122;2026-03-13;21294895.88
05024775000110;2026-03-13;47547631.75
05024903000126;2026-03-13;766693158.24
05024910000128;2026-03-12;95151467.82
05025886000141;2026-03-13;195296280.53
05025900000107;2026-03-13;34095248.90
05043204000123;2026-03-13;148844200.52
05044708000168;2026-03-13;29672489.01
05044718000101;2026-03-13;102117829.39
05053850000171;2026-03-12;27928359.73
05058237000147;2026-03-13;117109722.66
05061121000167;2026-03-13;12732388639.54
05063643000106;2026-03-13;17427814.44
05069379000100;2026-03-12;130652845.04
05073650000180;2026-03-13;1381798667.64
05073656000158;2026-03-13;44441275.96
05073662000105;2026-03-13;1075792.99
05075861000152;2026-03-13;59002134.93
05080623000135;2026-03-13;146651227.96
05084445000110;2026-03-13;112486104.05
05085727000132;2026-03-13;160263326.26
05086234000117;2026-03-12;13068585.03
05090705000160;2026-03-13;14467386.93
05090727000120;2026-03-13;653975933.81
05090740000180;2026-03-13;59416064.66
05090753000159;2026-03-13;24089075.61
05090757000137;2026-03-13;335291813.37
05090771000130;2026-03-13;168620869.67
05090778000152;2026-03-13;53600730.35
05090786000107;2026-03-13;2136130.20
05090817000111;2026-03-13;3699916.24
05090830000170;2026-03-13;1589401.28
05090867000107;2026-03-13;544034183.65
05090896000160;2026-03-13;9879360.31
05090913000160;2026-03-13;4317560.73
05090920000161;2026-03-13;11982998.76
05091122000154;2026-03-11;54800462.80
05091139000101;2026-03-12;601933137.06
05091397000198;2026-03-13;216938231.17
05091403000107;2026-03-13;189009518.75
05091407000195;2026-03-13;168593105.26
05092264000136;2026-03-13;177080504.59
05092294000142;2026-03-13;94861943.28
05092810000139;2026-03-13;80414402.83
05093004000185;2026-03-13;801100366.89
05093013000176;2026-03-12;94442698.16
05093031000158;2026-03-13;404358258.27
05097813000165;2026-03-13;499002750.53
05100191000187;2026-03-13;595566388.80
05100213000109;2026-03-13;65344517.24
05100221000155;2026-03-13;187565305.16
05100230000146;2026-03-13;598364891.55
05100234000124;2026-03-13;187589147.64
05102500000158;2026-03-13;950414834.41
05104498000156;2026-03-13;26132312.86
05107310000123;2026-03-13;338407624.00
05108305000135;2026-03-11;83495653.24
05108368000191;2026-03-12;17948085.44
05108379000171;2026-03-13;360477378.59
05108398000106;2026-03-13;292665709.81
05108403000172;2026-03-13;168815626.52
05109839000186;2026-03-13;45589475.31
05112343000161;2026-03-13;354006580.57
05112439000120;2026-03-13;239014359.04
05113533000101;2026-03-12;2277605869.39
05113546000172;2026-03-12;425857700.53
05113771000109;2026-03-12;275754644.10
05114396000111;2026-03-12;539168110.94
05114711000100;2026-03-13;20853672.03
05114716000133;2026-03-13;6552491684.90
05114733000170;2026-03-13;94696482.79
05116362000166;2026-03-12;66504938.90
05116459000179;2026-03-12;5369195856.25
05117292000160;2026-03-13;51256000.14
05117913000106;2026-03-13;13621342.92
05117996000133;2026-03-13;120914816.13
05119745000198;2026-03-13;259168794.20
05124921000180;2026-03-13;93174118.85
05132896000186;2026-03-13;1262384946.48
05132901000150;2026-03-13;5348012.10
05132916000119;2026-03-13;44283338.76
05134431000164;2026-03-13;404121332.77
05134438000186;2026-03-13;899680018.10
05140500000142;2026-03-13;19395897.73
05142777000104;2026-03-13;174585475.26
05149221000140;2026-03-13;65353625.37
05158545000144;2026-03-13;3253524.31
05159292000123;2026-03-13;45713917.55
05163131000103;2026-03-13;42478752.11
05164317000187;2026-03-12;155871150.45
05164325000123;2026-03-13;100912696.13
05164353000140;2026-03-13;659678953.25
05164356000184;2026-03-13;13135925696.32
05164358000173;2026-03-13;3325036338.93
05164361000197;2026-03-13;44598372.53
05164362000131;2026-03-13;201819973.68
05164364000120;2026-03-13;163564186.27
05164366000110;2026-03-13;4003298521.30
05164370000188;2026-03-13;23504989.61
05164372000177;2026-03-13;386824149.56
05164375000100;2026-03-13;15373074604.80
05164377000108;2026-03-13;94719174.56
05170419000105;2026-03-12;8389187993.14
05194812000139;2026-03-12;226827083.39
05194813000183;2026-03-13;380433109.45
05196208000141;2026-03-13;888834325.02
05200914000110;2026-03-13;696009261.30
05200921000111;2026-03-13;3532812926.46
05201532000100;2026-03-13;117208582.89
05207090000100;2026-03-12;1432858.40
05211523000109;2026-03-13;1940127663.86
05212008000135;2026-03-13;285560246.91
05217490000104;2026-03-12;1421742262.29
05222448000173;2026-03-13;7947174310.72
05222507000103;2026-03-12;42953377.94
05222509000100;2026-03-13;15070490.65
05222510000127;2026-03-13;46443982.62
05222533000131;2026-03-13;120406382.39
05222536000175;2026-03-13;13359871.44
05222538000164;2026-03-13;739468973.05
05222545000166;2026-03-13;1003699348.83
05222547000155;2026-03-13;64437032.88
05231562000160;2026-03-12;881916724.09
05231651000106;2026-03-13;2866649.36
05231760000123;2026-03-13;3011073437.17
05231769000134;2026-03-12;9610468788.22
05231773000100;2026-03-13;232998275.39
05274252000122;2026-03-13;76382989.45
05289237000158;2026-03-13;495575353.36
05290139000130;2026-03-13;20894338.38
05307497000109;2026-03-13;3776043.61
05307874000100;2026-03-13;109418972.98
05314811000180;2026-03-12;6103667.02
05316787000119;2026-03-12;2470305375.85
05317156000114;2026-03-13;26599873.41
05322696000196;2026-03-13;157821017.03
05324427000169;2026-03-13;223216137.27
05324449000129;2026-03-13;663056610.66
05326919000193;2026-03-13;649143525.27
05346352000117;2026-03-13;430619745.09
05357507000110;2026-03-13;114158372.42
05362670000171;2026-03-12;2981252368.53
05362674000150;2026-03-12;14362231.15
05380745000147;2026-03-13;185027493.97
05381676000196;2026-03-13;8949681.18
05381809000124;2026-03-13;485054052.68
05384841000163;2026-03-13;57525737.45
05388033000174;2026-03-13;83356450.88
05392300000187;2026-03-11;30835107.98
05395864000173;2026-03-13;65809451.88
05395898000168;2026-03-12;17315184.75
05395936000182;2026-03-13;26308076.44
05396695000196;2026-03-13;173032066.96
05396707000182;2026-03-13;80741325.93
05401257000179;2026-03-12;73149598.33
05401962000176;2026-03-13;227145712.01
05406585000168;2026-03-12;56570952.36
05419215000165;2026-03-13;9850492.19
05420135000120;2026-03-13;91262880.40
05426951000140;2026-03-13;526371920.37
05431584000173;2026-03-13;6450603.16
05441927000180;2026-03-13;19634886.29
05448587000110;2026-03-13;172937059.62
05458600000111;2026-03-12;198241081.46
05458910000136;2026-03-13;16286363.18
05458928000138;2026-03-12;889813611.87
05461721000112;2026-03-13;36770172.66
05464910000149;2026-03-13;222978301.61
05480352000105;2026-03-13;53965722.14
05480353000150;2026-03-13;50010161.89
05482325000171;2026-03-13;23959216.02
05491225000101;2026-03-13;38534225.55
05491230000114;2026-03-13;36234535.82
05491551000119;2026-03-13;15339236.15
05495393000175;2026-03-13;8926400.21
05497231000176;2026-03-13;36457488.03
05503706000190;2026-03-13;32500064.22
05508422000196;2026-03-13;146061413.22
05508504000130;2026-03-11;75312063.87
05508529000134;2026-03-13;342678937.71
05508550000130;2026-03-12;167545752.53
05510759000138;2026-03-13;27839243.24
05513181000173;2026-03-12;275681032.79
05513229000143;2026-03-12;6461195.40
05513332000193;2026-03-13;2130312914.63
05523348000187;2026-03-13;2001458034.68
05524130000147;2026-03-13;173298426.75
05532645000199;2026-03-13;6020702.60
05532649000177;2026-03-13;16988626.06
05535883000158;2026-03-13;876963.74
05536063000180;2026-03-13;18330044.77
05549144000115;2026-03-13;1195618367.91
05554339000153;2026-03-13;39380070.20
05563613000150;2026-03-13;63584493.60
05573298000142;2026-03-13;41396570.47
05575327000105;2026-03-13;5187330.76
05575445000113;2026-03-12;617787515.89
05575465000194;2026-03-13;1117760219.69
05575480000132;2026-03-09;0.35
05584030000106;2026-03-12;822938698.76
05584551000163;2026-03-13;1564813477.09
05584616000170;2026-03-12;77800939.65
05586694000104;2026-03-13;207559142.63
05586704000101;2026-03-13;984629637.24
05586710000169;2026-03-13;20121617.70
05589418000108;2026-03-13;390440831.45
05589424000157;2026-03-13;740616757.94
05589433000148;2026-03-13;41882469.35
05590804000101;2026-03-13;484110365.14
05591837000176;2026-03-13;1096012972.15
05592103000101;2026-03-13;740481823.72
05592116000180;2026-03-10;15312197571.35
05595259000146;2026-03-12;60220833.37
05595398000170;2026-03-13;12601396.81
05605879000119;2026-03-13;323903186.24
05615511000131;2026-03-13;348850339.63
05615522000111;2026-03-13;407210848.31
05615541000148;2026-03-13;352233591.16
05615621000101;2026-03-13;1533984877.42
05624592000136;2026-03-13;1388886.36
05627929000169;2026-03-13;996638678.23
05628739000166;2026-03-13;3351576128.99
05628772000196;2026-03-13;1333488.03
05628792000167;2026-03-13;1344083.01
05629454000140;2026-03-13;87148991.56
05629872000137;2026-03-13;16580949.44
05629888000140;2026-03-13;1329768.64
05629893000152;2026-03-13;13592077.49
05629904000102;2026-03-13;931068181.27
05629940000168;2026-03-13;310617155.76
05631933000109;2026-03-13;1385320.71
05635774000102;2026-03-12;63577986.83
05636365000120;2026-03-12;14934199.13
05642617000124;2026-03-12;1096238030.37
05645156000143;2026-03-13;9070207.50
05656536000183;2026-03-13;4820344.87
05681154000100;2026-03-13;3869142984.44
05682880000147;2026-03-13;23226531.40
05694242000146;2026-03-13;45230727.99
05697562000150;2026-03-13;4725291.46
05698839000169;2026-03-13;3948968762.21
05701082000115;2026-03-12;1055406794.06
05701758000170;2026-03-13;969683944.75
05744901000101;2026-03-13;263586373.24
05753141000107;2026-03-13;4338627.75
05753821000112;2026-03-12;442969598.10
05754026000149;2026-03-12;1575642838.28
05754033000140;2026-03-12;6949133546.76
05754041000197;2026-03-12;545142822.47
05754046000110;2026-03-12;1983318909.52
05754066000190;2026-03-13;6607322284.62
05754101000171;2026-03-12;12064230002.35
05755567000191;2026-03-13;400685854.91
05755769000133;2026-03-12;737196892.96
05756488000103;2026-03-13;54790117.71
05762725000130;2026-03-13;47821851.09
05764779000135;2026-03-13;19439338.96
05764785000192;2026-03-13;1148336482.92
05766862000143;2026-03-13;36087318.07
05775723000186;2026-03-13;7688112844.71
05775731000122;2026-03-13;16724114.24
05775774000108;2026-03-13;4800374378.14
05778214000107;2026-03-12;447025639.07
05785045000132;2026-03-13;942541267.28
05785188000144;2026-03-09;281113550.88
05786899000133;2026-03-13;10141657.75
05786931000180;2026-03-13;7059797580.28
05786938000100;2026-03-13;13091760405.04
05786944000150;2026-03-13;84154328.54
05802266000171;2026-03-13;98100256.17
05808851000189;2026-03-13;2983014845.44
05824217000130;2026-03-13;678862055.49
05832319000105;2026-03-13;695982494.58
05832360000173;2026-03-13;18373433295.33
05849352000130;2026-03-13;328597660.61
05849372000100;2026-03-13;10578259.62
05851880000123;2026-03-13;82290676.66
05855398000161;2026-03-13;2594241508.05
05857973000165;2026-03-13;39401025.80
05862817000192;2026-03-13;59231179.92
05862906000139;2026-03-13;793956455.07
05871539000130;2026-03-13;5941752.23
05872456000165;2026-03-13;698526456.68
05878458000161;2026-03-12;51577855.02
05892537000127;2026-03-13;65430912.19
05892566000199;2026-03-13;15097096.13
05898357000152;2026-03-12;22432177.16
05898514000120;2026-03-12;82994638.63
05898535000145;2026-03-11;32255334.82
05900607000141;2026-03-12;15927217.71
05900798000141;2026-03-13;356413215.55
05902468000195;2026-03-13;259105890.67
05902490000135;2026-03-13;7152921.28
05902493000179;2026-03-13;19373572.76
05902521000158;2026-03-13;2980365948.63
05903152000118;2026-03-13;57543734.16
05903160000164;2026-03-13;2768009.95
05906026000117;2026-03-13;2870214746.55
05906033000119;2026-03-13;68283353.31
05910030000159;2026-03-13;83482425.50
05911520000170;2026-03-13;16042654.68
05922462000180;2026-03-13;155733452.39
05923901000179;2026-03-13;1986417413.99
05926147000120;2026-03-12;27988869.08
05926162000179;2026-03-13;913547638.31
05936210000100;2026-03-13;53361774.66
05936530000160;2026-03-13;274283205.19
05937934000178;2026-03-13;861737488.83
05941167000170;2026-03-13;35962186.94
05941170000194;2026-03-13;35028249.73
05941739000111;2026-03-12;20518114.61
05943661000174;2026-03-13;37527722025.42
05949051000188;2026-03-13;3317875383.04
05951508000199;2026-03-13;1009985009.63
05954445000124;2026-03-13;1818431554.82
05954487000165;2026-03-13;126500361.65
05959219000136;2026-03-12;31753180.17
05962491000175;2026-03-13;508208581.56
05962544000158;2026-03-13;2719433.89
05964067000160;2026-03-12;631907908.81
05969595000101;2026-03-13;3285730.30
05971745000111;2026-03-13;2023894125.75
05971921000115;2026-03-13;2813892977.27
05975117000104;2026-03-13;12494514.47
05983533000154;2026-03-13;4063948556.71
05983545000189;2026-03-13;1124147.22
05983558000158;2026-03-13;115156459.87
05983569000138;2026-03-13;112386008.59
05983641000127;2026-03-13;104707959.13
05983660000153;2026-03-13;8750416.48
06001785000101;2026-03-13;28249333510.67
06001797000128;2026-03-13;1471034329.31
06004049000107;2026-03-13;173231611.74
06004210000134;2026-03-13;58259816.31
06006188000161;2026-03-13;50757901807.20
06008952000138;2026-03-13;5926674.69
06015361000198;2026-03-13;210103370.45
06015368000100;2026-03-13;4510515558.10
06015421000172;2026-03-13;459090905.51
06028596000114;2026-03-13;45526248.47
06032801000115;2026-03-12;135025185.47
06035405000141;2026-03-13;169584577.73
06035686000132;2026-03-13;43560006.49
06037357000120;2026-03-12;2309072497.06
06041290000106;2026-03-13;21518454.95
06041391000179;2026-03-12;224324172.43
06051151000155;2026-03-13;209997661.15
06064910000114;2026-03-13;273676259.05
06064913000158;2026-03-13;188610977.99
06066725000169;2026-03-12;6052086.69
06066907000130;2026-03-13;14816448558.00
06069957000170;2026-03-13;30876302.85
06070574000112;2026-03-13;271003084.21
06077638000107;2026-03-12;573797185.33
06081457000154;2026-03-13;8077941797.36
06081460000178;2026-03-13;248651402.54
06081465000109;2026-03-13;141969695.45
06081476000180;2026-03-13;94544872.30
06081490000184;2026-03-13;3810089877.78
06081503000115;2026-03-13;789724386.48
06084858000168;2026-03-13;11968852.24
06084861000181;2026-03-13;35049273276.18
06086398000107;2026-03-04;69563282.77
06086410000183;2026-03-13;624535319.52
06086684000172;2026-03-12;42607508.12
06092123000186;2026-03-13;29506895.65
06095361000145;2026-03-13;2365639140.30
06095367000112;2026-03-13;1125969824.47
06095369000101;2026-03-13;494693574.68
06095406000181;2026-03-13;2874365142.10
06095411000194;2026-03-13;2625594.84
06095416000117;2026-03-13;2628895.20
06095438000187;2026-03-13;267294188.36
06095452000180;2026-03-13;152869079.82
06118222000190;2026-03-13;51096907.09
06124241000129;2026-03-13;1406051389.69
06124248000140;2026-03-13;3148405.97
06124249000195;2026-03-13;86001580.98
06124253000153;2026-03-13;36223328.20
06126869000163;2026-03-12;937360.91
06127871000157;2026-03-12;61434317.04
06128183000101;2026-03-12;170368408.77
06134949000160;2026-03-13;239895276.69
06137840000187;2026-03-13;152569569.39
06157562000120;2026-03-12;108227487.19
06170624000133;2026-03-13;21732454.78
06170648000192;2026-03-13;8603137.32
06170653000103;2026-03-13;5826339.65
06170687000190;2026-03-13;37027665.03
06174847000179;2026-03-13;31059351.31
06175652000143;2026-03-13;516637059.78
06175696000173;2026-03-13;46678094308.69
06180170000181;2026-03-13;3209861.54
06184102000190;2026-03-13;11269445.57
06185715000142;2026-03-13;17349405.87
06185741000170;2026-03-13;2085724296.69
06190196000100;2026-03-13;4369006.57
06190263000197;2026-03-13;1647607.46
06190338000130;2026-03-13;2371580002.65
06190352000133;2026-03-12;3579468.84
06215101000166;2026-03-13;28457386.75
06224719000192;2026-03-12;19375216.89
06234238000168;2026-03-13;8737550.02
06234268000174;2026-03-13;7194463.82
06234360000134;2026-03-13;64998735.59
06235305000169;2026-03-13;5225268.77
06235449000115;2026-03-13;727585171.59
06241214000136;2026-03-13;96770630.94
06245549000122;2026-03-13;4113271.15
06251554000148;2026-03-13;126010393.66
06258544000134;2026-03-13;87763306.34
06275894000109;2026-03-13;259188992.64
06279728000180;2026-03-13;42683828.18
06279743000129;2026-03-12;25405636.92
06279820000140;2026-03-13;753214505.21
06279843000155;2026-03-13;20749354.67
06288668000162;2026-03-13;1197804222.47
06290634000102;2026-03-13;8443393.69
06290652000194;2026-03-12;39896082.42
06301947000119;2026-03-13;69278480.32
06331780000139;2026-03-12;32112798.76
06342396000131;2026-03-12;1141854090.56
06342412000196;2026-03-13;65514723.82
06346475000110;2026-03-12;191701208.31
06349816000101;2026-03-13;16720785.49
06375333000181;2026-03-11;202514506.62
06865916000190;2026-03-12;19141223.33
06866051000187;2026-03-13;2839297345.11
06866860000199;2026-03-13;9569667.15
06866868000155;2026-03-13;323722299.17
06866874000102;2026-03-10;28193267.01
06867811000170;2026-03-13;546259798.73
06867850000178;2026-03-13;8869078.65
06867854000156;2026-03-13;15376814.78
06871308000199;2026-03-12;317543503.23
06871833000104;2026-03-13;291119464.33
06877816000184;2026-03-13;343086308.97
06877846000190;2026-03-13;58480408.15
06877860000194;2026-03-13;5525220451.76
06877863000128;2026-03-12;6643023457.70
06885683000198;2026-03-13;40297828.14
06916384000173;2026-03-13;639365702.38
06916397000142;2026-03-13;84862172.20
06918966000199;2026-03-12;1128322925.08
06929716000154;2026-03-13;215341524.30
06935532000105;2026-03-13;32133971.47
06940782000125;2026-03-12;7347743.66
06953275000126;2026-03-13;12629463.36
06959024000159;2026-03-13;3836687.02
06964937000163;2026-03-13;505917283.44
06964949000198;2026-03-13;59444841.20
06969451000118;2026-03-13;1272854.23
06970336000163;2026-03-12;46979521.95
06974691000100;2026-03-12;68128649.42
06985322000113;2026-03-13;239980693.76
06988623000109;2026-03-13;220347214.73
07005290000105;2026-03-12;2464046.36
07005590000194;2026-03-13;4948183667.20
07013315000112;2026-03-13;86254882.08
07018136000178;2026-03-13;7145973.79
07033406000110;2026-03-13;27984215.45
07046169000121;2026-03-13;568364083.95
07047842000148;2026-03-13;170151972.64
07048624000128;2026-03-12;20892896.01
07048645000143;2026-03-11;128032369.92
07050946000101;2026-03-13;12282460.39
07058057000190;2026-03-12;1509221752.61
07058135000157;2026-03-13;207593475.76
07058178000132;2026-03-12;24366306.55
07058194000125;2026-03-13;13763741.39
07060698000180;2026-03-13;16026485.63
07077991000150;2026-03-12;23960007.89
07088369000147;2026-03-13;53791521.05
07089225000105;2026-03-12;23824292.88
07094389000120;2026-03-13;7519151.74
07096435000120;2026-03-13;26375264222.47
07096468000170;2026-03-13;19325771.48
07096479000150;2026-03-13;29181719.19
07096486000152;2026-03-13;495712173.97
07096546000137;2026-03-13;239065383.07
07096907000145;2026-03-13;2071228898.06
07098295000120;2026-03-13;17517712.89
07098323000109;2026-03-13;1311836603.61
07098360000117;2026-03-13;88398284.29
07103364000146;2026-03-13;38813228390.10
07104761000132;2026-03-13;165644156.05
07104783000100;2026-03-13;70559919.47
07104788000125;2026-03-13;133650859.81
07104801000146;2026-03-16;0.00
07110963000197;2026-03-13;4646643067.91
07110975000111;2026-03-13;4646555833.24
07111384000169;2026-03-13;2759085461.87
07124064000143;2026-03-13;62207740.08
07152165000128;2026-03-13;19204354.73
07152170000130;2026-03-13;212826886.10
07158129000171;2026-03-13;43512856.86
07160694000173;2026-03-13;9576448468.85
07165347000133;2026-03-13;8687192551.48
07174129000165;2026-03-12;157010796.97
07177193000108;2026-03-13;71993278.93
07177573000134;2026-03-13;8071120.00
07179624000167;2026-03-13;101998008.18
07184884000120;2026-03-13;199987091.99
07184920000156;2026-03-13;40782405.95
07184938000158;2026-03-13;424952701.50
07187466000197;2026-03-12;1105538845.29
07187470000155;2026-03-13;21849967.55
07187482000180;2026-03-13;53995247.18
07187517000180;2026-03-13;388976303.29
07187542000164;2026-03-13;12807798986.97
07187548000131;2026-03-13;40866830631.60
07187570000181;2026-03-13;45119039.90
07187591000105;2026-03-13;54401255.33
07187751000108;2026-03-13;9472236.35
07187804000190;2026-03-13;2034415.24
07190395000181;2026-03-12;17623917.97
07190429000138;2026-03-13;146907494.52
07190444000186;2026-03-13;1114376.59
07190624000168;2026-03-13;70225300.31
07190731000196;2026-03-13;6844513.32
07190735000174;2026-03-13;385130682.70
07190746000154;2026-03-13;383258084.38
07192293000103;2026-03-12;293997916.69
07192319000105;2026-03-13;3180955.19
07192386000120;2026-03-13;29427182.04
07192395000110;2026-03-13;1145809794.67
07192409000104;2026-03-13;3665615289.31
07194559000149;2026-03-13;12848180.25
07195440000190;2026-03-13;69575167.18
07199199000178;2026-03-13;22712321.34
07199289000169;2026-03-13;677016616.90
07199328000128;2026-03-12;236914271.94
07199384000162;2026-03-13;53584594.46
07205740000103;2026-03-13;77772370.50
07214377000192;2026-03-13;20037116982.32
07266253000150;2026-03-13;9579265.48
07277931000180;2026-03-13;2553214618.70
07279657000189;2026-03-13;205820787.65
07279819000189;2026-03-13;31715548.35
07287126000138;2026-03-13;1003557413.98
07287538000178;2026-03-12;260322098.28
07287884000156;2026-03-12;118509612.78
07287974000147;2026-03-12;30639289.24
07288048000196;2026-03-12;153949871.63
07315510000105;2026-03-12;229954794.09
07317588000150;2026-03-13;223008832.66
07322826000116;2026-03-13;9078555893.32
07324731000131;2026-03-12;19752437.68
07325028000148;2026-03-13;8507339.81
07325043000196;2026-03-13;172545006.17
07325929000130;2026-03-12;5010040965.33
07336677000144;2026-03-13;28036000.36
07338005000178;2026-03-13;181850198.22
07347330000105;2026-03-13;521648923.37
07351138000184;2026-03-13;99262782.53
07364082000100;2026-03-12;1264721843.89
07364099000150;2026-03-12;203438868.81
07364139000163;2026-03-12;445105453.10
07364744000134;2026-03-12;5660867.76
07364756000169;2026-03-12;233594649.64
07364774000140;2026-03-13;364978997.07
07364788000164;2026-03-13;272853392.15
07371945000169;2026-03-13;103736438.03
07376622000168;2026-03-13;4081780164.36
07376629000180;2026-03-13;255459393.76
07376653000119;2026-03-13;297008927.71
07376660000110;2026-03-13;978439015.68
07376728000161;2026-03-13;4522237.84
07377701000193;2026-03-13;304590295.06
07377703000182;2026-03-12;910200055.58
07381653000107;2026-03-13;66107593.37
07381796000119;2026-03-13;0.00
07382593000147;2026-03-12;71604509.89
07400529000141;2026-03-13;1038699006.57
07400556000114;2026-03-12;39629673.05
07400588000110;2026-03-13;128619571.99
07400594000177;2026-03-13;134530370.72
07400612000110;2026-03-13;112253291.33
07400616000107;2026-03-13;25996704.06
07400636000170;2026-03-13;215267485.93
07406004000113;2026-03-12;49303292.78
07408525000100;2026-03-13;34491169925.48
07420547000195;2026-03-12;1297522626.34
07420595000183;2026-03-13;10630840.58
07420608000114;2026-03-13;3991639.38
07442078000105;2026-03-13;2488379897.54
07455460000153;2026-03-13;51362732.85
07455507000189;2026-03-13;5749923811.57
07455788000170;2026-03-13;44765778.07
07455830000152;2026-03-10;167198414.49
07456876000196;2026-03-13;12649241.66
07470226000103;2026-03-12;38211201.03
07470234000141;2026-03-12;22792881.28
07470268000136;2026-03-13;188537401.96
07471762000115;2026-03-13;297341788.77
07488106000125;2026-03-12;371132886.08
07490284000190;2026-03-13;250263547.37
07495851000100;2026-03-13;75540630.78
07504907000137;2026-03-12;219828849.35
07512856000195;2026-03-12;42352174.60
07522163000183;2026-03-13;76905823.44
07524130000172;2026-03-12;5115911.11
07535807000178;2026-03-12;53295815.31
07535827000149;2026-03-12;2708200.24
07535843000131;2026-03-13;545519493.55
07539297000107;2026-03-13;10948974.85
07539298000151;2026-03-13;1214727102.97
07541281000139;2026-03-13;643361649.20
07552643000197;2026-03-13;23846475.34
07583005000133;2026-03-13;41222832.09
07586737000187;2026-03-13;736463864.96
07586786000110;2026-03-13;2890255.01
07593967000173;2026-03-13;34111554483.09
07593972000186;2026-03-13;251242353091.86
07593976000164;2026-03-13;1242770533.96
07643106000152;2026-03-12;437570583.94
07643168000164;2026-03-13;12173528.52
07644989000115;2026-03-13;133028680.08
07645498000199;2026-03-13;348981875.98
07647174000190;2026-03-13;854330930.38
07647416000145;2026-03-13;5295565.77
07647609000104;2026-03-13;3552446567.21
07647764000112;2026-03-13;836088554.89
07647772000169;2026-03-13;836911951.21
07648688000160;2026-03-13;40725047.43
07652666000173;2026-03-13;17374074.73
07657408000180;2026-03-13;3143136.68
07657626000114;2026-03-13;14224929.05
07657641000162;2026-03-13;4973332.88
07657700000100;2026-03-13;22462161.17
07658381000140;2026-03-13;23188301.48
07658553000185;2026-03-13;145474794.17
07658604000179;2026-03-13;51475831.42
07658922000130;2026-03-13;226360704.93
07660179000152;2026-03-13;651805142.05
07661433000137;2026-03-12;14680675.97
07661455000105;2026-03-13;22784099.08
07661519000160;2026-03-12;3593407.06
07661541000100;2026-03-13;37868567.44
07663554000118;2026-03-12;91138365.88
07663592000170;2026-03-12;258650583.73
07663659000177;2026-03-12;22033525.95
07663692000105;2026-03-13;118523275.33
07663801000186;2026-03-13;21003549.21
07664177000131;2026-03-12;32117102.03
07665528000129;2026-03-13;24109998.65
07667163000171;2026-03-13;130201582.73
07667179000184;2026-03-12;103699251.02
07667213000110;2026-03-13;5949279.38
07667245000116;2026-03-13;5949377.15
07667259000130;2026-03-13;4092778817.20
07667274000188;2026-03-13;1737069.73
07667299000181;2026-03-13;1277611.34
07667341000164;2026-03-13;2435243.02
07667369000100;2026-03-13;38458416.85
07667382000150;2026-03-13;678290971.82
07667508000197;2026-03-13;5878223569.02
07667550000108;2026-03-12;85130439.13
07667580000114;2026-03-12;30965236.72
07667620000128;2026-03-13;87532005.39
07670115000132;2026-03-13;29719470.27
07670184000146;2026-03-13;223043666.80
07670192000192;2026-03-13;193310390.97
07672198000107;2026-03-13;76292596.35
07672359000154;2026-03-13;38070117.28
07672392000184;2026-03-13;9449786.09
07686658000148;2026-03-13;25746261.26
07686680000198;2026-03-13;25884468.62
07707678000158;2026-03-13;3873881.84
07707684000105;2026-03-06;1770476808.48
07707747000123;2026-03-13;274256601.66
07722353000144;2026-03-13;1689026.63
07725510000175;2026-03-12;52082863.39
07725529000111;2026-03-13;557389440.50
07725538000102;2026-03-13;615111262.69
07727582000151;2026-03-13;86978484.25
07733030000156;2026-03-12;109416444.61
07738252000161;2026-03-13;14180825.19
07738835000192;2026-03-13;28793681.45
07742531000107;2026-03-13;193352250.30
07742582000120;2026-03-12;25533962.29
07742597000199;2026-03-13;41286988.10
07753199000178;2026-03-10;39860939.74
07792428000163;2026-03-11;966508303.84
07792620000150;2026-03-12;84096187.01
07793469000174;2026-03-13;1982488023.40
07793733000170;2026-03-12;44511786.39
07801671000109;2026-03-13;61954176.48
07805279000120;2026-03-13;2020933.18
07810479000170;2026-03-13;62938953.52
07812369000148;2026-03-13;123635189.69
07822154000108;2026-03-13;17069431.23
07824001000108;2026-03-13;103559318.17
07830005000190;2026-03-12;195663885.93
07836157000109;2026-03-13;44787035.49
07836161000169;2026-03-13;630014737.84
07838652000149;2026-03-13;43817682.77
07838791000172;2026-03-13;76691200.09
07841371000145;2026-03-13;6493814.76
07849454000180;2026-03-13;44632698.86
07855873000125;2026-03-13;22355443.35
07858021000191;2026-03-13;218963977.19
07861554000122;2026-03-13;540494951.78
07861571000160;2026-03-13;348628339.54
07865739000105;2026-03-13;48008284.01
07875686000103;2026-03-13;18860060.50
07877986000121;2026-03-13;324831899.63
07878302000106;2026-03-13;118331331.96
07882792000114;2026-03-13;464519488.53
07883013000103;2026-03-13;16746109.97
07887001000149;2026-03-05;3522495388.80
07889693000164;2026-03-13;1257837.04
07889704000106;2026-03-13;20017161.80
07892298000130;2026-03-13;207351891.87
07892305000102;2026-03-13;4006860.41
07892335000100;2026-03-13;1209232986.58
07892341000168;2026-03-13;6333731193.64
07894727000109;2026-03-13;15395633.72
07895034000130;2026-03-13;91924181.57
07895044000176;2026-03-13;1753964.40
07895082000129;2026-03-13;99320284.32
07895087000151;2026-03-13;17805455.85
07895093000109;2026-03-13;1768300.25
07897907000144;2026-03-13;1628832.61
07897912000157;2026-03-13;6841085.65
07899238000140;2026-03-13;92720382.52
07900255000150;2026-03-12;109473532.41
07904994000110;2026-03-12;20619418.61
07906349000136;2026-03-13;176222193.11
07907396000102;2026-03-13;7397961781.17
07911479000167;2026-03-12;68034395.59
07913512000198;2026-03-12;342682731.35
07914758000184;2026-03-13;38452849.09
07914836000140;2026-03-13;2800088.46
07914903000127;2026-03-13;463283935.87
07919956000130;2026-03-13;36193552557.84
07928809000127;2026-03-13;92119944.31
07928858000160;2026-03-12;33706040.96
07928916000155;2026-03-13;2250328839.12
07936663000161;2026-03-13;47242262.56
07938843000182;2026-03-13;4793698202.70
07939851000143;2026-03-13;4655755532.85
07946573000151;2026-03-13;47970575.59
07965741000156;2026-03-13;85644047.53
07966986000106;2026-03-13;21469979848.69
07967080000106;2026-03-13;6622945.55
07967155000140;2026-03-13;7185319.23
07967159000129;2026-03-13;341099358.81
07967267000100;2026-03-13;170603035.57
07967550000123;2026-03-12;47785351.26
07967589000140;2026-03-13;3890116433.73
07973152000110;2026-03-13;5191414531.11
07985878000172;2026-03-12;24765135.40
07986172000125;2026-03-13;42051160.26
07986178000100;2026-03-13;122755772.86
07986196000184;2026-03-12;14999911.26
07990085000141;2026-03-13;413091934.86
07995583000187;2026-03-13;177366338.99
07995631000137;2026-03-13;1138954778.37
07996510000100;2026-03-13;7381083.45
08001060000130;2026-03-13;209241219.64
08004639000157;2026-03-13;31365660.50
08009138000163;2026-03-12;45960803.27
08009152000167;2026-03-13;1559936068.46
08009278000131;2026-03-13;3897616.42
08009286000188;2026-03-13;2477520.82
08009410000105;2026-03-13;3031569.21
08018849000102;2026-03-13;5119986.87
08018914000191;2026-03-13;1646569.43
08035673000199;2026-03-12;6539180.44
08035716000136;2026-03-12;570070454.82
08038910000175;2026-03-13;84164269.94
08046355000123;2026-03-13;37096405.00
08046399000153;2026-03-12;238781786.07
08046407000161;2026-03-12;493659561.03
08046433000190;2026-03-12;104038419.04
08053594000100;2026-03-13;6550007.36
08056837000164;2026-03-16;86329803.54
08056839000153;2026-03-16;7203026.55
08058615000180;2026-03-13;43778912.30
08058757000148;2026-03-13;134628141.06
08070787000170;2026-03-12;30736486.57
08070833000130;2026-03-12;64352337.07
08070838000163;2026-03-13;2360221.38
08070841000187;2026-03-13;886280575.68
08070846000100;2026-03-12;9635628727.78
08070860000103;2026-03-12;393429370.15
08074680000108;2026-03-13;2930490.60
08077348000199;2026-03-13;18609916.92
08078462000133;2026-03-13;43602658.42
08078571000150;2026-03-13;7454455.85
08080680000102;2026-03-13;527457791.49
08087377000131;2026-03-13;73166337.17
08112276000173;2026-03-13;77482753.14
08140054000164;2026-03-13;113083629.44
08151099000134;2026-03-13;11724501.05
08151311000163;2026-03-13;195988281.24
08154725000146;2026-03-12;12071058.05
08155938000192;2026-03-13;103660088.93
08156628000192;2026-03-13;1530627529.91
08160769000189;2026-03-12;26550347.08
08160794000162;2026-03-13;117442255.90
08165964000100;2026-03-03;0.00
08166002000167;2026-03-13;3193692.27
08166078000192;2026-03-13;4776722.72
08170116000180;2026-03-13;40825393.50
08196003000154;2026-03-12;34642845701.30
08202253000150;2026-03-13;36180380.33
08209013000187;2026-03-13;50028479.43
08212681000163;2026-03-13;49810763744.34
08215807000153;2026-03-13;3352555.90
08243998000167;2026-03-13;46851698.86
08244542000111;2026-03-13;39778921.59
08244560000101;2026-03-13;8546733.83
08244567000115;2026-03-13;5519648338.27
08244575000161;2026-03-13;2829038.76
08244589000185;2026-03-13;36934922.74
08246263000197;2026-03-13;347324518.80
08246279000108;2026-03-13;1573449.47
08246287000146;2026-03-13;123037025.04
08246301000101;2026-03-13;3361591.81
08246318000169;2026-03-13;99481227.54
08252580000116;2026-03-12;21378875.42
08254183000183;2026-03-12;400291016.39
08258416000116;2026-03-13;1355151.45
08258421000129;2026-03-13;6090007.20
08258431000164;2026-03-13;62119821.49
08262956000173;2026-03-13;0.00
08266261000160;2026-03-13;96599340.35
08266344000159;2026-03-13;58003221.61
08275369000119;2026-03-12;35489800.37
08276816000154;2026-03-12;147180534.70
08276825000145;2026-03-12;122449611.80
08277605000136;2026-03-13;5306929.58
08278736000138;2026-03-10;247657058.92
08278743000130;2026-03-13;16686680.84
08278775000135;2026-03-13;65098963.37
08278792000172;2026-03-13;49826042.20
08279304000141;2026-03-13;0.00
08279386000124;2026-03-13;7046923.70
08296706000154;2026-03-05;86097535.22
08296871000106;2026-03-13;87512805.46
08296906000107;2026-03-13;472177042.06
08297722000161;2026-03-10;10120164.06
08323402000139;2026-03-13;109634107.25
08336054000134;2026-03-13;185214269.12
08343646000183;2026-03-12;24405073.91
08370193000184;2026-03-13;44341315.09
08382926000109;2026-03-13;35499082.65
08387157000123;2026-03-12;1937153.73
08389857000157;2026-03-13;1090233686.66
08393876000157;2026-03-13;1149585.74
08395650000195;2026-03-13;10045627.41
08399467000168;2026-03-12;68124367.50
08399811000119;2026-03-13;11266565385.85
08417908000107;2026-03-13;10816277.08
08417967000185;2026-03-13;8666586.44
08418050000103;2026-03-13;2313106654.43
08418132000140;2026-03-13;46365042.56
08418142000185;2026-03-13;1730643.80
08418151000176;2026-03-13;23289011051.30
08418197000195;2026-03-13;418668789.90
08418207000192;2026-03-13;2239594.14
08418602000175;2026-03-13;51078998.50
08427794000186;2026-03-13;7631136.63
08432295000187;2026-03-13;7061232.89
08435262000190;2026-03-13;31098767.10
08435266000179;2026-03-13;36620073.70
08435270000137;2026-03-13;19188435.83
08448646000148;2026-03-13;85681520.31
08453371000130;2026-03-13;225008981.38
08458646000129;2026-03-12;119297852.34
08464626000160;2026-03-12;1288684038.95
08468592000182;2026-03-13;50808427.59
08471087000197;2026-03-12;33927946.86
08471206000101;2026-03-13;33808012.57
08484114000166;2026-03-12;75934386.68
08507696000159;2026-03-13;169280953.54
08516671000111;2026-03-12;43101189.84
08529560000140;2026-03-13;29974760.12
08530317000141;2026-03-13;1164102117.59
08532552000152;2026-03-13;11598162.39
08532563000132;2026-03-13;46154916.22
08532576000101;2026-03-13;38277859.08
08532592000102;2026-03-13;142845792.89
08533743000139;2026-03-12;1836225.68
08537625000107;2026-03-12;36985574.64
08537800000158;2026-03-13;28375086.82
08541570000109;2026-03-13;170485076.47
08543113000145;2026-03-12;284167452.29
08543114000190;2026-03-13;68476399.50
08543127000169;2026-03-13;37984157.42
08543313000106;2026-03-13;307679304.73
08543326000177;2026-03-13;1229083262.02
08543389000123;2026-03-13;9215577.11
08545330000174;2026-03-13;1402729.62
08545621000162;2026-03-13;766895311.13
08545860000112;2026-03-13;2274744955.45
08575738000199;2026-03-13;24789362.87
08576322000195;2026-03-13;9606368932.53
08608370000118;2026-03-12;133761738.24
08610270000126;2026-03-13;2442268573.95
08611207000104;2026-03-13;10612523.15
08611346000138;2026-03-13;408770276.61
08611393000181;2026-03-12;493720028.36
08611409000156;2026-03-13;47648978.53
08613276000157;2026-03-13;38597917.45
08613315000116;2026-03-13;36425384.91
08616592000182;2026-03-13;39013617.35
08616595000116;2026-03-13;9486624.70
08616632000196;2026-03-13;35965294.41
08620982000126;2026-03-12;3605915349.34
08621422000196;2026-03-13;8182319.78
08621501000105;2026-03-13;102817767.99
08623557000190;2026-03-13;2728639.26
08626141000126;2026-03-13;140120543.18
08627079000197;2026-03-13;5617123973.07
08627607000108;2026-03-13;12497274.35
08627676000111;2026-03-13;18030341.09
08627715000180;2026-03-13;92032160.20
08627727000105;2026-03-13;75671587.15
08628945000164;2026-03-13;10695862.54
08629012000191;2026-03-13;527979270.07
08629018000169;2026-03-13;81993873.01
08639942000126;2026-03-13;2070115177.65
08645144000107;2026-03-13;29472168.39
08648673000164;2026-03-13;803364324.79
08648690000100;2026-03-11;1029479909.06
08661367000168;2026-03-12;465061369.93
08669394000187;2026-03-13;744616536.05
08669662000160;2026-03-13;90262630.49
08671980000166;2026-03-13;5791930.97
08673615000190;2026-03-13;865747299.20
08674732000179;2026-03-13;26832780.84
08674801000144;2026-03-13;2768996.82
08680812000137;2026-03-13;877587395.63
08680817000160;2026-03-13;11381298.12
08680834000105;2026-03-12;14747708.10
08690355000161;2026-03-13;77659067.45
08692909000160;2026-03-13;38126346.11
08697899000155;2026-03-11;27318525.80
08697944000171;2026-03-13;34766431.35
08697967000186;2026-03-13;4156926.66
08699452000115;2026-03-12;86133479.45
08699519000111;2026-03-13;2566586.35
08702251000120;2026-03-13;5066396.33
08702303000168;2026-03-13;50479046.46
08702613000182;2026-03-13;4677570.27
08702647000177;2026-03-13;1956718.25
08702798000125;2026-03-13;150651005.14
08702804000144;2026-03-13;592652431.64
08702982000175;2026-03-13;10544463.29
08703063000116;2026-03-13;1077142769.04
08703177000166;2026-03-13;24158671.19
08707235000120;2026-03-13;11948502.45
08708333000181;2026-03-13;36283730.79
08708502000183;2026-03-13;17516664.40
08708941000196;2026-03-13;22228292.26
08709003000100;2026-03-02;41290326.92
08740281000120;2026-03-12;19511592.63
08741792000167;2026-03-13;12812515.59
08744323000100;2026-03-12;22329811.76
08744334000181;2026-03-12;121740295.10
08744339000104;2026-03-12;87261186.55
08744355000105;2026-03-12;81247124.90
08744460000136;2026-03-13;3039424.39
08744969000189;2026-03-13;224006903.86
08747748000164;2026-03-13;28118776.17
08747753000177;2026-03-13;104815330.21
08749127000110;2026-03-13;81013048.94
08749140000179;2026-03-13;40037523.28
08756255000190;2026-03-13;3107130.34
08756265000126;2026-03-13;1179416847.02
08757682000193;2026-03-12;8809595.01
08757697000151;2026-03-12;127956468.39
08759871000103;2026-03-12;210896997.99
08759915000197;2026-03-13;417114845.35
08767024000182;2026-03-13;81730438.26
08767818000146;2026-03-12;33763303.89
08768381000165;2026-03-13;17270456.83
08770806000170;2026-03-13;132272441.80
08770815000161;2026-03-12;178205619.86
08771538000101;2026-03-13;88660492.62
08771663000111;2026-03-12;79332514.81
08771962000156;2026-03-12;33510385821.76
08771975000125;2026-03-13;6031986858.54
08773281000127;2026-03-12;16690578.89
08776308000135;2026-03-12;49775386.04
08785841000163;2026-03-13;17708837.11
08799265000103;2026-03-13;94306743.75
08799304000172;2026-03-13;67991456.47
08799308000150;2026-03-12;82707676.88
08799315000152;2026-03-12;162982699.75
08800532000115;2026-03-13;46106048.77
08804108000149;2026-03-13;672559339.23
08807608000134;2026-03-13;86069596.70
08807626000116;2026-03-13;21029296.20
08807630000184;2026-03-13;66314502.86
08813564000155;2026-03-13;36655323.39
08814431000101;2026-03-12;7854808.14
08814754000197;2026-03-13;8771683.12
08815386000100;2026-03-13;10861492.46
08815393000101;2026-03-13;58984596.06
08817414000110;2026-03-13;158889726.92
08817456000150;2026-03-13;333445548.82
08817499000136;2026-03-13;449878356.63
08817807000123;2026-03-13;92927919.98
08818471000113;2026-03-11;9095673.18
08820430000161;2026-03-13;17064836.64
08822067000113;2026-03-13;189037845.46
08822151000137;2026-03-13;43218921.89
08822331000119;2026-03-12;21438450.01
08823570000193;2026-03-13;123921194.79
08824167000189;2026-03-13;33227524.96
08826683000142;2026-03-12;9764641.20
08828112000147;2026-03-13;9391121.25
08828382000158;2026-03-13;142195082.46
08828888000167;2026-03-13;112702110.66
08830058000174;2026-03-16;0.00
08830947000131;2026-03-13;2456838775.34
08831466000140;2026-03-13;128606637.47
08831574000113;2026-03-13;2304040475.23
08831681000141;2026-03-12;67511123.95
08833547000180;2026-03-13;18956619.24
08833562000128;2026-03-12;27230824.95
08843959000109;2026-03-13;341122730.59
08845635000100;2026-03-12;67441217.73
08853235000138;2026-03-12;208802829.26
08853256000153;2026-03-12;299892935.36
08853268000188;2026-03-12;105380607.98
08867993000105;2026-03-13;62682235.38
08868000000110;2026-03-13;46694882.48
08868189000140;2026-03-13;24802978.17
08868276000106;2026-03-13;90325935.87
08868293000135;2026-03-13;261356274.04
08868449000188;2026-03-13;47566612.17
08868453000146;2026-03-13;48225781.11
08868484000105;2026-03-13;13154085.57
08869576000100;2026-03-12;19210808.32
08875004000125;2026-03-13;11159158.95
08875020000118;2026-03-13;1245478597.71
08893082000152;2026-03-13;138583132.24
08893093000132;2026-03-13;16224444.36
08893097000110;2026-03-12;86211888.58
08893161000163;2026-03-13;242832468.50
08893167000130;2026-03-13;71964578.31
08893169000120;2026-03-13;64171972.49
08893172000143;2026-03-13;1634605.53
08893177000176;2026-03-12;18417933.36
08893225000126;2026-03-13;54390103.29
08900302000128;2026-03-13;1313114.91
08900387000144;2026-03-13;2839508.80
08900498000150;2026-03-13;24831049.42
08904080000111;2026-03-13;128246704.82
08909429000108;2026-03-12;1291820.06
08912569000135;2026-03-13;28776844.65
08912591000185;2026-03-13;35901643.72
08913138000193;2026-03-12;24115002.70
08913169000144;2026-03-13;3985744.45
08913176000146;2026-03-13;1607614.17
08913187000126;2026-03-13;26140211.62
08915198000145;2026-03-12;3371396.89
08915312000137;2026-03-13;62334672.24
08915835000183;2026-03-13;1663071.59
08915842000185;2026-03-13;13902017.59
08915923000185;2026-03-12;753445596.30
08915927000163;2026-03-13;28060647691.73
08916887000174;2026-03-12;35069974.32
08918379000125;2026-03-13;25745266.37
08918382000149;2026-03-13;42557188.86
08918752000148;2026-03-13;22155985.86
08920983000196;2026-03-13;7517574.42
08920987000174;2026-03-12;55747013.71
08920991000132;2026-03-13;353676355.93
08927292000114;2026-03-13;69312515.63
08927305000155;2026-03-13;25388738.06
08927310000168;2026-03-13;67568140.39
08927314000146;2026-03-13;5529349.87
08927318000124;2026-03-13;3839728.57
08927387000138;2026-03-13;74216119.53
08927393000195;2026-03-13;426860815.68
08927403000192;2026-03-13;2340296.63
08927452000125;2026-03-13;287020345.86
08927454000114;2026-03-13;5482150.32
08927471000151;2026-03-13;69324709.98
08927481000197;2026-03-13;53869366.82
08927496000155;2026-03-13;122079597.87
08927549000138;2026-03-13;69718602.75
08927551000107;2026-03-13;400116417.81
08927553000104;2026-03-12;113554298.38
08927574000111;2026-03-13;28622912.91
08929658000194;2026-03-13;79878951.46
08931953000185;2026-03-13;86390628.95
08935128000159;2026-03-13;5859373220.00
08935352000140;2026-03-13;21072726.87
08935364000175;2026-03-13;2453066526.95
08939962000112;2026-03-13;70202106.35
08939965000156;2026-03-13;52118074.59
08939984000182;2026-03-13;2096671.16
08939999000140;2026-03-13;5837133.44
08940030000190;2026-03-13;1188141535.05
08940177000180;2026-03-11;21320901.94
08940189000104;2026-03-13;36915373.70
08944433000107;2026-03-13;18976387.51
08944436000140;2026-03-13;9061863.99
08944708000102;2026-03-12;91092141.13
08944896000179;2026-03-12;123838287.61
08960971000195;2026-03-13;1485685235.66
08960978000107;2026-03-13;235387130.05
08968397000111;2026-03-13;59049827.39
08968733000126;2026-03-13;96177454.35
08969635000103;2026-03-13;568968371.22
08969645000149;2026-03-13;24274670.56
08971898000157;2026-03-12;459377235.28
08973048000198;2026-03-13;6547482.71
08973255000142;2026-03-13;115824386.65
08973371000161;2026-03-13;33194181.64
08973437000113;2026-03-13;37451926.41
08973915000195;2026-03-13;98752455.73
08973918000129;2026-03-13;644796679.72
08973939000144;2026-03-13;40994775.80
08973942000168;2026-03-13;40989044.14
08973948000135;2026-03-13;140441758.08
08973951000159;2026-03-13;98742980.90
08973959000115;2026-03-13;140452904.84
08973963000183;2026-03-13;304075219.88
08974483000137;2026-03-13;17164066.22
08980715000160;2026-03-13;168208403.33
08983443000151;2026-03-13;330060719.58
08984821000111;2026-03-12;86568557.37
08998851000187;2026-03-13;107797042.43
08999068000138;2026-03-13;1760622.93
08999284000183;2026-03-12;1117330.25
08999309000149;2026-03-13;9779939.91
09005823000184;2026-03-13;204874614.38
09005838000142;2026-03-13;14423899.61
09009733000161;2026-03-13;103888055.14
09012267000173;2026-03-13;58837542.20
09012280000122;2026-03-13;96411504.75
09013304000168;2026-03-13;228533541.81
09013472000153;2026-03-12;189219037.59
09021845000138;2026-03-13;1194607929.20
09022044000197;2026-03-13;5062808.47
09051595000189;2026-03-12;2878479.89
09075440000182;2026-03-13;367336994.71
09075529000149;2026-03-13;768921659.22
09075550000144;2026-03-12;57943308.33
09075563000113;2026-03-12;205124556.57
09075575000148;2026-03-13;37211859.85
09075867000180;2026-03-13;317088540.69
09076056000102;2026-03-12;16408951.61
09076297000143;2026-03-12;8639886.91
09077585000112;2026-03-12;113469547.01
09079442000140;2026-03-13;43099197.93
09083848000104;2026-03-12;128902787.49
09083998000100;2026-03-13;1001561.67
09087301000179;2026-03-13;93439880.18
09087314000148;2026-03-13;13350435.47
09087483000188;2026-03-13;22232194.87
09087500000187;2026-03-13;5312333.90
09087515000145;2026-03-13;128888796.82
09087523000191;2026-03-13;42346979.69
09087540000129;2026-03-13;3589306.04
09087550000164;2026-03-13;206086657.05
09087590000106;2026-03-13;9602307.84
09087618000105;2026-03-13;137630044.18
09087708000104;2026-03-13;92309337.05
09087799000170;2026-03-13;429894116.83
09093537000118;2026-03-13;303398811.27
09093658000160;2026-03-13;18651362.15
09093679000185;2026-03-13;3421350156.14
09093690000145;2026-03-13;14020126.53
09093697000167;2026-03-13;54043581.39
09093715000100;2026-03-13;8966171.54
09093749000103;2026-03-13;26870963.29
09093757000141;2026-03-13;561916826.88
09093819000115;2026-03-13;1336701664.75
09093844000107;2026-03-13;1651444.87
09093871000171;2026-03-12;258393175.37
09093883000104;2026-03-13;18347658015.70
09093896000175;2026-03-13;727118777.80
09093938000178;2026-03-13;23657087.09
09093967000130;2026-03-13;251992391.97
09094073000164;2026-03-13;125691851.99
09094081000100;2026-03-13;36408306.32
09094118000109;2026-03-13;116726620.90
09094156000153;2026-03-13;497896552.57
09101381000170;2026-03-09;41445688.80
09101386000100;2026-03-11;56603552.24
09101459000156;2026-03-13;774777060.47
09110217000129;2026-03-12;29584192.67
09120756000149;2026-03-13;466260674.82
09120774000120;2026-03-13;118792981.02
09120778000109;2026-03-13;2381352055.69
09121886000104;2026-03-13;91670908.53
09121892000153;2026-03-12;1980180301.77
09125128000156;2026-03-13;1698567321.99
09125134000103;2026-03-13;35736716.90
09125218000147;2026-03-13;12949027.51
09125491000171;2026-03-13;57756103.74
09125549000187;2026-03-13;59287537.58
09125557000123;2026-03-13;195118165.67
09125612000185;2026-03-13;84230235.50
09127959000167;2026-03-13;141916939.28
09130426000134;2026-03-13;407448551.51
09130438000169;2026-03-13;533546092.06
09134614000130;2026-03-13;365861320.41
09136668000135;2026-03-13;4490560729.94
09137330000106;2026-03-13;104587574.10
09137336000175;2026-03-13;27661115.96
09141867000131;2026-03-13;45429979.00
09143318000104;2026-03-13;81528684.69
09143435000160;2026-03-13;239705124.73
09144648000106;2026-03-13;9200139.59
09144842000191;2026-03-12;86575327.21
09144927000170;2026-03-13;97121326.36
09145075000135;2026-03-13;57723392.58
09145104000169;2026-03-13;432025909.32
09145127000173;2026-03-13;1629475.28
09145212000131;2026-03-13;1148562.93
09145218000109;2026-03-13;1830320.16
09145222000177;2026-03-13;1693007.59
09145279000176;2026-03-13;745014.42
09145291000180;2026-03-13;6522207284.43
09145313000102;2026-03-13;216392513.55
09145340000185;2026-03-13;114396209.63
09150841000150;2026-03-13;46121604.11
09150949000142;2026-03-13;56833693.14
09165736000194;2026-03-13;51104523.67
09165807000159;2026-03-13;128360367.90
09166056000195;2026-03-12;18954993.47
09172705000160;2026-03-12;21247580.70
09172837000192;2026-03-13;20645288.46
09181268000141;2026-03-13;760958896.39
09181287000178;2026-03-13;532686111.23
09181291000136;2026-03-13;29052724.69
09181313000168;2026-03-13;6183252712.02
09181340000130;2026-03-13;325092408.96
09186696000167;2026-03-13;35858329.48
09187990000193;2026-03-13;11665693.96
09188109000179;2026-03-13;27722046.19
09188149000110;2026-03-13;232552980.94
09188564000174;2026-03-13;81094830.99
09188900000189;2026-03-13;41047057.66
09188983000106;2026-03-13;49650987.28
09189091000120;2026-03-13;10119580.11
09196417000146;2026-03-12;18767861.30
09198023000127;2026-03-12;28189637.54
09212329000190;2026-03-13;8533991.98
09212359000105;2026-03-13;12777736.77
09212371000101;2026-03-13;4183801.40
09215250000113;2026-03-13;28923783698.22
09216364000188;2026-03-13;5155911.56
09217025000116;2026-03-13;1470783.76
09225845000150;2026-03-13;8322708.42
09225860000106;2026-03-13;36681263.69
09228836000112;2026-03-13;686512227.96
09228854000102;2026-03-13;15496908.46
09232425000109;2026-03-13;42028859.04
09236927000108;2026-03-13;525581264.04
09236941000101;2026-03-13;134370716.91
09238487000110;2026-03-13;2735081188.26
09238622000127;2026-03-13;22440038.62
09241756000105;2026-03-12;2026139838.28
09241809000180;2026-03-12;30590389.40
09272869000160;2026-03-13;337699476.20
09272872000183;2026-03-13;1041653763.06
09272878000150;2026-03-13;423933875.16
09272886000105;2026-03-13;344385582.17
09272888000196;2026-03-13;812717525.00
09272901000107;2026-03-13;172964773.63
09272904000140;2026-03-13;315754885.62
09273559000160;2026-03-13;13148529.48
09273614000111;2026-03-13;24389795.29
09274058000106;2026-03-13;90134971.23
09275554000176;2026-03-11;120000734.44
09275576000136;2026-03-11;49981804.40
09275592000129;2026-03-11;25904739.32
09275888000140;2026-03-13;140523882.46
09282805000140;2026-03-13;1854208.20
09284537000103;2026-03-13;1650605109.29
09284542000108;2026-03-12;3983531277.31
09284554000132;2026-03-13;149496254.51
09285146000103;2026-03-13;778570744.59
09285185000100;2026-03-13;490358906.02
09285186000147;2026-03-13;47225330.91
09288254000121;2026-03-13;2027870606.91
09288298000151;2026-03-13;67928065.12
09289020000107;2026-03-13;35024507.84
09289030000134;2026-03-13;61604822.75
09289046000147;2026-03-13;87046517.45
09289068000107;2026-03-13;20653618.37
09289106000121;2026-03-13;1504837.29
09289134000149;2026-03-13;32779948.58
09290607000128;2026-03-13;211886589.67
09290655000116;2026-03-13;19570802.03
09290667000140;2026-03-13;45481906.48
09290807000180;2026-03-13;2979436.69
09290813000138;2026-03-13;17924006.00
09293570000191;2026-03-12;40252683.18
09295112000191;2026-03-13;14844535.79
09296009000166;2026-03-13;8841519.48
09296022000115;2026-03-13;13009009.34
09296055000165;2026-03-12;1209416885.03
09296352000100;2026-03-13;37228024.39
09296371000137;2026-03-13;10776118888.11
09298405000122;2026-03-13;6595857.95
09298429000181;2026-03-13;446923455.12
09300166000106;2026-03-13;774783468.49
09300201000189;2026-03-13;432290684.22
09300207000156;2026-03-13;9480112719.63
09305255000137;2026-03-13;20235538.28
09305260000140;2026-03-13;99962362.66
09305281000165;2026-03-13;85162368.85
09305287000132;2026-03-13;7866467.35
09315625000117;2026-03-13;12869439.86
09315635000152;2026-03-13;109563706.66
09319052000108;2026-03-12;11883206.72
09321515000168;2026-03-13;1919389244.74
09323653000186;2026-03-13;61098415.68
09323717000149;2026-03-13;114605786.11
09323724000140;2026-03-12;639290192.01
09324673000171;2026-03-13;719045685.49
09326708000101;2026-03-13;39872194.64
09327311000134;2026-03-13;3543913.46
09327445000155;2026-03-13;1382185.96
09327448000199;2026-03-13;2032206.37
09327450000168;2026-03-13;28118258.53
09327463000137;2026-03-12;208353901.77
09327472000128;2026-03-13;2512852479.27
09327477000150;2026-03-11;94529525.12
09327496000187;2026-03-11;65779051.39
09327501000151;2026-03-11;4765273041.04
09327512000131;2026-03-13;251173888.55
09327527000108;2026-03-13;45618398.91
09329721000114;2026-03-13;5843950629.13
09331626000155;2026-03-13;15070303.62
09342159000169;2026-03-13;4948605.89
09342162000182;2026-03-13;616371966.16
09344585000131;2026-03-13;235904300.09
09344601000196;2026-03-13;355973231.10
09344799000108;2026-03-13;30115593.97
09344889000107;2026-03-13;47958363.09
09344955000130;2026-03-13;359297883.39
09352720000190;2026-03-13;47224409.89
09352724000179;2026-03-13;18319088.26
09352825000140;2026-03-13;120252367.53
09380144000195;2026-03-13;22583392.37
09380214000105;2026-03-11;32073948.42
09399784000147;2026-03-13;7262512.95
09399789000170;2026-03-13;813920594.15
09399790000102;2026-03-13;235414755.09
09401978000130;2026-03-12;96099374.75
09412648000140;2026-03-13;3898530564.17
09412694000149;2026-03-13;25023071.31
09412748000176;2026-03-12;50705292.03
09412822000154;2026-03-13;353981367.82
09412843000170;2026-03-13;1467941307.67
09418454000151;2026-03-13;198759454.91
09418525000116;2026-03-13;52328878.64
09441280000148;2026-03-13;266048802.66
09441290000183;2026-03-13;30444922.41
09441418000109;2026-03-13;67956393.61
09441424000166;2026-03-13;40987019.84
09441708000152;2026-03-13;40180813.46
09453921000184;2026-03-13;71199820.33
09463539000151;2026-03-13;577908851.02
09463564000135;2026-03-13;26032560.97
09463987000155;2026-03-13;36484144.48
09468610000199;2026-03-12;2636420978.96
09468618000155;2026-03-13;23997026871.28
09468622000113;2026-03-12;598985244.96
09468624000102;2026-03-13;3846089.70
09478646000153;2026-03-13;9004907.56
09480816000134;2026-03-13;1050463791.78
09484942000167;2026-03-12;43808307.25
09485298000141;2026-03-12;72909911.51
09485424000168;2026-03-13;6929256.93
09485452000185;2026-03-13;28060866.34
09485504000113;2026-03-13;21950757.55
09485714000101;2026-03-13;45560808.84
09485800000114;2026-03-13;104522821.08
09485813000193;2026-03-10;0.00
09485826000162;2026-03-13;14680346.38
09488302000125;2026-03-13;1382050.22
09488510000124;2026-03-13;2541729.55
09488688000175;2026-03-13;2794437704.45
09489272000171;2026-03-12;234437707.90
09489308000117;2026-03-13;52406261.28
09489380000144;2026-03-13;503897540.77
09489396000157;2026-03-12;50665573.02
09498697000147;2026-03-13;132433149.63
09501881000107;2026-03-13;855147381.93
09513186000157;2026-03-13;1239134.00
09518558000138;2026-03-13;1272047.79
09518581000122;2026-03-13;168463568.66
09519413000151;2026-03-12;8800477.64
09520282000122;2026-03-12;147280821.82
09520697000104;2026-03-12;137495561.61
09520758000125;2026-03-12;6432193.76
09520912000169;2026-03-12;120764639.88
09521007000123;2026-03-13;59670152.26
09521122000106;2026-03-12;11222835.52
09521163000194;2026-03-12;3851704.85
09521191000101;2026-03-12;4267066.50
09521216000177;2026-03-12;9011701.11
09521249000117;2026-03-12;8591255.00
09522470000190;2026-03-12;22523144.60
09522496000138;2026-03-13;712702382.61
09522705000143;2026-03-12;1742228696.31
09523140000119;2026-03-12;696123632.72
09523179000136;2026-03-12;1107465744.68
09523207000115;2026-03-13;59249175.95
09525418000197;2026-03-13;262796211.41
09528394000120;2026-03-13;31776244.35
09528698000197;2026-03-13;5387899.85
09528769000151;2026-03-13;120543037.24
09528816000167;2026-03-12;20689079.82
09531739000102;2026-03-13;3196428.38
09536078000108;2026-03-06;3161894770.47
09536088000135;2026-03-12;2921361492.56
09536118000103;2026-03-12;4260332.12
09543255000175;2026-03-12;116409821.01
09544240000121;2026-03-12;224143476.40
09548719000136;2026-03-13;379568659.05
09548725000193;2026-03-13;268179044.32
09548729000171;2026-03-13;78797082.09
09550197000107;2026-03-11;493794389.19
09553237000174;2026-03-13;81458937.33
09553241000132;2026-03-12;227520603.79
09555409000149;2026-03-13;845353675.95
09555413000107;2026-03-13;3539481.27
09555446000157;2026-03-13;7844964259.20
09555452000104;2026-03-12;25002645.98
09564065000134;2026-03-13;376196636.58
09564069000112;2026-03-13;1364944178.81
09564242000182;2026-03-13;187815539.27
09564251000173;2026-03-12;111208656.25
09564278000166;2026-03-12;502949888.46
09564531000181;2026-03-12;185105376.96
09572489000140;2026-03-12;95889725.52
09572562000184;2026-03-13;40028593.60
09573608000180;2026-03-12;13938306.14
09573694000120;2026-03-13;24229185.95
09577031000184;2026-03-13;521238391.87
09577034000118;2026-03-05;11013261689.12
09577036000107;2026-03-13;78270637.57
09577041000110;2026-03-13;14806315.03
09577059000111;2026-03-13;284764800.46
09577092000141;2026-03-13;75542743.77
09577096000120;2026-03-13;488404457.81
09577425000132;2026-03-13;159603205.33
09577447000100;2026-03-13;9784753135.01
09577500000165;2026-03-13;1891966024.78
09581694000172;2026-03-13;70365388.23
09586825000104;2026-03-13;53174649.59
09589223000100;2026-03-13;13369324671.84
09591211000110;2026-03-13;44373073.40
09591381000103;2026-03-13;1806766710.85
09591809000100;2026-03-10;143228190.33
09591960000148;2026-03-13;8344780.67
09591992000143;2026-03-13;115972474.70
09592010000138;2026-03-13;30891480.79
09594596000170;2026-03-13;79049905.28
09599346000122;2026-03-11;394669136.63
09601190000177;2026-03-13;221281574.12
09601239000191;2026-03-13;22070088.45
09601263000120;2026-03-13;76117587.65
09605786000145;2026-03-13;110662390.89
09606086000175;2026-03-12;20992231.86
09606154000104;2026-03-13;562758744.84
09606247000120;2026-03-12;403911965.86
09606293000120;2026-03-13;13991781.73
09606300000193;2026-03-12;14532459.68
09606345000168;2026-03-12;155914322.34
09606362000103;2026-03-13;1454815329.40
09606378000108;2026-03-13;139625888.09
09613212000119;2026-03-13;201151398.45
09613226000132;2026-03-13;3634470.96
09613232000190;2026-03-03;-14668923.74
09617446000134;2026-03-12;77061226.73
09619858000103;2026-03-12;27713626.90
09620207000133;2026-03-13;31826384.35
09620330000154;2026-03-12;72267232.64
09620860000100;2026-03-13;502388021.39
09622314000109;2026-03-13;36018810.52
09625909000100;2026-03-13;2196376109.30
09632730000180;2026-03-13;387715722.84
09633809000125;2026-03-13;103124786.42
09635130000175;2026-03-13;387787292.35
09635172000106;2026-03-13;205373559.24
09635615000169;2026-03-13;161490103.44
09636393000107;2026-03-13;10151785219.32
09636594000104;2026-03-12;482038995.91
09636619000161;2026-03-13;809095243.90
09636734000136;2026-03-12;67690675.46
09636818000170;2026-03-13;1174243550.66
09637456000131;2026-03-12;32463535.66
09639909000169;2026-03-13;985480949.93
09639920000129;2026-03-13;26222592.18
09639924000107;2026-03-13;2529335150.57
09639927000140;2026-03-13;24451454.74
09643538000199;2026-03-13;1323367.76
09643547000180;2026-03-13;68073238.08
09643664000143;2026-03-13;103605832.21
09645331000153;2026-03-13;35445346.62
09648050000154;2026-03-13;161477048.10
09650142000179;2026-03-09;12609400.50
09677044000125;2026-03-12;331382703.52
09677054000160;2026-03-12;2056202.12
09720516000185;2026-03-12;715051243.94
09720523000187;2026-03-12;45808655.80
09720551000102;2026-03-13;625328735.46
09720565000118;2026-03-13;145981607.51
09720659000197;2026-03-11;66294955.15
09720710000160;2026-03-13;417542685.88
09720734000110;2026-03-13;575987242.91
09720828000199;2026-03-13;2221419757.45
09720835000190;2026-03-13;7568966708.66
09720846000170;2026-03-13;44544145.82
09814233000100;2026-03-13;732964947.79
09911408000190;2026-03-13;81557605.99
09911412000158;2026-03-13;15594823.14
09911429000105;2026-03-13;25447458.46
09911438000104;2026-03-13;118339689.34
10141924000161;2026-03-04;1264840681.27
10141951000134;2026-03-11;85661043.07
10157661000189;2026-03-13;780776786.82
10158115000162;2026-03-12;50001716.05
10158130000100;2026-03-13;66743881.03
10158171000105;2026-03-13;20444340.79
10199934000158;2026-03-13;28290781.69
10201821000140;2026-03-12;36152104.56
10210096000176;2026-03-13;18491697.58
10214125000178;2026-03-13;218301849.94
10216972000171;2026-03-13;1948263.14
10220241000108;2026-03-13;330937413.87
10220247000177;2026-03-13;115433438.54
10225683000139;2026-03-13;844810829.55
10225692000120;2026-03-13;15855346.88
10225709000149;2026-03-13;12234083.70
10237153000100;2026-03-10;71670978.65
10237439000196;2026-03-13;35101817.72
10237450000156;2026-03-13;1263469272.67
10237455000189;2026-03-13;172265315.77
10237480000162;2026-03-13;16105845.83
10239877000193;2026-03-13;35930076.14
10243240000170;2026-03-13;733436020.78
10243333000103;2026-03-13;84285148.61
10243362000167;2026-03-13;204738223.87
10243370000103;2026-03-13;221132033.11
10243402000170;2026-03-13;26411618.63
10249165000155;2026-03-13;32841564.83
10254029000153;2026-03-13;553856555.76
10263262000100;2026-03-13;45608757.03
10263584000141;2026-03-13;907698142.59
10263609000107;2026-03-13;9888323.69
10263612000120;2026-03-13;247138553.55
10263617000153;2026-03-13;64915289.36
10263625000108;2026-03-13;246179738.72
10263636000180;2026-03-13;2164524498.20
10264179000148;2026-03-13;4113082794.93
10264241000100;2026-03-13;4860779793.93
10264255000115;2026-03-13;41700773137.78
10264260000128;2026-03-13;39700230.18
10265279000199;2026-03-11;110922947.47
10265285000146;2026-03-12;211115742.07
10265295000181;2026-03-13;2657589.96
10265308000112;2026-03-13;0.00
10277973000126;2026-03-13;156237956.24
10277981000172;2026-03-13;26709390.78
10292302000134;2026-03-13;52364488.99
10292341000131;2026-03-13;129221629.45
10292348000153;2026-03-13;723219.81
10295477000103;2026-03-12;128265088.85
10295485000141;2026-03-13;76966409.40
10295490000154;2026-03-13;30200144.28
10295499000165;2026-03-13;37982173.55
10304401000199;2026-03-13;1921276588.48
10309506000130;2026-03-13;49661091.29
10309539000180;2026-03-13;269620310.96
10309567000106;2026-03-12;77295878.60
10309570000111;2026-03-12;141412313.46
10309574000108;2026-03-13;1300584525.05
10313808000182;2026-03-02;74902852.81
10319429000108;2026-03-13;6843129532.89
10320151000180;2026-03-13;121215010.85
10320172000104;2026-03-12;13608368.60
10320188000109;2026-03-13;2764166321.37
10320215000143;2026-03-13;4393541.94
10322633000170;2026-03-13;19926787954.85
10322668000109;2026-03-13;1347961876.24
10325784000181;2026-03-13;31986403.33
10326625000100;2026-03-13;885970930.98
10326747000198;2026-03-13;128975839.32
10335832000112;2026-03-13;111729367.39
10341829000101;2026-03-13;51125051.25
10342116000162;2026-03-13;133125765.02
10346018000101;2026-03-13;102517884.80
10346873000104;2026-03-12;502352263.76
10347184000114;2026-03-13;7849946694.91
10347195000102;2026-03-13;1743828542.23
10347224000128;2026-03-13;144443584.12
10347228000106;2026-03-13;7617421402.82
10347249000121;2026-03-13;822653538.12
10347253000190;2026-03-12;8173812.89
10347270000127;2026-03-13;630696109.26
10347453000142;2026-03-13;228014393.09
10347493000194;2026-03-13;1467678411.48
10347604000162;2026-03-12;91198047.72
10355516000102;2026-03-13;6764377.71
10355529000181;2026-03-13;53067504.73
10361942000159;2026-03-13;6875733.75
10362008000151;2026-03-13;688570593.06
10362043000170;2026-03-13;497180310.54
10366833000124;2026-03-13;16577332.07
10376133000110;2026-03-13;5522806.86
10377941000100;2026-03-13;26750426.81
10378026000121;2026-03-12;149888278.89
10384372000112;2026-03-13;4069595527.43
10384377000145;2026-03-13;280355103.59
10384413000170;2026-03-13;3053178311.90
10387930000101;2026-03-13;8145523.63
10387940000139;2026-03-12;106875836.19
10388050000141;2026-03-13;21738962.44
10388059000152;2026-03-13;6190949.91
10388069000198;2026-03-13;2971333.19
10392562000181;2026-03-13;1044707.94
10394850000175;2026-03-13;1216202103.85
10396367000120;2026-03-13;127872257.41
10396381000123;2026-03-13;159407299.43
10396389000190;2026-03-12;9349020.05
10396424000170;2026-03-13;6822420.36
10396854000192;2026-03-13;85820091.17
10396909000164;2026-03-12;77562367.77
10397493000107;2026-03-13;104857707.37
10397571000165;2026-03-13;199927366.24
10397614000102;2026-03-13;112198539.85
10397617000146;2026-03-13;879623684.34
10397618000190;2026-03-13;73462017.38
10412071000155;2026-03-13;294857912.41
10415491000195;2026-03-13;1043849107.93
10418335000188;2026-03-13;809804676.33
10418362000150;2026-03-13;259910947.20
10424371000154;2026-03-13;87544.42
10427173000144;2026-03-12;3295542.86
10427203000112;2026-03-12;107219353.98
10430028000112;2026-03-16;643381.40
10435464000184;2026-03-12;5187179.96
10435467000118;2026-03-11;0.00
10438506000130;2026-03-12;79175919.31
10440171000195;2026-03-10;12563400.18
10446982000101;2026-03-11;18188987.64
10447046000107;2026-03-13;38281464.72
10451793000119;2026-03-13;10501473.07
10456393000104;2026-03-12;54768456.10
10459331000148;2026-03-13;130640348.87
10459361000154;2026-03-12;1823590.20
10459391000160;2026-03-12;236638047.46
10461947000153;2026-03-13;55323914.52
10462072000104;2026-03-13;59860965.32
10462501000143;2026-03-12;1132183942.90
10462808000144;2026-03-12;91487391.68
10462973000104;2026-03-13;5203323.08
10463004000160;2026-03-12;2100385.21
10463014000103;2026-03-12;80794238.82
10463015000140;2026-03-12;184273344.91
10474352000132;2026-03-13;225814568.80
10474356000110;2026-03-13;869716351.82
10474513000198;2026-03-13;177429387.69
10474514000132;2026-03-13;2664931121.75
10474810000133;2026-03-13;1758062738.09
10474817000155;2026-03-13;32346960.80
10474858000141;2026-03-13;13655989.33
10475107000140;2026-03-13;20756554.19
10475116000130;2026-03-13;2670496660.84
10475191000100;2026-03-13;41574137.72
10475450000194;2026-03-13;89747331.60
10475505000166;2026-03-13;28993441.03
10488866000147;2026-03-12;166081130.23
10489004000139;2026-03-12;236018661.85
10489023000165;2026-03-12;104972504.35
10489208000170;2026-03-12;923452839.11
10489228000140;2026-03-12;500942952.13
10500884000105;2026-03-13;2605970148.80
10513151000105;2026-03-13;15583955.07
10513168000154;2026-03-13;74674523.34
10513495000106;2026-03-13;14596030.00
10519284000180;2026-03-13;157808300.56
10521446000115;2026-03-12;623535794.47
10525583000128;2026-03-13;147289795.86
10536440000111;2026-03-12;15183268.50
10545338000182;2026-03-13;37054024.36
10545384000181;2026-03-12;561708358.26
10545405000169;2026-03-13;163765586.50
10546592000103;2026-03-13;68567639.03
10551353000133;2026-03-13;858894586.81
10551358000166;2026-03-13;500263542.35
10551370000170;2026-03-13;13279862064.72
10551375000101;2026-03-13;135525120.35
10551382000103;2026-03-13;135687517.08
10551386000183;2026-03-13;955509860.97
10565506000100;2026-03-13;5639185362.17
10565542000165;2026-03-13;397255126.57
10565859000100;2026-03-13;166643855.78
10565870000161;2026-03-13;197826284.43
10566018000109;2026-03-13;6113106.75
10577485000134;2026-03-13;11112174.18
10577503000188;2026-03-13;892581024.68
10577505000177;2026-03-13;13487106.24
10577509000155;2026-03-13;118539354.69
10577512000179;2026-03-13;60949703.39
10577516000157;2026-03-13;62995005.35
10577519000190;2026-03-13;654095285.93
10577531000103;2026-03-12;64905205.03
10577546000163;2026-03-12;101752982.52
10581196000109;2026-03-12;224552517.19
10581220000100;2026-03-12;169455764.34
10583902000151;2026-03-13;473838836.15
10583909000173;2026-03-13;100080644037.74
10583916000175;2026-03-13;31864224308.27
10583931000113;2026-03-13;2814832530.88
10583934000157;2026-03-13;667124336.04
10583943000148;2026-03-13;2762945384.51
10583948000170;2026-03-13;198673557.21
10583957000161;2026-03-13;572685587.18
10586901000160;2026-03-12;543509993.57
10586926000164;2026-03-13;1193379297.12
10586932000111;2026-03-13;6504722029.54
10590141000165;2026-03-13;24879755.00
10601343000165;2026-03-13;304174779.40
10601349000132;2026-03-13;1939851237.73
10601398000175;2026-03-13;11205058124.02
10601463000162;2026-03-13;326618764.62
10601475000197;2026-03-13;936026192.41
10601479000175;2026-03-13;19355198.85
10608762000129;2026-03-12;161071775.93
10608780000100;2026-03-13;20465572.52
10618943000136;2026-03-13;1236608419.99
10618954000116;2026-03-13;117401949.35
10618964000151;2026-03-13;2612338639.41
10618978000175;2026-03-13;10958311.53
10626040000105;2026-03-13;10602926.23
10635063000178;2026-03-13;180954708.17
10635260000197;2026-03-13;256731052.69
10638696000130;2026-03-13;608831012.80
10643191000163;2026-03-13;3658718913.91
10643347000106;2026-03-12;46625694.27
10643371000145;2026-03-13;168928611.12
10643489000173;2026-03-13;700786652.55
10646885000154;2026-03-13;9270443647.27
10646888000198;2026-03-13;3116355476.36
10646895000190;2026-03-13;579101207.43
10646897000189;2026-03-13;160871601.34
10686433000104;2026-03-13;6128830402.31
10686438000129;2026-03-13;607462333.96
10699187000117;2026-03-13;31062108.42
10705273000195;2026-03-13;78368248.05
10705625000102;2026-03-13;162156221.21
10705668000198;2026-03-13;2487977.18
10731794000117;2026-03-13;14590184922.50
10732594000189;2026-03-13;58050814.15
10735666000141;2026-03-13;1054768347.18
10740392000189;2026-03-12;253286744.73
10740446000106;2026-03-12;3680980476.48
10740492000105;2026-03-12;423302916.19
10740508000180;2026-03-13;2111425598.56
10740536000105;2026-03-13;298218830.61
10740552000190;2026-03-13;10996001381.36
10740658000193;2026-03-13;2388380915.70
10740670000106;2026-03-13;10792485551.01
10740730000182;2026-03-12;716297847.36
10740739000193;2026-03-13;642147267.28
10740749000129;2026-03-13;538887618.17
10756521000127;2026-03-13;408066634.08
10756541000106;2026-03-12;183823181.60
10756556000166;2026-03-12;193607912.77
10756582000194;2026-03-11;162628221.90
10756599000141;2026-03-12;258235456.33
10756685000154;2026-03-13;66725434.44
10758024000168;2026-03-13;1358734.28
10758137000163;2026-03-13;4921199.89
10758161000100;2026-03-13;3071122.59
10758198000120;2026-03-13;6590641.90
10761357000146;2026-03-13;21703620.30
10764978000183;2026-03-13;35156.64
10765194000170;2026-03-06;0.00
10765399000155;2026-03-13;1478085588.73
10783480000168;2026-03-13;2503414307.18
10784349000115;2026-03-13;38008181.19
10786557000153;2026-03-13;15193640.49
10786565000108;2026-03-13;271210237.31
10786577000124;2026-03-13;8094523.69
10786628000118;2026-03-13;6783497796.09
10786641000177;2026-03-13;738833528.18
10786919000106;2026-03-13;109337716.10
10786933000100;2026-03-13;721081696.27
10786943000145;2026-03-13;175524575.43
10786950000147;2026-03-13;0.00
10787037000165;2026-03-13;26298117.11
10787052000103;2026-03-13;62508533.07
10787165000109;2026-03-13;94451746.59
10787172000100;2026-03-13;110290857.65
10787177000133;2026-03-12;39204923.62
10787647000169;2026-03-13;250014857.87
10787660000118;2026-03-13;654055561.97
10787822000118;2026-03-12;153116014.56
10787826000104;2026-03-12;186387408.33
10788023000166;2026-03-13;259501885.91
10789708000127;2026-03-13;4816889.88
10789775000141;2026-03-13;20218495.23
10789852000163;2026-03-13;13297188.01
10789862000107;2026-03-13;38306347.25
10809064000191;2026-03-12;638048509.89
10813716000161;2026-03-12;2991598606.75
10820311000150;2026-03-12;347794352.98
10820382000153;2026-03-13;13390147.14
10824344000179;2026-03-13;688506.43
10841389000151;2026-03-13;80213671.37
10841406000150;2026-03-13;48802790.38
10841477000153;2026-03-12;24557737.81
10841486000144;2026-03-13;37123377.92
10841538000182;2026-03-13;7216277.47
10841553000120;2026-03-13;23911037.67
10843445000197;2026-03-13;5421702912.23
10848651000190;2026-03-13;30919700.73
10851724000100;2026-03-13;9250819.66
10851740000195;2026-03-13;19646718.91
10851854000135;2026-03-13;11701705.03
10851950000183;2026-03-13;91176906.98
10856816000175;2026-03-12;215503235.70
10856823000177;2026-03-12;17015054.82
10859917000108;2026-03-13;193019491.75
10869591000191;2026-03-13;27801443.00
10869615000102;2026-03-13;88249542.18
10880006000154;2026-03-12;108529292.82
10883191000130;2026-03-13;40170695.54
10883252000160;2026-03-12;5044352.56
10918517000118;2026-03-13;2845096990.27
10918523000175;2026-03-13;3764641772.67
10922432000103;2026-03-12;131093264.13
10922627000153;2026-03-13;23920257.79
10924200000194;2026-03-11;295210426.41
10941806000138;2026-03-12;491874290.63
10941848000179;2026-03-12;412762872.36
10948555000113;2026-03-13;3642344828.04
10948577000183;2026-03-13;21307886288.25
10948647000101;2026-03-13;1030339.42
10948652000106;2026-03-13;1082718.16
10948689000134;2026-03-12;513428085.39
10951878000166;2026-03-13;74000839.62
10951899000181;2026-03-13;34757817.87
10960825000101;2026-03-13;204596897.96
10971503000168;2026-03-13;40062370.65
10979025000132;2026-03-13;167164580.81
10985219000140;2026-03-12;260035202.64
10985223000109;2026-03-13;1436242601.60
10985229000186;2026-03-13;88924345.69
10985235000133;2026-03-13;148080947.09
10985241000190;2026-03-13;90529083.92
10985245000179;2026-03-13;4013812175.88
10985263000150;2026-03-13;224466368.38
10985303000164;2026-03-12;37099736.53
10985527000176;2026-03-13;1369612.43
10986831000138;2026-03-13;324586904.52
10986880000170;2026-03-13;285619808.39
11002819000104;2026-03-12;202887673.91
11002838000130;2026-03-13;140287475.36
11003123000100;2026-03-12;57674125.12
11005764000196;2026-03-12;4529144645.39
11016865000162;2026-03-13;639945153.08
11016883000144;2026-03-13;185381552.98
11039140000190;2026-03-13;120283539.14
11039149000109;2026-03-13;71748333.84
11039158000191;2026-03-12;38705566.47
11043483000128;2026-03-11;72544530.08
11046049000100;2026-03-13;2034472359.01
11046170000123;2026-03-13;43958277.81
11046179000134;2026-03-13;1993682254.05
11046243000187;2026-03-13;32518682.44
11046259000190;2026-03-13;11582457.21
11046271000102;2026-03-13;394644630.04
11046362000130;2026-03-13;2401953545.39
11046520000151;2026-03-12;46091175.14
11046532000186;2026-03-12;61971167.16
11046635000146;2026-03-13;99297808.17
11046645000181;2026-03-13;51125593557.44
11051989000189;2026-03-13;453193728.02
11051999000114;2026-03-13;145363633.43
11052011000131;2026-03-13;968734781.60
11052415000125;2026-03-13;124164716.63
11052478000181;2026-03-13;49119608.93
11052491000130;2026-03-12;60694350.51
11060594000142;2026-03-13;170285114.98
11060657000160;2026-03-12;8507235395.21
11060682000144;2026-03-12;7649192702.84
11060703000121;2026-03-12;213914973.27
11060725000191;2026-03-12;447254487.34
11060745000162;2026-03-12;532935773.28
11060782000170;2026-03-13;113093921.47
11060849000177;2026-03-13;223242076.44
11060913000110;2026-03-13;5080966179.94
11061217000128;2026-03-13;493008476.57
11061230000187;2026-03-13;10791629886.27
11061341000193;2026-03-13;350950943.04
11061385000113;2026-03-12;4659012064.51
11074758000190;2026-03-13;7258062.60
11077908000110;2026-03-13;67387060.26
11077912000188;2026-03-13;33613019.12
11077925000157;2026-03-13;19107610.25
11077933000101;2026-03-12;3588113.56
11077941000140;2026-03-13;214428626.87
11077957000152;2026-03-12;28247167.86
11077965000107;2026-03-13;23084966.94
11083403000168;2026-03-13;2558967.59
11087118000115;2026-03-13;425737152.82
11090936000177;2026-03-13;43003750.13
11098129000109;2026-03-13;166968481.43
11108013000103;2026-03-13;70197125.98
11110873000173;2026-03-13;211233794.75
11110894000199;2026-03-13;6196864.76
11110904000196;2026-03-13;1969068573.19
11110914000121;2026-03-13;21162325.31
11110950000195;2026-03-13;20710085.36
11111090000104;2026-03-13;26498228.92
11111103000145;2026-03-13;61299381.41
11119029000103;2026-03-13;136087361.46
11121961000170;2026-03-13;336219298.22
11121992000121;2026-03-13;305013983.58
11128788000132;2026-03-13;110013639.82
11128801000153;2026-03-13;110014400.84
11128825000102;2026-03-13;121170875.76
11128848000117;2026-03-13;108636231.68
11138942000157;2026-03-13;32619082.41
11142140000110;2026-03-13;44925214.09
11145288000109;2026-03-13;134344674.15
11145302000174;2026-03-13;12924793.80
11145320000156;2026-03-13;711071173.30
11145345000150;2026-03-13;44063404.39
11145366000175;2026-03-13;60229127.50
11145383000102;2026-03-13;47538796.71
11145426000150;2026-03-13;17301713.95
11147668000182;2026-03-13;168133207.35
11160178000116;2026-03-13;39474141.75
11175798000129;2026-03-12;44037436.67
11175990000115;2026-03-13;4866501.94
11176045000138;2026-03-13;216167434.41
11176339000160;2026-03-13;892548380.45
11179939000181;2026-03-13;110058386.81
11180604000183;2026-03-13;2654108.93
11180605000128;2026-03-13;1008282145.39
11182064000177;2026-03-13;779190454.80
11182072000113;2026-03-13;108166992.14
11183842000142;2026-03-13;11560652.43
11183854000177;2026-03-13;298995115.80
11184315000152;2026-03-13;49385128.72
11184381000122;2026-03-12;485227177.04
11184409000121;2026-03-13;741339692.08
11186674000149;2026-03-13;48226996.19
11188572000162;2026-03-13;10594821511.77
11192090000186;2026-03-12;45660116.33
11195190000166;2026-03-12;93693762.68
11195193000108;2026-03-12;94606744.24
11204522000121;2026-03-12;14592826.51
11204580000155;2026-03-12;38383247.97
11206280000105;2026-03-12;391040359.68
11209172000196;2026-03-13;65041061.97
11212275000105;2026-03-13;6922552.52
11225767000135;2026-03-12;18390230.56
11225793000163;2026-03-13;21729644.86
11225860000140;2026-03-13;378002511.99
11228311000129;2026-03-13;15731529.01
11228382000121;2026-03-13;55920329.24
11228490000102;2026-03-13;44247172.59
11232995000132;2026-03-12;62748315.67
11233045000122;2026-03-13;23719650064.88
11233054000113;2026-03-12;27032106.78
11233091000121;2026-03-13;13341327.00
11240166000100;2026-03-13;413453452.89
11245687000141;2026-03-12;80890401.08
11248347000174;2026-03-12;8719565572.09
11248452000103;2026-03-12;204328935.08
11253569000185;2026-03-12;165613190.55
11267201000176;2026-03-13;3203925.37
11274288000109;2026-03-13;1442585468.96
11275055000120;2026-03-13;473482465.31
11275059000109;2026-03-11;49867145.51
11275063000177;2026-03-11;143907248.59
11286399000135;2026-03-13;12939833.65
11286540000108;2026-03-12;18376965.81
11301102000163;2026-03-12;62432667.17
11301118000176;2026-03-12;252339042.26
11301137000100;2026-03-13;12948590.44
11308040000111;2026-03-12;95300534.43
11308263000189;2026-03-13;273084690.18
11308294000130;2026-03-13;357607386.23
11311874000186;2026-03-13;452182492.57
11314728000104;2026-03-13;1859891.19
11328882000135;2026-03-13;11645503353.03
11328904000167;2026-03-13;56746505.22
11328936000162;2026-03-13;1467086508.08
11349442000164;2026-03-16;4307256.47
11349450000100;2026-03-16;86421529.82
11349463000180;2026-03-16;2879328.77
11349773000102;2026-03-13;224519487.71
11349797000153;2026-03-12;106348412.12
11350412000178;2026-03-11;10597954.23
11351449000110;2026-03-13;11218961473.39
11357735000193;2026-03-12;53155437.06
11357838000153;2026-03-11;47902377.13
11361531000126;2026-03-13;9705300.88
11361553000196;2026-03-13;114031188.52
11372045000103;2026-03-13;9858920.28
11375552000109;2026-03-13;454488785.77
11377248000192;2026-03-13;13553830.11
11377282000167;2026-03-13;2121885318.60
11377292000100;2026-03-12;188588009.56
11378542000119;2026-03-13;22645765.75
11389134000162;2026-03-13;10253619.92
11389136000151;2026-03-13;8385515.87
11389154000133;2026-03-13;1158742238.20
11389157000177;2026-03-13;301067003.30
11389163000124;2026-03-13;133709753.84
11389203000138;2026-03-13;53782006.24
11389633000150;2026-03-13;381682393.34
11389643000195;2026-03-13;1254041824.11
11389956000143;2026-03-13;4416365.65
11390046000180;2026-03-13;5018081.49
11390053000182;2026-03-13;40335646.04
11391262000140;2026-03-13;222338917.21
11392037000129;2026-03-13;1003055.03
11392070000159;2026-03-12;22946923.21
11392079000160;2026-03-13;18690005.69
11392091000174;2026-03-13;39028403.81
11392117000184;2026-03-13;53855682.57
11392165000172;2026-03-13;963294369.09
11403799000183;2026-03-13;9977780.45
11403871000172;2026-03-12;47458280.78
11403884000141;2026-03-13;1384137344.34
11403922000166;2026-03-12;53059152.55
11403956000150;2026-03-13;73395697.99
11409236000100;2026-03-13;46384770.90
11409285000135;2026-03-13;21791523.20
11409472000119;2026-03-12;9571514.70
11409506000175;2026-03-11;37721111.21
11409553000119;2026-03-13;68960481.29
11409594000105;2026-03-13;29484777.48
11410553000139;2026-03-13;133148379.24
11419524000138;2026-03-13;10391602648.80
11419536000162;2026-03-13;280197609.77
11419544000109;2026-03-13;1898124544.32
11419555000199;2026-03-13;1694004951.35
11419566000179;2026-03-13;1045600329.64
11419569000102;2026-03-13;3000097196.60
11419612000130;2026-03-13;5267720.14
11419627000106;2026-03-13;397758399.85
11419651000137;2026-03-13;50603183.52
11419659000101;2026-03-13;1823538412.06
11419792000150;2026-03-13;2602507763.96
11419800000168;2026-03-13;492062110.37
11419806000135;2026-03-13;210448535.13
11419811000148;2026-03-13;1681997258.22
11419818000160;2026-03-13;59513745348.92
11419829000140;2026-03-13;612099529.60
11419903000128;2026-03-13;16223257.67
11419931000145;2026-03-13;23416053.62
11419936000178;2026-03-13;135512853.84
11419938000167;2026-03-13;8331899152.79
11419940000136;2026-03-13;2621216.80
11419984000166;2026-03-13;877709195.73
11424324000173;2026-03-13;34933875.75
11424351000146;2026-03-13;3666055.62
11428899000164;2026-03-13;26890805.34
11432857000105;2026-03-13;81015309.74
11435238000166;2026-03-13;2528017.99
11435255000101;2026-03-13;25372075.74
11435262000103;2026-03-13;15463167.28
11435287000107;2026-03-13;940625001.21
11435298000189;2026-03-13;653803848.11
11447014000174;2026-03-13;1185575249.37
11447030000167;2026-03-12;85682090.00
11447056000105;2026-03-12;26757242.36
11447072000106;2026-03-13;25115191.17
11447124000136;2026-03-13;5736669259.77
11447136000160;2026-03-13;234388269.94
11447144000107;2026-03-13;2933740.54
11447221000129;2026-03-13;905602463.21
11451187000166;2026-03-13;56752855.43
11451197000100;2026-03-13;1151630977.38
11451205000100;2026-03-13;92341960.16
11451917000129;2026-03-13;135085853.70
11451974000108;2026-03-13;153274831.33
11456177000113;2026-03-13;575380681.20
11458144000102;2026-03-13;20940492.25
11461603000107;2026-03-13;10458505.21
11462883000178;2026-03-13;305657026.00
11462893000103;2026-03-13;8619560.02
11464283000149;2026-03-13;233621234.94
11471748000199;2026-03-13;31138759.27
11471769000104;2026-03-13;184873553.31
11482380000164;2026-03-13;38666858.88
11484558000106;2026-03-13;1187442975.75
11484587000178;2026-03-13;271399170.55
11490583000100;2026-03-13;13290897.02
11490618000101;2026-03-13;169703036.76
11490626000140;2026-03-13;1201321876.61
11492193000161;2026-03-13;1683417207.13
11492312000186;2026-03-13;111779712.05
11492361000119;2026-03-13;360916910.53
11492367000196;2026-03-12;20077585.67
11502039000123;2026-03-11;12481490.46
11502094000113;2026-03-12;5704977.06
11502157000131;2026-03-12;11327008.42
11502651000104;2026-03-13;69670285.66
11502690000101;2026-03-13;17078442.28
11504894000173;2026-03-13;17545415.09
11504922000152;2026-03-13;278993479.66
11504930000107;2026-03-13;260088425.77
11504960000105;2026-03-13;66110782.58
11508507000177;2026-03-13;36051456.62
11519977000136;2026-03-12;869347286.08
11520036000112;2026-03-12;41336728.91
11533458000122;2026-03-12;2720261.42
11538190000111;2026-03-13;927880771.78
11541979000121;2026-03-13;83123226.02
11541999000100;2026-03-12;112462581.25
11542011000110;2026-03-13;22625677.70
11549381000189;2026-03-13;29899869.36
11549965000154;2026-03-12;1007676169.36
11555338000126;2026-03-12;762277003.83
11575074000172;2026-03-13;152210935.65
11575100000162;2026-03-13;175332903.92
11575277000169;2026-03-13;137026426.73
11575393000188;2026-03-12;23930679.63
11584191000100;2026-03-13;105658586.39
11616354000181;2026-03-13;244202828.80
11616374000152;2026-03-13;106256392.66
11616389000110;2026-03-13;56763895.77
11616482000125;2026-03-12;465578037.57
11616552000145;2026-03-13;92211741.91
11628883000103;2026-03-12;462860631.77
11675309000106;2026-03-12;19345804.93
11690117000160;2026-03-13;5622707.80
11695006000147;2026-03-12;40657822.82
11695059000168;2026-03-13;4217884212.57
11695077000140;2026-03-12;3972879.45
11695107000118;2026-03-13;19708615.56
11695180000190;2026-03-12;13093646.00
11695212000157;2026-03-13;6178971.98
11695223000137;2026-03-13;12912116.59
11695268000101;2026-03-12;4603122.44
11701977000152;2026-03-13;4260777.34
11702061000117;2026-03-12;54409407.93
11702084000121;2026-03-13;388472556.81
11702105000109;2026-03-12;383011527.33
11702108000142;2026-03-13;77451434.84
11702118000188;2026-03-12;53749639.97
11702146000103;2026-03-13;2933272.35
11702468000144;2026-03-13;51106718.03
11714716000177;2026-03-13;270432624.08
11714749000117;2026-03-13;100123950.35
11714770000112;2026-03-13;100001621.29
11714807000102;2026-03-13;484088622.82
11714819000137;2026-03-13;148150838.96
11714860000103;2026-03-13;19960690.75
11726748000192;2026-03-13;0.00
11727711000189;2026-03-13;454263064.82
11733898000123;2026-03-12;454077918.44
11734024000190;2026-03-13;4666021.57
11756904000168;2026-03-12;401219491.09
11769285000146;2026-03-13;3763448590.90
11769382000139;2026-03-13;39173219.35
11769863000144;2026-03-13;21729643.47
11783804000120;2026-03-13;2142813.08
11783814000166;2026-03-13;2141383.86
11784036000120;2026-03-12;79315352.06
11802604000178;2026-03-13;370906735.78
11802635000129;2026-03-13;6896110.60
11804558000146;2026-03-13;76712639.99
11808053000150;2026-03-13;935219281.62
11822300000172;2026-03-13;12525909.07
11822361000130;2026-03-13;35436450.78
11822985000157;2026-03-13;772074618.98
11823008000174;2026-03-13;53873438.35
11827400000191;2026-03-13;108336538.96
11827429000173;2026-03-13;50566597.30
11827449000144;2026-03-12;145790742.65
11827552000194;2026-03-12;91033186.77
11827579000187;2026-03-13;192710207.11
11839215000117;2026-03-13;1910534361.15
11839227000141;2026-03-13;735469524.66
11839250000136;2026-03-13;11645581323.47
11840453000142;2026-03-13;2152560578.89
11851215000132;2026-03-13;90415679.15
11858480000142;2026-03-12;76321051.84
11858506000152;2026-03-13;126836923.82
11858554000140;2026-03-13;1739339929.85
11859277000190;2026-03-13;58908321.54
11859344000177;2026-03-11;27151323.75
11859359000135;2026-03-12;50814842.85
11859373000139;2026-03-12;11053296.79
11859397000198;2026-03-13;10272264.94
11859602000115;2026-03-13;39829711.24
11859660000149;2026-03-13;832933189.64
11859669000150;2026-03-12;15080790.14
11859795000104;2026-03-12;15984618.18
11863133000108;2026-03-13;42828027.48
11863144000198;2026-03-13;178595201.67
11863217000141;2026-03-13;46180579.55
11863227000187;2026-03-13;35550946.41
11863291000168;2026-03-13;61717164.02
11874869000181;2026-03-13;49609948.82
11882036000162;2026-03-13;63721447.57
11886375000117;2026-03-13;1734613.77
11886391000100;2026-03-13;499949388.73
11886423000177;2026-03-13;18195631.05
11887335000190;2026-03-13;108802109.19
11887365000104;2026-03-13;295880060.52
11898280000113;2026-03-13;869205751.11
11902276000181;2026-03-12;2438478.78
11904064000133;2026-03-13;251202105.08
11904071000135;2026-03-13;190760575.97
11904095000194;2026-03-13;41143129.10
11904377000191;2026-03-13;10423639.55
11905366000126;2026-03-13;200761531.21
11905638000198;2026-03-13;68084755.89
11907414000115;2026-03-13;78441076.75
11911491000149;2026-03-13;24254821.55
11952640000118;2026-03-13;99825799.71
11952676000100;2026-03-13;233851978.82
11952800000129;2026-03-12;161180511.81
11952816000131;2026-03-13;68968836.85
11952844000159;2026-03-13;13478225.72
11952873000110;2026-03-13;174568469.55
11959578000196;2026-03-13;759077893.45
11959639000115;2026-03-12;-413629.49
11959650000185;2026-03-13;96594622.29
11960140000128;2026-03-13;621728450.22
11960188000136;2026-03-13;1343748924.28
11960212000137;2026-03-13;308208895.12
11960246000121;2026-03-13;118930366.31
11960479000124;2026-03-13;53665006.80
11960947000160;2026-03-13;49042435.08
11961048000182;2026-03-13;38114391.94
11961056000129;2026-03-13;60611174.79
11961080000168;2026-03-13;184791686.64
11961161000168;2026-03-13;10779725.78
11961173000192;2026-03-13;1485381354.09
11961181000139;2026-03-13;4825908.16
11961199000130;2026-03-13;102639858.45
11961206000102;2026-03-13;412962929.62
11965107000190;2026-03-13;14089147.61
11977572000141;2026-03-13;7745256.00
11977607000142;2026-03-13;205836686.48
11977757000156;2026-03-13;178905341.51
11977794000164;2026-03-13;491792251.43
11978808000164;2026-03-13;54654910.90
11980010000157;2026-03-13;268333856.10
11991663000131;2026-03-02;9361362.43
11995076000110;2026-03-13;7808083.13
12003576000191;2026-03-13;15533882.88
12004076000174;2026-03-12;108059836.82
12004203000135;2026-03-13;148311149.94
12004245000176;2026-03-13;64516995.48
12013309000103;2026-03-13;4623457704.07
12023889000101;2026-03-13;16760524.93
12023897000158;2026-03-13;220280792.52
12029811000102;2026-03-13;54026956.96
12029928000188;2026-03-13;1456208624.12
12029942000181;2026-03-13;90871380.98
12030030000120;2026-03-12;2131101659.78
12030285000192;2026-03-11;17341041.41
12053727000116;2026-03-13;25380839.47
12055107000116;2026-03-13;917073192.96
12059831000118;2026-03-13;215405365.02
12060619000170;2026-03-12;145822970.23
12065790000172;2026-03-13;50103342.78
12065963000152;2026-03-13;212701747.03
12066279000195;2026-03-12;62204127.44
12078239000163;2026-03-13;9327569.13
12078274000182;2026-03-13;274671515.41
12081486000119;2026-03-13;352276118.37
12082009000178;2026-03-12;178859586.14
12082452000149;2026-03-13;511704109.44
12082982000197;2026-03-12;67975529.33
12083023000196;2026-03-13;63098495.77
12083748000184;2026-03-13;3318966018.58
12085947000121;2026-03-12;44777775.89
12086151000193;2026-03-12;136714957.15
12088861000152;2026-03-12;332926205.81
12092501000124;2026-03-12;3340852998.86
12092694000113;2026-03-12;267794500.33
12092849000111;2026-03-12;4311914.23
12092898000154;2026-03-12;8175439.53
12105940000124;2026-03-13;164864767.89
12105975000163;2026-03-12;18678498.98
12105992000109;2026-03-13;673842237.78
12107422000140;2026-03-13;214595393.34
12107530000112;2026-03-13;238990362.29
12107669000166;2026-03-13;2648006238.92
12107681000170;2026-03-13;194386158.32
12120451000141;2026-03-13;4189865.71
12120464000110;2026-03-12;118750472.32
12120470000178;2026-03-12;521841397.75
12120475000109;2026-03-13;179732502.42
12123799000192;2026-03-13;84531042.87
12124044000102;2026-03-13;562139281.34
12124089000187;2026-03-13;957198685.07
12124223000140;2026-03-13;867037640.64
12124230000141;2026-03-13;375056693.82
12124252000101;2026-03-13;36720734.69
12130794000197;2026-03-13;26885858.57
12144282000180;2026-03-13;41493775.32
12144302000112;2026-03-13;124795704.61
12144312000158;2026-03-13;123071514.10
12144319000170;2026-03-10;40795015.98
12154392000122;2026-03-13;481887540.90
12154412000165;2026-03-13;381742725.95
12184246000140;2026-03-12;186270634.53
12219241000105;2026-03-12;20244866.19
12219255000129;2026-03-13;27569196.07
12219271000111;2026-03-13;255841729.24
12219414000195;2026-03-13;118934706.31
12227848000137;2026-03-13;116006718.23
12227875000100;2026-03-12;16203382.86
12227908000111;2026-03-13;15969342.30
12228025000126;2026-03-12;56342005.30
12239909000186;2026-03-13;122921961.32
12239939000192;2026-03-13;80933658.87
12241282000106;2026-03-13;80679952.56
12265822000183;2026-03-13;61194032.72
12282689000173;2026-03-13;114828733.80
12282747000169;2026-03-13;191029611.25
12282890000150;2026-03-13;11756313.69
12283444000160;2026-03-13;11486444.14
12284088000108;2026-03-12;362367913.22
12284306000104;2026-03-13;16243630.58
12287624000110;2026-03-13;1814341.31
12287654000127;2026-03-12;168275425.68
12287682000144;2026-03-12;24910793.03
12287913000110;2026-03-12;57113325.41
12297830000101;2026-03-13;305963826.73
12321737000195;2026-03-13;106222705.51
12321769000190;2026-03-13;20188563.78
12322006000164;2026-03-13;432797443.08
12322010000122;2026-03-13;74063199.85
12332239000148;2026-03-13;34916330.77
12344535000169;2026-03-13;51447833.10
12353758000192;2026-03-13;854501221.78
12402646000184;2026-03-12;221702.01
12412327000150;2026-03-13;3667969125.67
12412496000190;2026-03-13;37748272.55
12412610000181;2026-03-13;87340254.39
12412803000132;2026-03-13;3407897.69
12412818000109;2026-03-13;8958582915.36
12412826000147;2026-03-13;228945081.53
12412832000102;2026-03-13;319368062.84
12420078000144;2026-03-13;13414626.09
12420095000181;2026-03-13;10330699.90
12420129000138;2026-03-13;5671303.59
12420146000175;2026-03-13;1134948.75
12421357000122;2026-03-13;207522061.02
12421371000126;2026-03-13;201842196.19
12430199000177;2026-03-13;26039697.08
12430231000114;2026-03-13;152861455.73
12435108000196;2026-03-13;34436228.29
12440732000181;2026-03-12;9892181.52
12440748000194;2026-03-13;1183985.61
12440761000143;2026-03-12;252020877.62
12440773000178;2026-03-12;5675857.36
12440825000106;2026-03-12;38769516.52
12440875000193;2026-03-12;15988033.56
12440890000131;2026-03-12;16096325.06
12440903000172;2026-03-13;76493705.82
12440910000174;2026-03-13;112717692.55
12440930000145;2026-03-13;37253913.31
12441709000101;2026-03-13;85679299.45
12441832000122;2026-03-02;277156490.92
12442008000197;2026-03-12;56108937.88
12468325000182;2026-03-12;233264563.38
12468337000107;2026-03-12;227471928.51
12468764000195;2026-03-13;60044165.88
12468835000150;2026-03-13;9547501.17
12469017000171;2026-03-13;25046615.70
12469130000157;2026-03-13;13565591.99
12469463000186;2026-03-13;74921876.72
12474203000107;2026-03-13;6603004518.68
12474225000169;2026-03-13;35167485.98
12474304000170;2026-03-13;24914657.31
12474880000117;2026-03-13;45809123.46
12474915000118;2026-03-13;78329487.66
12483791000137;2026-03-13;75913638.78
12483827000182;2026-03-13;2247463.75
12483839000107;2026-03-13;3625743.53
12483872000137;2026-03-11;46788569.52
12483967000150;2026-03-12;2513143137.71
12483978000130;2026-03-13;109099514.58
12518192000101;2026-03-13;1158282486.35
12518210000155;2026-03-12;88160065.05
12518282000100;2026-03-13;681119397.92
12518290000149;2026-03-12;33750778.50
12533094000143;2026-03-13;7739229.67
12533136000146;2026-03-13;14569067.96
12533165000108;2026-03-13;30802244.32
12547115000180;2026-03-12;9241128.34
12547239000165;2026-03-13;143016456.61
12547250000125;2026-03-12;802996997.63
12547262000150;2026-03-12;128701588.77
12547272000195;2026-03-12;171279049.75
12553578000154;2026-03-13;11027462.69
12553606000133;2026-03-13;13252490.39
12553685000182;2026-03-13;539721147.13
12553726000130;2026-03-13;10261535538.97
12558695000100;2026-03-12;655145386.15
12558761000142;2026-03-12;707987679.30
12558769000109;2026-03-12;244877646.82
12558782000168;2026-03-12;193755148.28
12558791000159;2026-03-12;1013397623.79
12565049000170;2026-03-13;578361541.08
12565062000120;2026-03-13;11000222.20
12565093000180;2026-03-13;1356867885.68
12565122000104;2026-03-12;21472721.64
12565159000132;2026-03-13;311001458.17
12565167000189;2026-03-13;160502395.79
12565182000127;2026-03-13;39663223.42
12580046000106;2026-03-12;98975541.47
12580469000126;2026-03-12;854371501.58
12580504000107;2026-03-13;547664816.91
12580589000123;2026-03-12;771992961.86
12580631000106;2026-03-12;505179811.07
12580638000128;2026-03-12;464627468.02
12580648000163;2026-03-12;188627276.93
12580664000156;2026-03-12;173404749.01
12580807000120;2026-03-12;438528767.61
12581000000101;2026-03-12;104241621.56
12581016000114;2026-03-12;120464625.26
12581026000150;2026-03-12;50666535.59
12581042000142;2026-03-12;10536438.03
12581050000199;2026-03-12;7893172.00
12581073000101;2026-03-12;45186094.27
12581086000172;2026-03-12;1918974332.68
12581097000152;2026-03-12;147903623.19
12581135000177;2026-03-12;18300024.99
12586070000152;2026-03-13;278425432.75
12586090000123;2026-03-13;327641123.84
12586174000167;2026-03-13;47366844.63
12586238000120;2026-03-13;9822833818.17
12610561000191;2026-03-12;507377798.98
12610590000153;2026-03-12;64837177.61
12610613000120;2026-03-13;56372287.46
12610623000165;2026-03-13;4295896.94
12610629000132;2026-03-12;16550671.93
12610779000146;2026-03-12;331427453.64
12630565000131;2026-03-13;15383848.43
12636386000101;2026-03-12;638651117.82
12645952000141;2026-03-12;274368728.42
12665559000110;2026-03-13;25573450.61
12672120000114;2026-03-13;63956806.44
12681350000140;2026-03-13;1473238160.29
12682783000110;2026-03-12;28473461.81
12682789000197;2026-03-13;51507365.21
12698541000114;2026-03-13;48214665.57
12698632000150;2026-03-13;38005774.30
12704442000106;2026-03-13;18907510.05
12704457000166;2026-03-13;96104883.23
12765592000111;2026-03-12;17478518.86
12765687000135;2026-03-12;14403376.87
12765720000127;2026-03-13;8455500.77
12765738000129;2026-03-12;63465169.15
12766824000156;2026-03-12;837078887.35
12796193000118;2026-03-13;108482968.24
12796232000187;2026-03-13;9795549704.58
12798221000136;2026-03-13;5162580754.05
12799234000120;2026-03-13;47681298.90
12808980000132;2026-03-13;6147329219.03
12809201000113;2026-03-13;1557187445.26
12813177000196;2026-03-12;16137268.52
12813445000170;2026-03-13;41574705.52
12813620000129;2026-03-13;640398102.95
12823624000198;2026-03-13;340184094.37
12823627000121;2026-03-13;547665280.69
12831360000114;2026-03-13;96914346.01
12834698000120;2026-03-13;154554977.16
12839769000187;2026-03-13;9087126.65
12845796000162;2026-03-13;16640821.37
12845801000137;2026-03-12;10817294.44
12866378000151;2026-03-12;31774379.97
12877241000100;2026-03-13;289723390.69
12884352000136;2026-03-13;72549825.75
12884370000118;2026-03-13;101209509.75
12884380000153;2026-03-13;193576553.42
12884390000199;2026-03-13;141226173.83
12903600000149;2026-03-13;101910334.80
12904571000130;2026-03-11;12938918.19
12907100000185;2026-03-13;41779675.21
12915221000179;2026-03-13;694722342.46
12923387000137;2026-03-13;141989181.74
12951504000176;2026-03-13;1497153.18
12951555000106;2026-03-13;69841.60
12951600000114;2026-03-13;14669231.99
12952597000153;2026-03-13;69066657.92
12952687000144;2026-03-13;11562838214.90
12969588000175;2026-03-13;31063830.23
12981753000104;2026-03-13;42142842.83
12981876000145;2026-03-13;3367047.51
12981881000158;2026-03-13;11112533.36
12984454000123;2026-03-13;238540996.80
12984462000170;2026-03-12;41354805.22
12984486000129;2026-03-12;67526504.64
12984495000110;2026-03-13;734849641.80
12984505000117;2026-03-13;1452691247.61
12984634000105;2026-03-13;37962991.70
12984676000146;2026-03-13;897629.05
12984730000153;2026-03-13;32331045.88
12984749000108;2026-03-13;73297597.61
12984759000135;2026-03-13;3067436.86
12984800000173;2026-03-13;6677440.88
12987189000137;2026-03-13;528168152.94
12987728000138;2026-03-13;15576488.80
12987743000186;2026-03-13;783073240.65
12987825000120;2026-03-13;13322829.03
12987909000164;2026-03-13;18803039.27
12987912000188;2026-03-13;33880979.57
12988353000120;2026-03-13;42719429.96
12993335000137;2026-03-13;16469676.08
12993338000170;2026-03-13;99881377.59
12995157000183;2026-03-13;14473633.62
12995169000108;2026-03-13;48170840.75
13000853000175;2026-03-13;17540425.00
13000859000142;2026-03-13;32236966.02
13001209000111;2026-03-13;7437338.05
13001211000190;2026-03-13;31900468.75
13001229000192;2026-03-13;203791714.63
13001237000139;2026-03-13;13047436.78
13003672000100;2026-03-13;4563096.54
13020991000116;2026-03-12;26513785.99
13021486000196;2026-03-13;229055782.24
13021634000172;2026-03-13;158619342.64
13021642000119;2026-03-13;417198955.48
13021653000107;2026-03-13;174715182.42
13022979000140;2026-03-13;30008182.81
13022980000175;2026-03-13;45276065.46
13028332000126;2026-03-13;166141863.17
13028336000104;2026-03-13;4883769300.59
13028340000172;2026-03-13;1213470744.68
13028348000139;2026-03-12;3548036942.53
13030850000184;2026-03-12;106334661.96
13033721000140;2026-03-13;8155883.79
13042231000100;2026-03-13;137292235.74
13042303000119;2026-03-12;38654798.42
13049654000151;2026-03-12;124301883.76
13049660000109;2026-03-12;126324512.44
13049682000179;2026-03-12;83555760.43
13052730000188;2026-03-13;127697595.28
13052736000155;2026-03-13;59693743.36
13052739000199;2026-03-13;11873670690.31
13052890000127;2026-03-12;353627956.41
13057266000112;2026-03-13;101145448.45
13057270000180;2026-03-13;73878777.12
13057276000158;2026-03-13;67717917.38
13058729000160;2026-03-12;3244400144.38
13058733000129;2026-03-12;1018982399.13
13058736000162;2026-03-12;15209794025.40
13058793000141;2026-03-12;380472020.67
13058811000195;2026-03-12;3366380596.53
13058816000118;2026-03-13;304466920.12
13058838000188;2026-03-12;5827545395.28
13058872000152;2026-03-12;152108717.52
13058876000130;2026-03-12;136530516.12
13060032000124;2026-03-13;29078232.94
13071579000125;2026-03-13;2388393011.19
13071581000102;2026-03-13;580529087.42
13072143000150;2026-03-13;1682592908.24
13077415000105;2026-03-13;3057115279.88
13077418000149;2026-03-13;22388327240.76
13077478000161;2026-03-13;41448592.51
13077496000143;2026-03-12;15387795.38
13079634000123;2026-03-13;75273585.36
13079650000116;2026-03-13;716800959.92
13081159000120;2026-03-13;615715537.80
13081827000119;2026-03-13;156767151.74
13083185000197;2026-03-13;147941935.62
13083227000190;2026-03-13;43979833.66
13089217000161;2026-03-12;16423491.87
13089332000136;2026-03-12;172163101.82
13089341000127;2026-03-13;11268002.91
13106978000184;2026-03-13;9878500.19
13106979000129;2026-03-13;16666027.48
13106980000153;2026-03-13;29798127.69
13106983000197;2026-03-13;103159945.04
13106995000111;2026-03-13;1263469271.84
13106998000155;2026-03-13;216274958.23
13107003000170;2026-03-13;121829596.45
13130811000159;2026-03-13;59702233.05
13135901000132;2026-03-13;81248819.14
13135919000134;2026-03-13;214537549.41
13135930000102;2026-03-13;186819148.66
13135961000155;2026-03-13;43689921.20
13136134000186;2026-03-12;6264130.28
13136962000114;2026-03-13;95722673.31
13136966000100;2026-03-13;229261557.33
13142132000108;2026-03-13;52125930.72
13142134000199;2026-03-13;88994388.73
13143665000104;2026-03-13;28937258.07
13143667000195;2026-03-13;1842712.36
13143673000142;2026-03-13;17133528.11
13155995000101;2026-03-13;63452316.52
13162675000189;2026-03-13;17767932.54
13176293000104;2026-03-13;183159317.24
13198960000150;2026-03-13;337735272.37
13199084000186;2026-03-13;478886472.23
13199100000130;2026-03-13;1435817.84
13199182000113;2026-03-13;1730005799.48
13200287000145;2026-03-12;3120400.72
13200528000156;2026-03-13;10956249.65
13207280000155;2026-03-13;4664447.49
13249773000158;2026-03-12;107315874.60
13250309000181;2026-03-12;174256694.73
13250647000113;2026-03-13;28659524.18
13251114000156;2026-03-13;29634842.28
13251421000137;2026-03-12;70750183.06
13255292000155;2026-03-13;34764693.75
13255321000189;2026-03-13;2083873.51
13277011000165;2026-03-13;3463159931.41
13294268000125;2026-03-12;133880678.88
13294300000172;2026-03-12;3754617.65
13294313000141;2026-03-13;20472116.82
13294360000195;2026-03-12;15521591.45
13294408000165;2026-03-12;15717195.18
13294631000102;2026-03-12;14488708.52
13294661000119;2026-03-12;564347030.57
13294689000156;2026-03-12;18042141.32
13298042000100;2026-03-13;33976342.76
13298069000195;2026-03-12;32406414.39
13301457000188;2026-03-12;1590806.48
13316072000194;2026-03-13;383886235.33
13322192000102;2026-03-13;86763248.61
13322205000135;2026-03-13;4064643751.66
13327340000173;2026-03-13;752646492.09
13333985000119;2026-03-13;1039901572.34
13333997000143;2026-03-13;380349344.64
13356244000153;2026-03-13;2208222.76
13356288000183;2026-03-10;209374231.82
13356299000163;2026-03-13;60366629.87
13396543000111;2026-03-13;58662289.33
13396674000107;2026-03-11;21054332.03
13396703000122;2026-03-12;629892048.47
13396819000161;2026-03-13;421136887.16
13396992000160;2026-03-13;837682.38
13397076000144;2026-03-13;3271662.26
13397466000114;2026-03-13;1810565715.64
13397600000187;2026-03-12;43558299.89
13397626000125;2026-03-13;41589260.88
13397677000157;2026-03-12;76190179.82
13397713000182;2026-03-12;7300972.98
13397735000142;2026-03-12;10350802.81
13397802000129;2026-03-12;14929943.45
13397846000159;2026-03-12;144508651.15
13400050000108;2026-03-13;193020474.57
13400077000109;2026-03-13;104708609.36
13400105000180;2026-03-12;120891486.29
13400167000191;2026-03-13;101875547.60
13400182000130;2026-03-12;552311022.87
13400194000164;2026-03-13;266155357.23
13400206000150;2026-03-13;1265491762.83
13401118000173;2026-03-13;298342546.72
13401162000183;2026-03-12;328161491.53
13401175000152;2026-03-13;5445897895.38
13401188000121;2026-03-13;77219834.22
13401215000166;2026-03-13;241186575.36
13401224000157;2026-03-13;99299230.90
13401238000170;2026-03-13;547706756.89
13401421000176;2026-03-13;14259970047.74
13401510000112;2026-03-13;332854370.52
13401634000106;2026-03-13;99091802.63
13401638000186;2026-03-12;54877101.56
13401673000103;2026-03-13;15817316.99
13401688000163;2026-03-12;129742966.84
13401694000110;2026-03-12;25295712.23
13401715000106;2026-03-13;321610870.75
13402004000148;2026-03-12;2709781.25
13402159000184;2026-03-13;1439314.97
13402179000155;2026-03-12;48552971.36
13409618000151;2026-03-13;46974020.56
13409667000194;2026-03-13;4142601.43
13410633000110;2026-03-13;39468731.99
13410684000141;2026-03-13;239183357.39
13410763000152;2026-03-13;111780603.54
13410792000114;2026-03-13;153439628.04
13410897000173;2026-03-13;30431383.61
13411036000100;2026-03-13;7213855394.22
13411064000127;2026-03-13;1306101784.31
13411088000186;2026-03-12;425695900.86
13411122000112;2026-03-12;320932555.70
13411156000107;2026-03-13;4218542531.97
13411754000186;2026-03-13;277390781.38
13411784000192;2026-03-13;7381488.47
13411833000197;2026-03-13;213442634.17
13411914000197;2026-03-13;7100330206.02
13412137000103;2026-03-13;26596536.31
13412186000138;2026-03-13;189094298.01
13412205000126;2026-03-13;1746934860.63
13412251000125;2026-03-13;123503503.69
13412410000191;2026-03-13;1082452517.48
13412423000160;2026-03-13;315117484.37
13412435000195;2026-03-13;2683377399.28
13416181000183;2026-03-13;11050392.73
13416189000140;2026-03-13;1083453161.89
13417011000113;2026-03-13;6973578.76
13417213000165;2026-03-13;8360196.98
13417364000113;2026-03-13;5167591262.13
13417595000127;2026-03-13;1346945.62
13417631000152;2026-03-13;129344754.94
13418910000130;2026-03-13;70779028.07
13425746000199;2026-03-13;7467399.38
13425757000179;2026-03-12;533303588.02
13429264000107;2026-03-12;36581300.14
13442707000108;2026-03-13;2589717.64
13449021000130;2026-03-13;5649115.83
13454211000146;2026-03-13;1998827228.40
13454221000181;2026-03-13;838823204.32
13454232000161;2026-03-13;20043352.27
13454508000101;2026-03-13;167038904.25
13455117000101;2026-03-13;643292793.27
13455136000138;2026-03-13;855401903.41
13455148000162;2026-03-13;803111293.02
13455174000190;2026-03-13;784299576.34
13455189000159;2026-03-13;1257443400.52
13455197000103;2026-03-13;618374420.93
13455278000103;2026-03-13;1081277179.90
13458147000171;2026-03-12;11742158.30
13482668000164;2026-03-13;6442815.11
13482672000122;2026-03-13;172863142.65
13482675000166;2026-03-13;101880611.94
13483558000117;2026-03-13;50292841.41
13492738000165;2026-03-13;67265274.85
13500098000198;2026-03-12;157237027.84
13503226000157;2026-03-13;46950029.08
13503227000100;2026-03-13;20033601.11
13503979000162;2026-03-13;29014976.71
13504068000150;2026-03-13;45766350.35
13514749000107;2026-03-13;4397626.78
13514764000147;2026-03-12;48263803.26
13515893000150;2026-03-13;11746942.95
13520470000128;2026-03-12;142205146.76
13520736000132;2026-03-12;207027746.71
13529588000117;2026-03-13;69790364.15
13529661000150;2026-03-12;24309395.56
13535506000147;2026-03-13;18501750.18
13547585000106;2026-03-13;14038401.32
13547613000195;2026-03-12;87996261.62
13547622000186;2026-03-12;67716242.00
13547632000111;2026-03-12;132311116.75
13547640000168;2026-03-13;4974118.40
13549283000177;2026-03-13;44231114.25
13549298000135;2026-03-13;560593761.37
13549299000180;2026-03-13;66074849.77
13551856000105;2026-03-13;1582795.78
13553254000189;2026-03-13;13722359.73
13554193000174;2026-03-12;53391994.36
13568040000186;2026-03-13;1050494796.19
13572088000168;2026-03-13;18720049.07
13574570000137;2026-03-13;31837321.16
13574572000126;2026-03-13;12038395.99
13591889000170;2026-03-13;55647204.60
13591900000100;2026-03-13;95862591.44
13591924000151;2026-03-13;24148153.05
13591934000197;2026-03-13;5873860.12
13593258000190;2026-03-13;814193359.09
13593429000181;2026-03-13;3158803.29
13594671000170;2026-03-10;23164472.63
13594673000169;2026-03-12;25151023.21
13594675000158;2026-03-13;24161031.20
13596227000193;2026-03-13;30508822.08
13596279000160;2026-03-12;22214304.38
13596496000150;2026-03-13;15663284.74
13603779000181;2026-03-13;59531867.12
13608337000128;2026-03-13;58620381.98
13608338000172;2026-03-13;1936308.60
13608339000117;2026-03-13;19735184.89
13611616000140;2026-03-13;36279690.17
13614687000105;2026-03-13;120957976.40
13614709000129;2026-03-12;123914835.48
13614712000142;2026-03-12;64704067.28
13614743000101;2026-03-13;21586856.82
13615411000133;2026-03-13;217302341.79
13622354000110;2026-03-13;219149503.31
13635486000186;2026-03-13;69693164.24
13659375000100;2026-03-13;4958794.13
13667257000143;2026-03-12;133192238.50
13667312000103;2026-03-13;33555800.59
13667364000171;2026-03-13;84040540.21
13703273000144;2026-03-13;90183206.66
13703275000133;2026-03-13;131125845.45
13703282000135;2026-03-13;600032418.36
13703669000191;2026-03-13;44211149.82
13703693000120;2026-03-11;270237114.29
13703754000150;2026-03-13;5894277.68
13727058000183;2026-03-12;39663127.08
13768597000160;2026-03-13;118221472.08
13804852000183;2026-03-13;316031461.62
13812165000100;2026-03-13;343529826.35
13812187000170;2026-03-13;157441671.89
13812255000109;2026-03-12;122990116.24
13812265000136;2026-03-13;183936653.29
13823011000113;2026-03-13;25412449.84
13823019000180;2026-03-12;67341845.23
13823084000105;2026-03-13;2866204117.94
13848539000147;2026-03-13;3139625814.27
13848555000130;2026-03-12;18157905.70
13848558000173;2026-03-13;633429324.85
13855026000163;2026-03-13;70775294.34
13863699000165;2026-03-12;78438297.11
13896161000157;2026-03-12;188632986.99
13896282000107;2026-03-12;70528772.83
13898197000170;2026-03-12;275700804.21
13902266000171;2026-03-12;174076033.63
13909560000105;2026-03-13;178106413.86
13910434000170;2026-03-13;111905532.18
13910764000166;2026-03-13;405583471.34
13911092000103;2026-03-13;35670398.88
13911368000153;2026-03-12;6716929.62
13911703000113;2026-03-12;61173857.75
13914334000112;2026-03-13;341784300.79
13918306000173;2026-03-13;613921108.35
13927606000119;2026-03-13;84883190.09
13935899000186;2026-03-13;166204888.53
13942820000144;2026-03-13;29791154.87
13945169000166;2026-03-13;500418128.52
13945255000179;2026-03-13;437332501.57
13945537000176;2026-03-13;2259904841.84
13950080000198;2026-03-13;58312795.92
13950148000139;2026-03-12;200576531.20
13950198000116;2026-03-13;140221956.80
13950443000195;2026-03-12;71459669.05
13950459000106;2026-03-13;393712865.52
13950478000124;2026-03-12;512083656.64
13950493000172;2026-03-13;165639398.14
13958690000138;2026-03-13;65067057.64
13962681000110;2026-03-13;168776053.02
13962941000158;2026-03-13;113372664.88
13962947000125;2026-03-13;412447019.98
13962959000150;2026-03-13;1858615408.56
13962974000106;2026-03-13;87207946.47
13962999000100;2026-03-13;160213963.86
13966575000105;2026-03-13;19355586.81
13966586000195;2026-03-13;23757325.32
13969581000116;2026-03-13;14390522.32
13969608000170;2026-03-13;160371269.65
13969771000133;2026-03-12;226140215.36
13970020000137;2026-03-12;509281904.59
13970026000104;2026-03-12;333713131.67
13973228000100;2026-03-13;89558006.06
13974750000106;2026-03-13;162776289.74
13974759000117;2026-03-13;31420467.35
13998573000106;2026-03-13;173163364.63
14017351000110;2026-03-13;5373530.01
14049176000142;2026-03-13;846891861.29
14049207000165;2026-03-13;26056527.57
14053036000148;2026-03-13;944254400.25
14061254000124;2026-03-13;48241902.72
14068361000184;2026-03-13;48825246.05
14068366000107;2026-03-13;223920953.26
14076676000173;2026-03-11;1316710.99
14076680000131;2026-03-13;19545282.72
14083541000135;2026-03-13;120789309.85
14083792000110;2026-03-13;15834140.95
14083797000142;2026-03-13;33477490.89
14091616000120;2026-03-13;173932058.69
14091619000163;2026-03-13;65364625.73
14091645000191;2026-03-13;1235906.20
14096060000164;2026-03-13;448429198.46
14096169000100;2026-03-12;952940795.68
14096212000129;2026-03-13;1082324822.25
14096240000146;2026-03-13;4347870350.48
14096253000115;2026-03-12;288219560.18
14096495000109;2026-03-13;1149572.26
14096710000171;2026-03-13;608684301.32
14096759000124;2026-03-13;41199859.01
14097124000141;2026-03-13;19723586.55
14097346000164;2026-03-13;88302640.20
14097532000101;2026-03-13;276917320.43
14097736000134;2026-03-13;399797780.31
14097800000187;2026-03-12;120600140.75
14099143000107;2026-03-13;199830508.91
14099145000104;2026-03-13;9188733519.97
14099149000184;2026-03-13;302101807.99
14099541000123;2026-03-13;33015891.49
14099565000182;2026-03-13;4101244072.80
14099686000124;2026-03-13;206588668.30
14099976000178;2026-03-13;103511234.93
14104042000187;2026-03-13;3107365.00
14104062000158;2026-03-13;2367761.84
14104082000129;2026-03-13;3129004.96
14104126000110;2026-03-13;2044122.90
14104362000137;2026-03-13;236561095.09
14104380000119;2026-03-13;2091703109.61
14106765000115;2026-03-13;4727310788.87
14113340000133;2026-03-13;371521394.73
14113345000166;2026-03-13;7519991.60
14113348000108;2026-03-12;69253190.78
14115112000100;2026-03-12;199217651.16
14115118000170;2026-03-13;58719144.96
14115122000138;2026-03-13;6836321.94
14120436000129;2026-03-12;198437101.03
14120488000103;2026-03-13;1525306828.80
14120495000105;2026-03-12;380723302.23
14120511000151;2026-03-13;162272978.11
14120520000142;2026-03-13;775219812.59
14120553000192;2026-03-12;3474102099.27
14120561000139;2026-03-12;48076171775.07
14120568000150;2026-03-12;18320554800.89
14122395000100;2026-03-13;24658176.55
14122404000162;2026-03-13;133519468.19
14122405000107;2026-03-09;91864254.19
14122486000145;2026-03-13;18846674.46
14126355000136;2026-03-13;48506449.07
14138785000178;2026-03-12;40915810.40
14138786000112;2026-03-13;828793960.82
14146491000198;2026-03-13;57349668.03
14146496000110;2026-03-13;67618156.30
14146499000154;2026-03-13;4390624.82
14146709000104;2026-03-13;39356163.27
14146726000141;2026-03-13;31761995.45
14158932000171;2026-03-13;22211259.27
14158942000107;2026-03-13;63149377.76
14158954000131;2026-03-13;16322058.34
14159055000153;2026-03-13;22114107011.35
14159068000122;2026-03-13;525069985.17
14159325000126;2026-03-13;28295116.37
14163407000144;2026-03-13;6838058.34
14163496000129;2026-03-13;788337448.63
14167417000158;2026-03-13;14179234.02
14167479000160;2026-03-13;29650474.76
14167491000174;2026-03-13;1442991809.86
14167550000104;2026-03-13;99154524.66
14171591000174;2026-03-12;24639803.63
14171594000108;2026-03-13;113572382.33
14171644000157;2026-03-13;3663013196.10
14171653000148;2026-03-13;80871614.34
14171657000126;2026-03-13;34440326.57
14171659000115;2026-03-13;193518603.79
14171660000140;2026-03-13;46947838.53
14171959000102;2026-03-12;119179602.01
14171982000199;2026-03-12;35618439.59
14172036000167;2026-03-13;140123195.60
14172204000114;2026-03-13;314274781.59
14172627000134;2026-03-13;539709827.96
14180011000105;2026-03-13;120803481.51
14180021000140;2026-03-13;1774318.38
14180075000106;2026-03-13;478215499.23
14180089000120;2026-03-13;286451978.42
14180100000151;2026-03-13;1415224.71
14180114000175;2026-03-13;367727400.00
14188139000115;2026-03-13;13980815.56
14188156000152;2026-03-13;114170179.62
14188162000100;2026-03-13;1833330229.46
14188164000107;2026-03-13;2400932362.09
14196832000130;2026-03-13;182761276.12
14196834000129;2026-03-13;305563112.86
14196835000173;2026-03-13;1671304741.72
14205056000197;2026-03-13;883387380.29
14213077000154;2026-03-13;3533150741.93
14213331000114;2026-03-13;815822312.17
14237063000170;2026-03-12;409559643.85
14237118000142;2026-03-13;104582284.98
14237162000152;2026-03-13;15790622.01
14237171000143;2026-03-11;121525029.35
14239657000110;2026-03-12;132043796.84
14239659000100;2026-03-13;151507859.41
14284014000199;2026-03-13;217348339.41
14284623000148;2026-03-12;66582603.67
14284684000105;2026-03-13;631280371.89
14284747000123;2026-03-11;295571428.39
14285221000168;2026-03-12;4321172902.05
14285371000171;2026-03-12;4437716752.86
14287871000142;2026-03-13;6556527276.61
14298601000137;2026-03-12;5651031207.72
14298614000106;2026-03-06;0.00
14298639000100;2026-03-13;30107250.96
14298670000140;2026-03-12;45955056.93
14298679000151;2026-03-12;68859247.02
14298797000160;2026-03-13;647900802.95
14298810000180;2026-03-13;384632802.13
14298820000116;2026-03-13;102054331.74
14298842000186;2026-03-13;25799235.77
14312140000100;2026-03-13;1215781.51
14325933000163;2026-03-13;3783842.38
14326187000122;2026-03-12;35944401.30
14326332000175;2026-03-13;287653407.81
14326376000103;2026-03-13;1825655.64
14326479000165;2026-03-13;1824784.06
14356961000148;2026-03-13;376157471.56
14359654000110;2026-03-13;390660817.11
14379407000186;2026-03-13;54132104.87
14386893000160;2026-03-12;5225628496.24
14386926000171;2026-03-13;2799364366.34
14386969000157;2026-03-13;681933570.82
14387389000184;2026-03-12;1826205341.20
14387403000140;2026-03-12;518261632.71
14399647000142;2026-03-13;34952377.70
14399693000141;2026-03-13;717327812.32
14399722000175;2026-03-13;720000558.19
14399744000135;2026-03-13;13413974.12
14399766000103;2026-03-13;18419392.63
14399781000143;2026-03-13;220554911.95
14399804000110;2026-03-13;718075265.67
14401035000147;2026-03-13;621015460.05
14415738000124;2026-03-13;108162269.98
14415875000169;2026-03-13;197084882.69
14415923000119;2026-03-13;72271528.17
14416043000167;2026-03-13;31732379.11
14416263000190;2026-03-13;477107319.31
14416823000107;2026-03-13;4412210013.67
14421832000196;2026-03-12;54221310.12
14421899000120;2026-03-13;12033476.90
14421922000187;2026-03-13;17417564.67
14423903000190;2026-03-13;49517350.12
14424029000105;2026-03-13;33013164.63
14427824000157;2026-03-13;32673854.39
14435448000142;2026-03-12;165783935.46
14435466000124;2026-03-11;565397433.53
14435485000150;2026-03-12;11425411.58
14435497000185;2026-03-13;17046424.93
14437359000135;2026-03-13;498778025.36
14437383000174;2026-03-12;110056307.00
14437398000132;2026-03-13;27844821.91
14437442000104;2026-03-13;106198953.64
14437456000128;2026-03-13;3899124.90
14437605000159;2026-03-13;407206804.89
14437618000128;2026-03-13;44594600.08
14437664000127;2026-03-13;44979943.19
14437684000106;2026-03-13;497381524.30
14437699000166;2026-03-13;470962552.21
14437731000103;2026-03-13;135267155.53
14438229000117;2026-03-12;101386583.40
14466898000100;2026-03-13;171185039.98
14466923000148;2026-03-12;57684029.45
14466935000172;2026-03-13;182004922.51
14466945000108;2026-03-12;329277105.19
14472938000119;2026-03-12;21051249.75
14472960000169;2026-03-12;291637106.36
14473010000159;2026-03-12;47038326.36
14473061000180;2026-03-12;243023366.31
14473842000175;2026-03-10;35382643.29
14476715000120;2026-03-13;3724463.94
14476729000143;2026-03-13;135320516.55
14476736000145;2026-03-13;148884751.67
14481752000126;2026-03-13;114327027.96
14485349000175;2026-03-13;22631308.46
14487206000100;2026-03-13;87444666.50
14487225000129;2026-03-13;17590948.51
14487362000163;2026-03-13;1120598.03
14487451000100;2026-03-12;14421136.56
14487504000192;2026-03-13;36471730.05
14491564000189;2026-03-13;94197097.42
14491580000171;2026-03-12;34381191.00
14491615000172;2026-03-13;376219392.57
14491652000180;2026-03-11;62010303.64
14491665000150;2026-03-13;42071251.62
14504196000166;2026-03-13;125290286.55
14504507000197;2026-03-13;95059437.16
14504533000115;2026-03-13;52202720.53
14504578000190;2026-03-13;284437497.99
14507681000193;2026-03-13;796524033.17
14507699000195;2026-03-13;802008247.72
14507761000149;2026-03-13;4160461278.79
14507897000159;2026-03-13;5112198486.03
14508537000171;2026-03-13;951644905.91
14508563000108;2026-03-13;349833453.28
14508590000172;2026-03-13;717565028.84
14508605000100;2026-03-13;1683387560.92
14508643000155;2026-03-13;1633269917.00
14508652000146;2026-03-13;840216454.46
14544826000126;2026-03-12;31353276.49
14549707000166;2026-03-13;652202442.26
14549719000190;2026-03-12;15446159.30
14557317000138;2026-03-13;3744591462.88
14565740000180;2026-03-13;20854439.24
14568718000193;2026-03-13;202158101.33
14572542000143;2026-03-12;2316536.04
14628442000191;2026-03-13;252491625.93
14632925000160;2026-03-13;86321837.83
14633188000110;2026-03-13;625065972.57
14637867000167;2026-03-13;9727577.34
14655180000154;2026-03-12;72749744.57
14702111000154;2026-03-13;8752889173.11
14706288000129;2026-03-13;38085821.84
14706299000109;2026-03-13;49363462.37
14706517000105;2026-03-13;1837241295.74
14706573000140;2026-03-13;10472520.76
14706623000199;2026-03-13;32822704.33
14706879000104;2026-03-13;12298216.50
14706925000167;2026-03-12;34432015.16
14713884000136;2026-03-13;2403558205.84
14759045000159;2026-03-13;17734977.00
14780356000108;2026-03-13;7878292318.79
14781304000148;2026-03-12;11128708.99
14781350000147;2026-03-13;22872327.97
14781366000150;2026-03-13;32176268.79
14793884000193;2026-03-13;15912090.10
14796095000106;2026-03-13;13660608.43
14799785000119;2026-03-13;46805053.30
14799786000163;2026-03-12;103281085.90
14806166000104;2026-03-13;6584370.18
14812722000155;2026-03-13;185689315.49
14816895000141;2026-03-13;46803609.44
14822252000100;2026-03-13;49130137.01
14822262000146;2026-03-12;71896121.41
14824006000198;2026-03-13;4726721.53
14825026000183;2026-03-13;2022560.96
14828437000122;2026-03-13;44753450.74
14830964000171;2026-03-13;21238527.80
14834416000110;2026-03-12;20546325.69
14840830000131;2026-03-12;106811022.37
14843235000150;2026-03-13;36925059.25
14843485000190;2026-03-12;18934386.13
14843497000114;2026-03-13;28401484.39
14843591000173;2026-03-12;25122152.69
14843599000130;2026-03-13;15640204.07
14843603000160;2026-03-12;53012957.93
14843607000148;2026-03-12;41731323.33
14843622000196;2026-03-12;22819866.64
14843629000108;2026-03-12;7549678.47
14843673000118;2026-03-12;13263380.50
14843675000107;2026-03-12;12075127.45
14843679000195;2026-03-12;28488020.66
14843717000100;2026-03-12;214229330.49
14843748000160;2026-03-12;40584603.11
14843771000155;2026-03-13;437808632.12
14843779000111;2026-03-12;15639631.29
14843780000146;2026-03-13;251315963.26
14843784000124;2026-03-12;376344425.83
14866273000128;2026-03-13;217342417.59
14879592000178;2026-03-13;1182362944.47
14880030000144;2026-03-13;24218197.52
14886784000101;2026-03-13;85717063.28
14933427000157;2026-03-13;5406221213.25
14940834000191;2026-03-13;8365427209.23
14950881000116;2026-03-13;3541188.52
14951577000193;2026-03-13;88606792.05
14951623000154;2026-03-13;26137347.05
14964240000110;2026-03-13;276237920.97
14985331000132;2026-03-13;221756237.01
14985344000101;2026-03-13;173945065.59
14985351000103;2026-03-13;449638277.32
14985689000165;2026-03-13;655367381.99
14985731000148;2026-03-13;143312311.69
14985743000172;2026-03-13;270235248.92
15019677000149;2026-03-12;7549290.28
15019684000140;2026-03-13;59159409.45
15019717000152;2026-03-13;259451971.33
15019749000158;2026-03-13;61816946.60
15029147000181;2026-03-13;120236475.92
15037554000130;2026-03-13;1983218837.25
15037570000123;2026-03-13;102604261.57
15037582000158;2026-03-12;1066006236.42
15044971000100;2026-03-13;499977865.94
15053442000173;2026-03-13;53918268.27
15059057000133;2026-03-12;432674960.09
15060248000115;2026-03-13;168025359.47
15060252000183;2026-03-13;582456203.74
15060253000128;2026-03-13;425713607.51
15060258000150;2026-03-13;144865575.57
15078010000117;2026-03-13;17535038.19
15078060000102;2026-03-13;23026696.70
15078069000105;2026-03-13;59947814.66
15078107000120;2026-03-13;306542683.89
15091732000101;2026-03-13;397382441.09
15102065000115;2026-03-13;515059487.70
15102070000128;2026-03-13;20514281.44
15106614000120;2026-03-13;1928489732.01
15109406000184;2026-03-13;287597762.17
15116638000160;2026-03-13;412349052.75
15118043000143;2026-03-13;28658295.73
15141808000166;2026-03-13;17437912.13
15141814000113;2026-03-13;21150326.18
15153656000111;2026-03-12;25867725.61
15154220000147;2026-03-13;466228299.85
15154236000150;2026-03-13;12551208.74
15154319000149;2026-03-13;1608225874.38
15154356000157;2026-03-12;108051070.68
15154385000119;2026-03-12;78083065.56
15154395000154;2026-03-12;154233035.60
15154410000164;2026-03-13;13425814.89
15154422000199;2026-03-13;61027158.69
15154429000100;2026-03-13;13929565.21
15154441000115;2026-03-13;1375019981.34
15154458000172;2026-03-13;1365001487.55
15154481000167;2026-03-12;72959338.06
15164899000155;2026-03-13;376715355.59
15165493000197;2026-03-13;137060497.37
15166133000100;2026-03-13;35503643.74
15174615000101;2026-03-13;2503407801.18
15174629000125;2026-03-13;193405601.80
15174656000106;2026-03-13;5325560.22
15181145000103;2026-03-13;17645522.19
15181528000181;2026-03-13;60029633.21
15182420000103;2026-03-12;5740213.55
15188380000107;2026-03-12;2636465.70
15189579000150;2026-03-13;7788593.25
15198855000146;2026-03-13;1133471.83
15198875000117;2026-03-13;8716763.92
15207219000133;2026-03-12;36632155.41
15212116000161;2026-03-13;21656228.43
15212344000131;2026-03-13;7131443.19
15212523000179;2026-03-13;20745186.35
15212548000172;2026-03-13;19641343.55
15212603000124;2026-03-13;18323327.35
15240808000113;2026-03-13;-864.69
15240810000192;2026-03-12;63202092.81
15249229000131;2026-03-13;133966590.16
15259071000180;2026-03-12;43764360.69
15259169000138;2026-03-13;132847729.53
15259423000106;2026-03-12;1937252.41
15275957000118;2026-03-13;24990341.07
15296549000142;2026-03-12;10694064.13
15296579000159;2026-03-13;55549115.75
15323099000130;2026-03-13;142334669.64
15323164000127;2026-03-13;261382191.53
15323288000102;2026-03-13;112457729.57
15323408000171;2026-03-12;23214892.59
15323443000190;2026-03-12;82591513.12
15334577000107;2026-03-13;20131731.76
15334580000120;2026-03-13;2324689.29
15334585000153;2026-03-13;278891487.26
15342482000135;2026-03-13;21353493.97
15342492000170;2026-03-13;68086750.44
15342497000101;2026-03-13;1099737.09
15342499000192;2026-03-13;1667293.42
15342510000114;2026-03-13;75894213.46
15348108000147;2026-03-13;1532813112.60
15350679000116;2026-03-13;472686203.69
15350702000172;2026-03-13;157807807.55
15350712000108;2026-03-13;756443638.63
15350909000147;2026-03-13;6109987.10
15357039000138;2026-03-12;16020279.10
15359046000179;2026-03-13;294739641.60
15390811000113;2026-03-13;25439605.14
15398622000197;2026-03-13;100442935.68
15435372000118;2026-03-13;140243075.19
15435379000130;2026-03-13;582395569.97
15435418000107;2026-03-13;0.00
15435440000149;2026-03-13;31387581.86
15435450000184;2026-03-12;15025489.69
15441465000155;2026-03-13;250508830.31
15441474000146;2026-03-13;1873222.14
15452813000190;2026-03-12;50820362.53
15453363000150;2026-03-13;18341221.22
15453439000147;2026-03-13;385128920.97
15477864000176;2026-03-13;101952483.15
15477891000149;2026-03-13;3897742941.60
15486093000183;2026-03-13;45602560.74
15486112000171;2026-03-13;5302829497.64
15487157000160;2026-03-12;2729883.79
15487311000102;2026-03-13;143146456.35
15487326000162;2026-03-13;201118598.87
15487865000100;2026-03-12;333697832.09
15487918000184;2026-03-13;2805552701.33
15489480000173;2026-03-13;35400630.77
15494363000106;2026-03-13;64578015.39
15505231000124;2026-03-13;224886221.68
15505537000180;2026-03-12;17179332.97
15559384000154;2026-03-13;108220343.53
15559416000111;2026-03-13;10040816.20
15559432000104;2026-03-12;72982099.99
15559445000183;2026-03-13;280699468.90
15578409000167;2026-03-12;747264035.07
15578417000103;2026-03-13;92378083.41
15578434000140;2026-03-13;200311651.91
15586796000183;2026-03-12;65587570.16
15586797000128;2026-03-12;78561353.90
15586806000180;2026-03-11;99589867.82
15603942000131;2026-03-13;82884056.85
15603945000175;2026-03-12;285723571.79
15603948000109;2026-03-16;771256651.02
15611597000188;2026-03-13;17989577.93
15611622000123;2026-03-13;66163399.79
15611634000158;2026-03-13;32419099.66
15612413000102;2026-03-13;616657467.14
15612415000193;2026-03-11;39307815.38
15612416000138;2026-03-12;67340536.62
15614285000128;2026-03-13;1416759.15
15626291000103;2026-03-13;21395245.20
15626357000157;2026-03-13;58677870.90
15626406000151;2026-03-13;29043791.97
15626436000168;2026-03-13;59964846.33
15636926000145;2026-03-12;1379097671.51
15636949000150;2026-03-13;167118675.03
15636997000148;2026-03-13;116816987.48
15637781000105;2026-03-13;18838023.00
15637784000130;2026-03-12;83877851.25
15637794000176;2026-03-13;2380088.90
15649194000128;2026-03-13;197338528.86
15649245000111;2026-03-13;28427740.77
15649269000170;2026-03-13;130188709.79
15649419000146;2026-03-13;25346453.96
15649443000185;2026-03-13;37153436.93
15649519000172;2026-03-13;20632750.98
15649578000140;2026-03-12;30736284.60
15656344000120;2026-03-13;244694905.64
15674461000117;2026-03-13;5665385938.33
15674503000110;2026-03-13;8171830.36
15674543000161;2026-03-12;30660761.57
15674619000159;2026-03-13;127558176.20
15675250000107;2026-03-13;5595346.20
15675415000132;2026-03-13;18135265640.43
15675431000125;2026-03-13;11085369044.67
15675437000100;2026-03-13;12597535821.21
15675444000102;2026-03-13;32460275.51
15693748000194;2026-03-13;216794292.15
15693777000156;2026-03-13;6769079.41
15693787000191;2026-03-13;146215574.48
15703420000101;2026-03-13;28523587.17
15714222000143;2026-03-13;24509967.15
15714258000127;2026-03-13;805652026.99
15714335000149;2026-03-12;46338816.26
15714477000106;2026-03-13;178347971.68
15714690000118;2026-03-13;177893942.93
15714715000183;2026-03-13;247371271.78
15715034000130;2026-03-13;80340697.05
15715251000120;2026-03-13;104714673.15
15715263000154;2026-03-13;86487239.94
15730386000164;2026-03-13;1094488577.38
15730623000197;2026-03-13;21834557.47
15730659000170;2026-03-13;74895721.42
15730745000183;2026-03-13;132198736.10
15731064000130;2026-03-12;44147623.47
15731153000186;2026-03-13;11658582.93
15731175000146;2026-03-13;107865181.42
15731522000130;2026-03-13;26308009.69
15731588000120;2026-03-13;16379620.58
15740225000151;2026-03-13;8017705.16
15740330000190;2026-03-13;235962363.14
15740377000154;2026-03-13;5686274590.45
15740422000170;2026-03-13;62179359.05
15740455000110;2026-03-13;0.00
15740564000138;2026-03-13;692110907.03
15769621000101;2026-03-13;5123810.90
15779651000107;2026-03-13;11469403.61
15780914000190;2026-03-12;3485864.37
15781022000103;2026-03-13;27562926.08
15786690000123;2026-03-12;45749159.35
15795983000177;2026-03-13;309478921.10
15798437000190;2026-03-13;72520322.68
15799713000134;2026-03-13;488016789.46
15802570000172;2026-03-13;41946951.81
15807819000132;2026-03-12;1083487046.36
15807828000123;2026-03-13;135972989.70
15821223000197;2026-03-12;118926746.07
15821229000164;2026-03-13;350997062.29
15821245000157;2026-03-12;151257158.79
15831754000160;2026-03-12;18912261847.82
15831937000186;2026-03-13;3173459.08
15831948000166;2026-03-13;6666057337.57
15831954000113;2026-03-13;15508939.81
15832701000164;2026-03-13;6239024.25
15834570000154;2026-03-12;35036241.57
15834698000118;2026-03-13;101208730.03
15835225000135;2026-03-13;38132124.91
15862355000167;2026-03-13;444121977.09
15862639000153;2026-03-12;2343182.89
15862711000142;2026-03-13;20415236.70
15862797000103;2026-03-13;1784233.37
15862804000177;2026-03-13;19422117.35
15862817000146;2026-03-13;6948057.60
15862830000103;2026-03-13;21042280.69
15862867000123;2026-03-13;60842310.86
15868027000178;2026-03-13;6479964.39
15912237000116;2026-03-13;421968896.65
15912241000184;2026-03-12;5514301.73
15912681000131;2026-03-12;39173854.96
16403465000123;2026-03-13;104395359.17
16416253000180;2026-03-13;34754607.62
16466349000153;2026-03-13;82450969.43
16478736000100;2026-03-13;111974300.64
16478738000107;2026-03-12;52007897.83
16478741000112;2026-03-13;901280306.03
16498959000139;2026-03-13;1205880.15
16513166000141;2026-03-13;38375729.66
16524590000191;2026-03-13;31138628.15
16537143000177;2026-03-13;3294367.29
16537145000166;2026-03-13;11808024.75
16557835000187;2026-03-13;292465321.57
16557853000169;2026-03-13;231138713.70
16565016000181;2026-03-13;6048490052.72
16565045000143;2026-03-13;197245430.51
16565058000112;2026-03-13;111345497.88
16565084000140;2026-03-13;61659558.52
16566519000171;2026-03-13;9803297.58
16569373000118;2026-03-12;8741045.91
16569438000125;2026-03-12;106149280.85
16569908000150;2026-03-12;412598331.13
16570142000124;2026-03-12;2005604.76
16570153000104;2026-03-12;51632668.12
16570371000149;2026-03-05;3384610.05
16575255000112;2026-03-13;525075016.34
16590573000152;2026-03-12;37363054.72
16599959000125;2026-03-13;84036072.68
16599968000116;2026-03-13;64349481.13
16607821000120;2026-03-13;269183802.36
16607881000143;2026-03-13;15279600.34
16607894000112;2026-03-13;123894932.39
16607920000102;2026-03-13;2084938775.73
16608489000119;2026-03-13;64577609.05
16608625000170;2026-03-13;15293364.62
16608638000140;2026-03-13;1087992020.90
16617446000108;2026-03-13;88068927.99
16617472000128;2026-03-13;127570035.58
16617511000197;2026-03-13;196952352.48
16617768000149;2026-03-13;204715381.74
16626130000174;2026-03-13;82826986.39
16634618000143;2026-03-13;33576297.13
16671698000107;2026-03-12;15927570.03
16687215000162;2026-03-13;2666069872.05
16687228000131;2026-03-13;575817847.78
16703203000184;2026-03-13;33855668.83
16703345000141;2026-03-13;62308680.58
16718137000116;2026-03-13;179339474.52
16718177000168;2026-03-13;38868747.91
16718289000119;2026-03-13;105933086.77
16718302000130;2026-03-13;192206024.56
16718328000188;2026-03-12;17794350.46
16718334000135;2026-03-13;6683500.05
16718364000141;2026-03-13;48296393.77
16728464000159;2026-03-13;315547622.73
16728467000192;2026-03-13;68574169.58
16728475000139;2026-03-12;29574231.12
16741595000176;2026-03-12;7884605.00
16742106000109;2026-03-12;37453810.97
16744654000160;2026-03-12;163054643.00
16744655000104;2026-03-12;624346467.16
16802143000157;2026-03-13;63811775.18
16816128000168;2026-03-13;35966094.56
16816140000172;2026-03-13;116724743.61
16816153000141;2026-03-13;281624647.50
16816177000109;2026-03-13;83178379.43
16840842000191;2026-03-13;5631280.47
16844885000145;2026-03-13;123072935.51
16844890000158;2026-03-13;198481619.10
16858911000194;2026-03-13;228660249.24
16858948000112;2026-03-13;161015008.25
16862541000169;2026-03-13;7236953.08
16866522000100;2026-03-12;19041367.42
16873296000195;2026-03-13;197933300.72
16873318000117;2026-03-13;220555978.55
16876874000147;2026-03-13;91592394.63
16877448000128;2026-03-13;27009809110.59
16877553000167;2026-03-12;603375603.83
16877592000164;2026-03-12;8422176452.82
16877602000161;2026-03-12;16109452.25
16877609000183;2026-03-13;1644904.09
16878608000153;2026-03-12;62250714.92
16880814000106;2026-03-12;158671159.13
16892024000132;2026-03-13;16337630.00
16892095000135;2026-03-13;2950754.16
16892122000170;2026-03-13;19490064.03
16899113000100;2026-03-12;64994569.25
16899136000115;2026-03-13;8691424.88
16899157000130;2026-03-13;24525541.41
16899259000156;2026-03-13;104712060.42
16906391000148;2026-03-13;39071138.73
16916048000184;2026-03-12;829438109.64
16916054000131;2026-03-12;9170800185.77
16916060000199;2026-03-13;886823236.19
16916063000122;2026-03-13;7764533273.39
16924919000101;2026-03-12;22504120.29
16929413000195;2026-03-13;251773606.24
16929533000192;2026-03-13;911366.07
16929542000183;2026-03-13;47075906.18
16929553000163;2026-03-13;283513812.94
16929582000125;2026-03-12;110934095.25
16938214000143;2026-03-13;554537323.96
16938231000180;2026-03-13;539584108.59
16948298000104;2026-03-13;115323020.02
16954572000140;2026-03-12;3841443.23
16964091000115;2026-03-13;568982341.64
16975350000103;2026-03-13;35240584.36
16984349000145;2026-03-13;937828.92
16987508000165;2026-03-13;146485353.26
16992064000156;2026-03-13;470705420.14
16993142000137;2026-03-13;277624993.00
17000151000142;2026-03-13;1589135085.46
17002686000152;2026-03-13;53736294.66
17002861000101;2026-03-13;105174368.85
17009959000190;2026-03-13;614698491.75
17009974000139;2026-03-13;2494338.30
17012112000165;2026-03-12;197652630.17
17012169000164;2026-03-13;15038349.67
17012208000123;2026-03-13;279844985.57
17016572000161;2026-03-13;10469913.45
17023627000160;2026-03-13;134465438.08
17023647000131;2026-03-12;24881709.35
17024020000103;2026-03-12;93214135.19
17024032000120;2026-03-13;69990053.40
17031226000152;2026-03-13;45984794.19
17033928000175;2026-03-13;10449649.77
17035658000131;2026-03-13;1466369513.55
17035664000199;2026-03-13;47404655.47
17036353000144;2026-03-12;92003447.95
17036464000150;2026-03-13;46875948.07
17036470000108;2026-03-13;27149717.66
17036481000198;2026-03-13;39371253.91
17036496000156;2026-03-13;17647231.95
17036514000108;2026-03-13;307612398.02
17039114000148;2026-03-13;3715862.25
17039320000158;2026-03-13;106753512.44
17040401000178;2026-03-13;8633921.27
17040543000135;2026-03-13;15326234.23
17041023000147;2026-03-12;71297062.83
17047735000173;2026-03-12;29384122.77
17051059000101;2026-03-13;19397544.53
17051108000106;2026-03-13;34482465.18
17051121000165;2026-03-13;35360195.97
17051205000107;2026-03-13;3316917788.12
17051213000145;2026-03-13;40676308.65
17053136000162;2026-03-13;52739417.21
17055285000160;2026-03-13;34004533.43
17056302000184;2026-03-13;215976165.90
17072453000126;2026-03-13;53381649.50
17072516000144;2026-03-13;452475125.39
17072616000170;2026-03-13;34025917.19
17072641000154;2026-03-13;122540378.45
17072693000120;2026-03-12;255724246.40
17072894000128;2026-03-13;86544900.48
17073031000175;2026-03-12;1584307694.53
17073538000129;2026-03-13;1433294.78
17080119000114;2026-03-13;36276726.54
17086161000142;2026-03-12;6311278.87
17086209000112;2026-03-13;50382903.20
17087932000116;2026-03-13;275396308.66
17092251000146;2026-03-13;5827118.94
17092258000168;2026-03-13;140408722.09
17093075000167;2026-03-12;35135198.35
17093299000179;2026-03-13;63510495.57
17094106000102;2026-03-13;57460340.71
17094929000120;2026-03-13;25354824.86
17095784000181;2026-03-13;119882676.47
17098803000123;2026-03-12;1195202.60
17102710000125;2026-03-13;23770537.05
17103058000163;2026-03-13;1743282.39
17116228000144;2026-03-13;52566038.13
17116243000192;2026-03-13;2164414855.09
17118849000167;2026-03-13;227920171.21
17133677000109;2026-03-12;134759703.30
17134173000103;2026-03-12;7375977.48
17136316000108;2026-03-12;46251215.42
17136453000142;2026-03-12;28294202.37
17136919000100;2026-03-12;46658508.01
17136936000147;2026-03-12;275508220.45
17136997000104;2026-03-12;152188115.62
17137279000152;2026-03-13;90747741.84
17137326000168;2026-03-13;62629381.92
17137576000106;2026-03-12;39821944.12
17137586000133;2026-03-12;36876027.54
17137984000150;2026-03-13;4326335411.61
17138011000135;2026-03-13;600160860.01
17138135000110;2026-03-13;659487579.17
17138170000130;2026-03-13;114614158.98
17138202000105;2026-03-13;56931706.88
17138211000198;2026-03-13;2365733899.94
17138217000165;2026-03-12;39353778.51
17138332000130;2026-03-13;294450587.27
17138338000107;2026-03-13;76211361.62
17138356000199;2026-03-13;22134698.60
17138452000137;2026-03-13;79802612.12
17138466000150;2026-03-13;1138352014.48
17138471000163;2026-03-13;6776377500.33
17138474000105;2026-03-13;536118228.81
17138500000197;2026-03-13;3802116797.53
17138508000153;2026-03-13;14146687.80
17139705000197;2026-03-13;5877995.79
17139709000175;2026-03-13;51555463.87
17143743000113;2026-03-13;17170331.06
17143792000156;2026-03-09;42082633.73
17155131000140;2026-03-13;19025894.61
17155231000177;2026-03-13;67025056.34
17157131000180;2026-03-13;298774438.12
17158462000134;2026-03-13;145802948.89
17161733000100;2026-03-13;177355362.97
17161741000157;2026-03-13;25361134.05
17161965000169;2026-03-11;26965102.87
17162002000180;2026-03-13;147298349.16
17162816000114;2026-03-13;629375957.96
17164789000119;2026-03-13;23807277.38
17164804000129;2026-03-13;85488183.47
17188325000142;2026-03-13;64127695.39
17188337000177;2026-03-13;187270123.36
17198253000114;2026-03-13;45942602.29
17198361000197;2026-03-12;104938988.73
17199348000152;2026-03-13;100281823.84
17199355000154;2026-03-12;47383577.24
17207525000103;2026-03-13;35979578.39
17209706000160;2026-03-13;35246930.04
17209709000102;2026-03-13;793286683.59
17209712000118;2026-03-13;20838401538.61
17214959000122;2026-03-04;25956369.63
17225793000140;2026-03-13;2431840662.00
17247748000196;2026-03-13;86563735.90
17247835000143;2026-03-13;111577785.67
17248340000139;2026-03-13;542663256.29
17249191000122;2026-03-12;467316316.78
17249227000178;2026-03-13;73020591.98
17249303000145;2026-03-13;301787776.11
17251743000137;2026-03-12;305969631.92
17253828000154;2026-03-13;218753003.76
17253869000140;2026-03-13;366314515.44
17254017000178;2026-03-13;92664090.55
17254044000140;2026-03-13;5712762102.44
17254088000170;2026-03-13;144444356.97
17254903000100;2026-03-13;3660767.45
17256290000131;2026-03-13;195232825.31
17263174000140;2026-03-13;13696079.22
17284948000119;2026-03-12;526353120.33
17285066000178;2026-03-12;7800839.98
17285268000110;2026-03-12;79803688.99
17298880000127;2026-03-13;155946121.28
17301119000105;2026-03-13;73059984.01
17301225000180;2026-03-13;83522338.03
17301226000125;2026-03-12;17311320.85
17301236000160;2026-03-13;89573983.71
17301245000151;2026-03-13;102201215.21
17301256000131;2026-03-13;79327141.38
17302010000184;2026-03-13;33006479.66
17311518000149;2026-03-13;20812319.66
17320430000193;2026-03-12;12128592.34
17320511000193;2026-03-12;32122676.03
17322725000107;2026-03-13;15057071059.65
17322741000191;2026-03-13;8097936429.93
17325385000160;2026-03-11;273140948.03
17327620000132;2026-03-13;78464814.83
17329451000170;2026-03-13;305625667.88
17329456000100;2026-03-13;62699918.19
17329479000107;2026-03-13;50519482.74
17329486000109;2026-03-13;112003657.51
17329489000142;2026-03-13;219334359.77
17329581000102;2026-03-13;158133219.33
17329627000193;2026-03-13;1088033665.61
17329638000173;2026-03-13;109109103.43
17329642000131;2026-03-13;52383207.46
17329651000122;2026-03-13;170875603.12
17329674000137;2026-03-13;86014861.21
17329683000128;2026-03-13;953690212.20
17329695000152;2026-03-13;44561182.28
17329703000160;2026-03-12;147189056.45
17329718000129;2026-03-13;3724439.22
17329720000106;2026-03-13;3660824.03
17329727000110;2026-03-13;37063346.17
17329735000166;2026-03-13;104717791.61
17329742000168;2026-03-13;104718076.41
17329745000100;2026-03-13;66035139.72
17329754000192;2026-03-13;228784284.10
17329762000139;2026-03-13;581464688.01
17329765000172;2026-03-13;120014250.00
17329778000141;2026-03-13;16383185.17
17329785000143;2026-03-13;108971113.01
17330191000152;2026-03-13;42851848.53
17332083000119;2026-03-13;12889944.37
17335641000108;2026-03-13;6294106.09
17335645000188;2026-03-13;148707461.57
17335646000122;2026-03-13;149211294.04
17339084000195;2026-03-12;70464954.08
17340337000140;2026-03-13;2153067.07
17340392000130;2026-03-13;465658158.25
17340462000150;2026-03-13;14552897.32
17342214000149;2026-03-13;24835361.15
17342222000195;2026-03-12;22884074.65
17342780000150;2026-03-13;13793782.42
17344610000105;2026-03-13;12790639.75
17344660000192;2026-03-13;313920380.89
17365210000186;2026-03-12;7576314.81
17373839000178;2026-03-13;85841260.35
17373841000147;2026-03-13;41387319.05
17381743000151;2026-03-12;11545600.89
17391771000150;2026-03-13;5027541.11
17397125000108;2026-03-13;86656708.31
17397315000117;2026-03-13;21121916.96
17397804000179;2026-03-13;3770336.55
17400234000129;2026-03-13;48230822.81
17400251000166;2026-03-13;382055531.95
17404144000106;2026-03-13;36002306.95
17405626000180;2026-03-13;67079079.25
17405631000193;2026-03-13;21351172.71
17405933000161;2026-03-13;864674498.73
17408524000119;2026-03-13;340196132.38
17410191000162;2026-03-12;496415079.64
17412138000109;2026-03-12;224783345.98
17412175000109;2026-03-13;4357307.24
17412182000100;2026-03-13;580034543.20
17412371000183;2026-03-13;51103592.05
17412375000161;2026-03-13;2210524.40
17412436000190;2026-03-13;2595655.28
17412448000115;2026-03-12;86334564.95
17412460000120;2026-03-13;61701737.10
17412467000141;2026-03-12;557397.86
17412472000154;2026-03-13;75150927.99
17412528000170;2026-03-13;70154734.36
17412532000139;2026-03-12;34370953.61
17412535000172;2026-03-12;100788154.99
17412543000119;2026-03-13;755705497.39
17412584000105;2026-03-13;10929554.70
17412591000107;2026-03-13;281404593.52
17412601000104;2026-03-12;46703316.01
17413636000168;2026-03-13;1237669436.09
17413639000100;2026-03-13;178125034.68
17413812000161;2026-03-13;71071715.92
17413818000139;2026-03-13;56245590.92
17414721000140;2026-03-13;42717264.16
17415488000110;2026-03-12;33534650.64
17417026000132;2026-03-13;426529383.69
17419592000183;2026-03-13;66178695.33
17419637000110;2026-03-13;1779193143.48
17419784000190;2026-03-13;497637116.14
17420032000149;2026-03-13;54174120.16
17420042000184;2026-03-13;20787813.68
17420054000109;2026-03-13;182753611.67
17420064000144;2026-03-13;6977647.37
17420088000101;2026-03-13;342360110.49
17420140000111;2026-03-13;285521664.74
17420249000159;2026-03-13;993503216.34
17420899000102;2026-03-12;19177299.37
17421951000137;2026-03-12;10960844.34
17423287000165;2026-03-13;275664741.99
17425221000104;2026-03-13;153105707.37
17429959000140;2026-03-13;52141657.78
17431816000172;2026-03-13;313784299.69
17433039000103;2026-03-13;128050124.54
17433286000100;2026-03-13;40172318.33
17435331000157;2026-03-13;343539382.14
17439235000187;2026-03-13;48233812.03
17441628000125;2026-03-12;1274630.90
17441634000182;2026-03-13;12097772.22
17447468000121;2026-03-13;157389310.76
17453712000169;2026-03-13;26348461.87
17453850000148;2026-03-13;1048514550.34
17454259000105;2026-03-13;179981081.21
17455369000191;2026-03-12;7439697930.79
17472972000181;2026-03-13;159170873.20
17488514000130;2026-03-13;254130278.00
17488570000175;2026-03-13;28542500.10
17488659000131;2026-03-13;7041439.47
17488691000117;2026-03-13;1136872437.17
17488700000170;2026-03-13;19425819.40
17488970000180;2026-03-13;140621200.15
17488983000150;2026-03-13;1622734924.93
17489000000108;2026-03-13;49462409.52
17489019000146;2026-03-13;1317087316.62
17489031000150;2026-03-13;183851264.89
17489083000127;2026-03-13;145811429.07
17489090000129;2026-03-13;84106348.47
17489100000126;2026-03-13;3853853.88
17489106000101;2026-03-12;81221412.65
17490421000140;2026-03-13;47801580.27
17490440000177;2026-03-13;29990585.15
17490583000189;2026-03-13;99040006.11
17490597000100;2026-03-13;21900186.21
17502869000137;2026-03-13;5638778238.77
17502937000168;2026-03-13;2164390353.26
17503172000180;2026-03-13;259160490.21
17511604000103;2026-03-13;317785166.50
17517204000105;2026-03-13;17862662.58
17517216000121;2026-03-13;1439737002.93
17517231000170;2026-03-13;45694362.68
17517250000104;2026-03-13;400967045.26
17517260000131;2026-03-13;53745401.09
17517268000106;2026-03-13;3039130282.91
17517276000144;2026-03-13;1044909730.85
17517290000148;2026-03-13;2951721.98
17517302000134;2026-03-13;6160136.97
17517310000180;2026-03-13;22247311.89
17517318000147;2026-03-13;30814333.08
17517325000149;2026-03-13;111485810.48
17517337000173;2026-03-13;88891274.94
17517351000177;2026-03-13;143071080.00
17517359000133;2026-03-13;198841038.37
17517366000135;2026-03-13;80008597.25
17517372000192;2026-03-13;524689025.82
17517380000139;2026-03-13;37092311125.42
17517402000160;2026-03-13;153720131.56
17517407000193;2026-03-13;479870836.99
17517577000178;2026-03-13;78858722.97
17518385000186;2026-03-13;7021731.30
17518950000105;2026-03-13;43651803.14
17518970000186;2026-03-12;53845452.53
17518974000164;2026-03-12;46762169.54
17518976000153;2026-03-12;5378523088.43
17545718000166;2026-03-13;5447461.56
17545746000183;2026-03-13;790294901.43
17545964000118;2026-03-12;4906407.28
17545970000175;2026-03-13;12692034.12
17546050000171;2026-03-13;35736046.44
17546164000111;2026-03-13;5850980.15
17552646000184;2026-03-12;40238756.99
17554200000199;2026-03-13;174224981.08
17554210000124;2026-03-13;239792254.35
17561455000189;2026-03-13;36069215.21
17574820000190;2026-03-13;637001.57
17593934000187;2026-03-13;95449737.27
17627173000137;2026-03-13;121946852.54
17627177000115;2026-03-13;51507862.32
17627210000107;2026-03-13;100823893.81
17627216000184;2026-03-13;86872746.36
17634301000170;2026-03-13;6053038.06
17665987000166;2026-03-12;57537101.19
17666187000160;2026-03-12;26565560.78
17676648000185;2026-03-13;126937239.40
17676706000170;2026-03-13;14369418.08
17676726000141;2026-03-13;93224397.54
17677454000102;2026-03-13;337263839.91
17685620000104;2026-03-13;29439003.21
17687735000138;2026-03-13;379927834.44
17687744000129;2026-03-12;598543166.99
17687759000197;2026-03-13;334517558.18
17689994000106;2026-03-13;99995213.38
17695440000103;2026-03-12;149603192.50
17703320000100;2026-03-13;22381569.68
17703476000191;2026-03-12;1386424.66
17706062000116;2026-03-13;1573007.60
17706099000144;2026-03-12;58010068.73
17709794000160;2026-03-12;26117708.26
17709820000150;2026-03-13;13401148.26
17709834000173;2026-03-12;357444698.11
17735052000109;2026-03-13;165889551.79
17735089000137;2026-03-13;1173750.80
17735225000199;2026-03-13;61313315.28
17757958000124;2026-03-13;2646280110.28
17757988000130;2026-03-12;298359321.83
17758717000108;2026-03-13;10082278.42
17758784000114;2026-03-13;10096605.71
17758849000121;2026-03-13;463524755.92
17758877000149;2026-03-12;16649371.38
17759357000150;2026-03-12;295249641.46
17759673000122;2026-03-13;1250336.74
17759707000189;2026-03-13;26746767.72
17759717000114;2026-03-13;6336447.77
17759743000142;2026-03-13;1287113.38
17759749000110;2026-03-13;1422230.20
17759799000105;2026-03-13;219197699.63
17763346000144;2026-03-12;30602014.11
17769097000102;2026-03-13;66166954.88
17778779000173;2026-03-13;25735825.50
17780194000198;2026-03-13;22832104.63
17783171000137;2026-03-13;262860.08
17786475000158;2026-03-13;70206234.09
17786540000145;2026-03-13;71448105.12
17786844000102;2026-03-13;2363964916.00
17787294000146;2026-03-13;19575200.03
17787314000189;2026-03-13;19086588.47
17797410000108;2026-03-13;6014571.71
17797418000174;2026-03-13;8884809.26
17797436000156;2026-03-13;5967586.10
17797444000100;2026-03-13;18203848.69
17797493000135;2026-03-12;117870831.40
17797524000158;2026-03-13;10223357.45
17797527000191;2026-03-13;88910022.34
17797565000144;2026-03-13;13727472.28
17797568000188;2026-03-13;16327265.48
17803556000119;2026-03-13;41358444.69
17803780000100;2026-03-13;42863236.14
17803936000153;2026-03-13;124511229.86
17803961000137;2026-03-13;526864691.81
17804040000199;2026-03-13;36840385.23
17804124000122;2026-03-13;74895385.71
17804718000133;2026-03-13;69530521.80
17804757000130;2026-03-13;158971575.01
17804792000150;2026-03-13;477198677.26
17804952000160;2026-03-13;12305014693.46
17811387000169;2026-03-13;113461260.58
17812153000136;2026-03-12;7439180.56
17816013000136;2026-03-13;28896703.75
17822186000167;2026-03-13;71880674.51
17822240000174;2026-03-13;42889814.85
17831141000159;2026-03-13;99142858.07
17854980000192;2026-03-13;43109730.12
17863625000180;2026-03-13;246495831.85
17867369000107;2026-03-13;47318412.87
17891856000105;2026-03-12;11839674.93
17891926000117;2026-03-13;251756225.60
17892725000134;2026-03-13;35970235.78
17898543000170;2026-03-13;2395392942.10
17898650000107;2026-03-13;143160347.82
17898668000109;2026-03-13;175429233.89
17899612000160;2026-03-13;1994054925.29
17902626000196;2026-03-12;2543748309.05
17906106000151;2026-03-13;29404168.93
17906107000104;2026-03-13;343269698.65
17913386000125;2026-03-13;18895039.59
17913394000171;2026-03-12;36993666.53
17940400000180;2026-03-13;7023836.59
17946975000100;2026-03-12;54964361.46
17947329000167;2026-03-12;34211291.13
17955373000119;2026-03-13;52457392.60
17955508000146;2026-03-13;387927863.31
17955558000123;2026-03-13;31390019.55
17955613000185;2026-03-13;244869707.10
17955657000105;2026-03-06;26384808.70
17958866000102;2026-03-13;21897611638.20
17958878000137;2026-03-13;24950588152.45
17971054000105;2026-03-13;2454380206.56
17979906000100;2026-03-12;4703825.27
17990509000121;2026-03-13;41254933.16
17990511000109;2026-03-13;18320460.98
17997504000120;2026-03-12;22157463.12
17997518000144;2026-03-13;18749664.49
17998233000128;2026-03-13;394148002.00
17998237000106;2026-03-12;3996671.85
17998242000119;2026-03-13;34849224.22
17999247000166;2026-03-13;0.00
17999931000148;2026-03-12;89230111.81
17999961000154;2026-03-13;7643945562.25
17999972000134;2026-03-13;592557435.85
17999984000169;2026-03-13;1036047157.62
17999997000138;2026-03-13;278640750.85
18000027000140;2026-03-11;91144158.32
18000070000105;2026-03-12;78317210.97
18000094000164;2026-03-13;360467448.42
18000128000110;2026-03-12;97722375.96
18000294000117;2026-03-13;30185492.55
18000325000130;2026-03-12;76474722.07
18000606000192;2026-03-13;16833528.84
18000683000142;2026-03-12;1601923341.46
18000701000196;2026-03-13;1524261881.92
18000746000160;2026-03-13;443016082.94
18000774000188;2026-03-13;443016154.06
18006527000199;2026-03-13;18292759.47
18007644000177;2026-03-13;6682758135.86
18007710000109;2026-03-13;78012026.82
18015618000190;2026-03-13;22421442692.50
18021216000107;2026-03-13;164498558.51
18021286000157;2026-03-12;447432656.34
18027394000137;2026-03-13;4249565851.00
18033253000127;2026-03-13;16386819.07
18033335000171;2026-03-12;59557161.56
18033364000133;2026-03-13;3832354.61
18033470000117;2026-03-13;304760303.94
18041841000102;2026-03-13;688930951.60
18041877000196;2026-03-13;101334312.10
18051454000157;2026-03-12;2684052.04
18051467000126;2026-03-13;61052960.13
18059029000104;2026-03-13;251437058.20
18059047000196;2026-03-13;667272047.75
18059052000107;2026-03-12;103414392.82
18059078000147;2026-03-13;55506065.55
18060364000122;2026-03-13;36642796409.50
18060403000191;2026-03-13;27976109.94
18060438000120;2026-03-13;20449911.50
18060935000129;2026-03-11;254811186.15
18069614000195;2026-03-12;50875268.42
18069672000119;2026-03-13;1263469249.65
18078331000100;2026-03-12;31064667.89
18079037000112;2026-03-12;47359824.89
18079081000122;2026-03-13;5419675.12
18079255000157;2026-03-13;25125331.08
18079265000192;2026-03-13;28449727.65
18079388000123;2026-03-13;9436547139.37
18079425000101;2026-03-12;37359165.22
18079446000119;2026-03-12;289340966.55
18079540000178;2026-03-13;194796718.51
18081030000135;2026-03-12;62021446.56
18081107000177;2026-03-13;32829133.79
18081140000105;2026-03-13;413512919.50
18081153000176;2026-03-13;334117245.90
18081173000147;2026-03-13;415144611.15
18083593000162;2026-03-13;5566029358.56
18085872000165;2026-03-12;203287165.56
18085876000143;2026-03-13;440505957.77
18085885000134;2026-03-13;694047108.10
18085891000191;2026-03-13;436666567.60
18085913000113;2026-03-13;1013458315.31
18085924000101;2026-03-13;199921928.30
18085926000192;2026-03-12;566735413.03
18085937000172;2026-03-13;129309649.88
18085943000120;2026-03-13;412370826.14
18086741000100;2026-03-13;227941513.27
18093778000158;2026-03-13;85965015.73
18096027000195;2026-03-13;140547576.64
18138748000110;2026-03-13;946530473.63
18138758000156;2026-03-13;809844903.41
18138767000147;2026-03-13;548617870.61
18138837000167;2026-03-13;1408295229.79
18138857000138;2026-03-13;583880314.71
18138886000108;2026-03-13;136372646.58
18138892000157;2026-03-12;526670813.01
18138904000143;2026-03-13;2350713187.47
18138908000121;2026-03-13;248423568.50
18138913000134;2026-03-13;111615384.03
18138920000136;2026-03-13;379992748.43
18138944000195;2026-03-13;8910186.03
18141587000114;2026-03-13;7825593.48
18149444000159;2026-03-13;96590317.62
18149466000119;2026-03-13;1671296982.54
18150820000125;2026-03-13;20749878.87
18154763000152;2026-03-13;1915988.20
18154771000107;2026-03-10;40817469.76
18158511000100;2026-03-13;300181900.56
18158796000170;2026-03-13;18656204.10
18158848000109;2026-03-13;24289133.52
18159086000165;2026-03-13;85909600.82
18159094000101;2026-03-13;84065231.55
18159107000142;2026-03-13;21255387.66
18159112000155;2026-03-16;4394472.22
18160503000190;2026-03-13;585372139.28
18160517000103;2026-03-13;115061628.97
18160533000104;2026-03-13;187028769.72
18160544000186;2026-03-13;104767218.51
18160545000120;2026-03-13;41130050.41
18160553000177;2026-03-12;45386807.94
18168449000129;2026-03-12;216872276.28
18168456000120;2026-03-13;44082439.06
18168470000124;2026-03-13;666902090.81
18168479000135;2026-03-13;68019295.35
18168491000140;2026-03-12;9040466.03
18179536000181;2026-03-13;530465947.98
18179553000119;2026-03-13;2227721793.19
18185821000105;2026-03-12;172562320.21
18185829000171;2026-03-13;137285313.92
18185832000195;2026-03-13;164935692.17
18189040000199;2026-03-13;97779995.50
18197417000151;2026-03-13;56109098.30
18197423000109;2026-03-13;28092004.65
18197429000186;2026-03-13;2683142.75
18206970000103;2026-03-13;338528809.89
18206983000182;2026-03-13;322139337.45
18207093000195;2026-03-13;7788649.61
18216422000164;2026-03-12;26695157.43
18222025000103;2026-03-12;35653569.06
18237547000170;2026-03-13;22311689.59
18238310000104;2026-03-13;17427479.54
18247733000190;2026-03-13;43886878.62
18248733000105;2026-03-13;1307426844.33
18249225000141;2026-03-13;29640452.28
18249239000165;2026-03-13;157567551.75
18254496000195;2026-03-13;7124225.42
18255230000167;2026-03-13;72771794.78
18265088000139;2026-03-12;34706722.84
18265092000105;2026-03-13;279358762.49
18265408000150;2026-03-13;736705090.61
18265459000182;2026-03-11;91259744.62
18265481000122;2026-03-13;18888176.80
18268644000120;2026-03-13;33387033.59
18270776000197;2026-03-13;551533618.93
18270783000199;2026-03-13;127316214.00
18270870000146;2026-03-13;7381440.55
18272304000173;2026-03-13;329832779.11
18281442000119;2026-03-13;358654233.39
18289916000179;2026-03-12;20969246.95
18289993000129;2026-03-13;6674860.27
18295384000182;2026-03-13;87029540.30
18298120000182;2026-03-13;400291451.19
18298411000170;2026-03-13;196700322.57
18298420000161;2026-03-12;18972079.80
18298864000105;2026-03-12;21033019.67
18300570000162;2026-03-12;315267733.82
18302338000163;2026-03-13;432759507.62
18302852000107;2026-03-13;15787787.30
18302872000170;2026-03-13;17669907.62
18302904000137;2026-03-13;116452804.86
18302940000109;2026-03-13;13802395.43
18307549000199;2026-03-13;160737104.19
18307768000178;2026-03-13;116303777.83
18316558000146;2026-03-13;144361797.35
18316573000194;2026-03-13;43195016.86
18316637000157;2026-03-13;30706517.65
18316792000173;2026-03-13;99561611.88
18324976000185;2026-03-13;1149084601.14
18330832000131;2026-03-12;149661205.61
18333418000186;2026-03-12;41290742.68
18341171000140;2026-03-13;59639633.54
18347361000174;2026-03-13;7807881.82
18351057000109;2026-03-13;310988331.60
18362209000160;2026-03-13;-3036795.98
18364675000185;2026-03-13;7917094.05
18368524000103;2026-03-13;113700090.58
18369649000140;2026-03-13;37564027.59
18369673000189;2026-03-13;12033474.46
18369682000170;2026-03-12;40480607.36
18369750000109;2026-03-12;121784001.94
18386802000147;2026-03-13;1841987.77
18391138000124;2026-03-13;631399227.92
18391142000192;2026-03-12;75038162.41
18391155000161;2026-03-13;358064646.15
18391163000108;2026-03-13;56766973.75
18391171000154;2026-03-13;16067326.40
18391324000163;2026-03-12;41308143.65
18416553000195;2026-03-13;889561440.67
18416618000100;2026-03-13;933337830.87
18418812000117;2026-03-13;889521004.53
18418825000196;2026-03-13;889522980.05
18418851000114;2026-03-13;889520391.47
18418874000129;2026-03-13;890191406.05
18418894000108;2026-03-13;889491383.59
18418915000187;2026-03-13;889521039.73
18422211000188;2026-03-13;0.00
18422231000159;2026-03-13;504743069.14
18422241000194;2026-03-13;19779408.55
18422250000185;2026-03-12;32854482.98
18422264000107;2026-03-13;1518379596.20
18422272000145;2026-03-13;862744283.07
18428556000149;2026-03-13;36628328.51
18428603000154;2026-03-13;889521128.52
18428655000120;2026-03-13;5277168674.86
18428661000188;2026-03-13;496285162.77
18447898000106;2026-03-13;207455419.16
18448137000179;2026-03-13;4291037.22
18448197000191;2026-03-13;13754039.99
18454209000190;2026-03-13;105329633.60
18454944000102;2026-03-13;563391927.73
18463124000179;2026-03-12;15384261.57
18466245000174;2026-03-13;711677234.89
18489905000132;2026-03-13;289112382.74
18489908000176;2026-03-13;459122757.42
18489909000110;2026-03-13;370428606.65
18489912000134;2026-03-13;502958759.03
18498848000158;2026-03-13;45177632.20
18516679000131;2026-03-13;741507951.39
18525753000186;2026-03-13;49348847.56
18525868000170;2026-03-13;46584193.23
18534967000119;2026-03-13;58657754.68
18537348000188;2026-03-12;65172505.52
18538542000188;2026-03-13;250951679.62
18543576000160;2026-03-13;36800804.17
18543768000177;2026-03-13;136799176.26
18558694000142;2026-03-13;5855862.02
18559913000108;2026-03-13;0.00
18576635000105;2026-03-13;607744291.13
18577307000115;2026-03-13;711215759.58
18581619000100;2026-03-13;443747916.79
18585301000190;2026-03-13;400526030.85
18598042000131;2026-03-13;306091502.64
18598925000141;2026-03-13;110371600.31
18599004000101;2026-03-13;17685768479.17
18599020000196;2026-03-13;19432816.84
18599145000116;2026-03-13;3862300.38
18599388000154;2026-03-13;22334920472.16
18599673000175;2026-03-13;184072566.31
18599783000137;2026-03-13;37684096.28
18599796000106;2026-03-13;36400345.84
18602061000194;2026-03-13;9331859.70
18602064000128;2026-03-12;5660349.81
18602357000105;2026-03-13;319078268.53
18602384000188;2026-03-13;1621960.34
18602405000165;2026-03-12;11637611.99
18602419000189;2026-03-13;312597950.60
18602588000119;2026-03-12;5945176.64
18602600000195;2026-03-12;210889029.23
18602683000112;2026-03-13;13085288.76
18603991000162;2026-03-13;50959154.93
18611532000120;2026-03-13;21113998.49
18611538000106;2026-03-13;19929930.71
18611600000151;2026-03-13;24462085.61
18623722000168;2026-03-13;663778478.22
18623821000140;2026-03-13;18365628.27
18628896000113;2026-03-13;10293847.52
18628905000176;2026-03-13;11702106.10
18628935000182;2026-03-13;15778353.94
18628956000106;2026-03-13;71943105.04
18630010000176;2026-03-13;688553437.46
18630011000110;2026-03-13;40143753342.98
18635495000190;2026-03-12;19881846.13
18636683000133;2026-03-13;35186930.53
18644532000127;2026-03-13;35705132.08
18644570000180;2026-03-13;767478016.54
18646996000172;2026-03-13;5665289640.48
18652179000127;2026-03-12;19644082.48
18656859000119;2026-03-12;28084494.30
18679362000116;2026-03-13;97990321.69
18679668000172;2026-03-13;277538421.14
18679762000121;2026-03-13;104856714.76
18679900000172;2026-03-13;9951526.93
18680184000143;2026-03-12;2893476004.99
18680808000122;2026-03-13;744805390.56
18681157000195;2026-03-13;116225778.76
18683863000176;2026-03-13;2326306.24
18685779000191;2026-03-13;0.00
18686761000104;2026-03-13;644855416.81
18690918000175;2026-03-13;18765441.82
18692818000188;2026-03-12;31079164.79
18693570000170;2026-03-13;25234790.04
18715853000175;2026-03-13;80551069.00
18716229000192;2026-03-11;224395409.86
18716289000105;2026-03-12;32900469.90
18716322000105;2026-03-13;5257003072.88
18716335000176;2026-03-12;2154775.67
18716437000191;2026-03-12;108898082.14
18716479000122;2026-03-03;1756170764.85
18716552000166;2026-03-13;89205479.43
18716646000135;2026-03-12;4254936.14
18716674000152;2026-03-12;92550003.85
18718832000103;2026-03-12;86065361.34
18719154000101;2026-03-13;7922763073.40
18719555000153;2026-03-13;1218899.84
18720461000102;2026-03-12;54954609.67
18731304000194;2026-03-13;402864070.28
18762865000150;2026-03-13;0.00
18764148000168;2026-03-13;544900635.23
18764158000101;2026-03-13;346906700.14
18766464000179;2026-03-13;477903179.21
18770648000102;2026-03-13;49622754.19
18772220000107;2026-03-13;762233201.09
18772290000157;2026-03-13;111887161.68
18783169000120;2026-03-13;10484760.78
18791266000165;2026-03-05;68336151.54
18799585000117;2026-03-13;4889608.73
18800010000177;2026-03-13;24204360.98
18808146000123;2026-03-13;8637656168.38
18810555000164;2026-03-12;66941105.20
18810900000160;2026-03-12;103323461.42
18812294000111;2026-03-13;2937815.11
18813590000137;2026-03-12;48267567.49
18814287000159;2026-03-12;739286726.79
18814940000180;2026-03-13;35925560.98
18814964000139;2026-03-13;1058646489.13
18814971000130;2026-03-13;46928366.80
18816175000137;2026-03-12;246811360.13
18816393000171;2026-03-13;205511291.77
18820025000105;2026-03-13;145833665.15
18820151000151;2026-03-13;2913330.13
18820168000109;2026-03-13;38892451.61
18820186000190;2026-03-13;129465108.77
18820189000124;2026-03-12;35814092.04
18821608000142;2026-03-13;1465571.43
18824105000120;2026-03-12;429079283.58
18832847000106;2026-03-13;23421648.72
18832871000137;2026-03-13;55206758.48
18832911000140;2026-03-13;71620594.84
18839093000108;2026-03-13;35645124.91
18847686000116;2026-03-13;169404364.34
18848877000100;2026-03-13;19750861.72
18848947000112;2026-03-13;26652589.08
18850063000100;2026-03-13;24199401.86
18851159000185;2026-03-13;144697237.19
18856011000133;2026-03-13;56259311.53
18859632000170;2026-03-13;43853.69
18859987000160;2026-03-13;45542909.03
18860059000115;2026-03-13;355398482.41
18868879000153;2026-03-13;35388313.21
18869294000158;2026-03-13;106354790.27
18872811000148;2026-03-13;30915031.76
18879030000185;2026-03-13;4073606.91
18884781000190;2026-03-13;6212962031.64
18884798000147;2026-03-13;7336437102.33
18884816000190;2026-03-13;418687720.46
18897562000145;2026-03-13;162833590.45
18920608000108;2026-03-13;50552580.72
18927174000160;2026-03-13;11931508.74
18936155000108;2026-03-12;89283286.07
18936185000106;2026-03-13;56010171.70
18936232000111;2026-03-13;1379446609.01
18936235000155;2026-03-13;1555289733.92
18945404000113;2026-03-12;40795286.90
18956713000199;2026-03-12;46031047.80
18956729000100;2026-03-13;4927737.71
18959094000196;2026-03-12;1108171225.90
18959265000187;2026-03-12;5885570.27
18959722000133;2026-03-13;380429306.52
18961491000100;2026-03-13;265494350.08
18961841000120;2026-03-13;237420460.41
18969955000117;2026-03-13;17922609.48
18972424000183;2026-03-13;35661843.13
18972445000107;2026-03-13;974955924.78
18979753000156;2026-03-13;69385369.91
18981017000132;2026-03-13;920453.26
18981190000130;2026-03-13;91437162.96
18981218000130;2026-03-13;0.00
18981231000199;2026-03-13;106751426.86
18990327000113;2026-03-13;32633347.63
18990334000115;2026-03-13;921189226.76
18990509000194;2026-03-13;35125291.59
18990517000130;2026-03-13;36146305.88
18990534000178;2026-03-12;18151318.26
18990723000140;2026-03-13;131457886.75
18990733000186;2026-03-13;3607475367.68
18990750000113;2026-03-13;71599603.75
18993924000100;2026-03-13;209745272.73
18994042000150;2026-03-13;11966145.31
18998100000114;2026-03-13;12277334.83
18999430000124;2026-03-13;13969163.75
18999700000105;2026-03-13;30170182.78
18999715000165;2026-03-13;76849319.88
19007841000159;2026-03-13;0.00
19009357000169;2026-03-13;4699323.26
19009392000188;2026-03-13;551873919.33
19009409000105;2026-03-13;30297183.30
19009487000100;2026-03-13;493186135.82
19009555000122;2026-03-13;22414991.11
19009626000197;2026-03-13;19159761.44
19038997000105;2026-03-12;58800327.13
19040239000113;2026-03-13;143519602.48
19040417000106;2026-03-13;83919146.00
19091027000165;2026-03-13;23797776.62
19091575000195;2026-03-13;35975713.55
19107923000175;2026-03-13;15187508.52
19107944000190;2026-03-13;17248816.94
19153948000105;2026-03-13;1436356.81
19154010000100;2026-03-13;6038502.15
19154041000160;2026-03-13;5801362.61
19160519000165;2026-03-12;39348868.85
19167875000100;2026-03-13;1769918017.66
19170160000107;2026-03-13;258763476.02
19186855000187;2026-03-13;55196109.82
19186860000190;2026-03-13;92172578.31
19196587000184;2026-03-13;7219929891.46
19196599000109;2026-03-13;1215837473.80
19197236000198;2026-03-13;152745490.32
19204264000195;2026-03-13;41977743.38
19211591000174;2026-03-13;1283954.99
19212817000151;2026-03-13;16863042.37
19213262000162;2026-03-13;136848890.10
19220081000163;2026-03-12;13476750.84
19225709000113;2026-03-13;6119023.05
19226038000105;2026-03-13;905846530.24
19226110000102;2026-03-13;37384340.34
19226446000167;2026-03-12;143970033.21
19237806000126;2026-03-13;36951010.00
19237839000176;2026-03-13;29440230.13
19237846000178;2026-03-10;133871320.33
19237860000171;2026-03-13;71916055.28
19237869000182;2026-03-13;63928721.72
19237891000122;2026-03-13;81648944.28
19237972000122;2026-03-13;10983072.15
19238006000120;2026-03-13;5568640.36
19238053000173;2026-03-13;18398797.27
19254456000106;2026-03-13;19414727.61
19258756000163;2026-03-12;241577531.10
19273198000105;2026-03-13;83264565.17
19276908000150;2026-03-13;17348774.27
19294570000160;2026-03-13;7785202731.68
19294724000113;2026-03-13;72140152.22
19300778000144;2026-03-13;34711725.09
19303792000100;2026-03-13;9238224429.42
19303793000146;2026-03-13;63300818.72
19313797000105;2026-03-13;58146198.21
19320686000126;2026-03-13;4264329711.48
19324345000129;2026-03-13;5198194.23
19349753000135;2026-03-13;22547971.47
19351264000118;2026-03-12;484174166.00
19351273000109;2026-03-13;24089515.60
19358594000135;2026-03-13;1351388724.96
19365848000142;2026-03-13;69780021.12
19366021000153;2026-03-13;110744789.42
19366027000120;2026-03-13;37477854.07
19366036000111;2026-03-12;84606019.62
19366052000104;2026-03-13;281163486.43
19366069000161;2026-03-13;11732272.79
19388218000193;2026-03-13;130806186.37
19388227000184;2026-03-13;395702343.12
19388235000120;2026-03-13;71381128.23
19388257000190;2026-03-13;745980904.13
19388311000106;2026-03-12;179695424.61
19390876000110;2026-03-12;95971081.42
19390887000108;2026-03-13;50951827.59
19390898000180;2026-03-13;8507553883.62
19390999000150;2026-03-13;7015011731.10
19391009000107;2026-03-13;29811025.32
19391025000191;2026-03-13;1132113525.58
19391026000136;2026-03-13;8463720.80
19391043000173;2026-03-13;116023084.28
19412594000176;2026-03-12;46811802.21
19412605000118;2026-03-13;3787479.92
19412991000148;2026-03-11;570827543.02
19413478000171;2026-03-12;10461489.15
19413495000109;2026-03-13;96208230.33
19413498000142;2026-03-13;10337143.94
19413559000171;2026-03-12;38983316.90
19413568000162;2026-03-12;46127789.76
19413587000199;2026-03-13;452561188.40
19418024000193;2026-03-13;499293339.32
19418031000195;2026-03-12;234640316.55
19418919000128;2026-03-13;84668588.55
19418923000196;2026-03-13;34606273.90
19418925000185;2026-03-13;54490879.22
19419157000184;2026-03-13;2246976.88
19419705000176;2026-03-13;879017603.88
19431171000101;2026-03-13;42968725.78
19431221000142;2026-03-12;6710341.81
19436722000111;2026-03-13;122381662.64
19436808000144;2026-03-13;50815773.53
19436818000180;2026-03-12;534566725.14
19436830000194;2026-03-13;81116450.87
19436835000117;2026-03-12;199404424.70
19445241000172;2026-03-12;47414445.33
19445243000161;2026-03-13;32244919.57
19445244000106;2026-03-12;18195817.73
19452065000104;2026-03-13;97838303.88
19488786000166;2026-03-12;5480514.28
19488866000111;2026-03-13;219698587.58
19496576000110;2026-03-13;100636445.71
19518429000101;2026-03-12;12353524.90
19519621000104;2026-03-12;8759249.56
19523305000106;2026-03-13;30067568.84
19523306000150;2026-03-13;2160861.75
19523641000159;2026-03-13;70562163.56
19531894000174;2026-03-12;10647570.30
19531929000175;2026-03-12;149107337.59
19538340000107;2026-03-12;13139716.44
19549449000131;2026-03-13;25470917.59
19549470000137;2026-03-13;24487265.72
19549859000182;2026-03-13;1088451102.12
19549886000155;2026-03-13;94234749.54
19549945000195;2026-03-12;21696303.15
19550100000110;2026-03-13;214329597.93
19550171000112;2026-03-13;62367103.50
19550364000173;2026-03-13;88269107.64
19550382000155;2026-03-13;248745761.93
19550395000124;2026-03-13;193930458.90
19551025000101;2026-03-13;222432464.86
19551062000110;2026-03-13;25470442.59
19551216000173;2026-03-13;770194730.53
19573271000164;2026-03-13;245461749.01
19574502000154;2026-03-13;45706923.99
19574503000107;2026-03-13;94366969.39
19587174000120;2026-03-13;131825760.71
19587181000122;2026-03-13;131714525.21
19587190000113;2026-03-12;18362654.20
19587201000165;2026-03-13;251415537.70
19587206000198;2026-03-12;2397703665.28
19587231000171;2026-03-13;84017949.93
19599263000197;2026-03-12;7510663.02
19599277000100;2026-03-12;33451879.54
19599287000146;2026-03-13;53558426.37
19599311000147;2026-03-13;1015898.77
19599474000120;2026-03-12;340236720.96
19599719000119;2026-03-13;93822034.43
19600016000163;2026-03-13;24205686.27
19601999000152;2026-03-13;43538697.99
19602004000178;2026-03-12;149130044.77
19602018000191;2026-03-13;63694850.59
19602288000100;2026-03-12;143983309.53
19620324000150;2026-03-13;23576011.30
19620355000101;2026-03-13;60428254.86
19628666000117;2026-03-13;20537858.65
19628695000189;2026-03-12;17776853.40
19638650000195;2026-03-13;2818528.30
19656748000175;2026-03-13;8560427.12
19657463000159;2026-03-13;492707641.18
19664603000116;2026-03-13;45029483.46
19664667000117;2026-03-13;106996303.35
19669774000138;2026-03-13;1486585771.47
19670719000168;2026-03-13;14809298.27
19670825000141;2026-03-13;46200577.20
19670848000156;2026-03-13;1834784353.82
19670873000130;2026-03-13;178115519.89
19670890000177;2026-03-13;226213000.23
19673072000128;2026-03-12;20164629.34
19674723000102;2026-03-13;72875802.08
19674735000129;2026-03-12;19945719.56
19674765000135;2026-03-13;19006914.71
19674775000170;2026-03-13;1325217.80
19674808000182;2026-03-13;14550542.10
19675030000126;2026-03-13;269955731.46
19675080000103;2026-03-13;12972037.64
19675096000116;2026-03-13;44053797.23
19675101000190;2026-03-13;170468707.73
19689941000102;2026-03-13;27420984.56
19700409000149;2026-03-13;16324043470.32
19717963000139;2026-03-13;5344971.16
19718324000198;2026-03-12;174575496.19
19719719000105;2026-03-12;211884556.48
19719727000151;2026-03-12;247681983.91
19726255000164;2026-03-13;286963588.06
19726267000199;2026-03-13;263928424.25
19727078000130;2026-03-13;111537101.84
19729240000150;2026-03-12;61655570.97
19729259000104;2026-03-13;57411084.33
19734866000154;2026-03-13;1128098.98
19736757000176;2026-03-13;42600390.51
19763687000145;2026-03-13;741661.07
19769018000180;2026-03-13;11444309076.10
19769046000106;2026-03-13;1028813531.99
19770499000144;2026-03-12;22726436.51
19773986000160;2026-03-13;43459556.18
19781725000192;2026-03-13;9182032.99
19781888000175;2026-03-13;270747769.84
19781902000130;2026-03-13;117989707.78
19782286000132;2026-03-12;173281607.91
19782311000188;2026-03-13;4226359763.51
19791595000179;2026-03-13;8934489.54
19791629000125;2026-03-13;227788099.01
19799971000171;2026-03-13;94097322.12
19805188000173;2026-03-13;21076107.49
19808501000127;2026-03-13;8190758.95
19809519000143;2026-03-13;103295264.23
19821469000110;2026-03-13;50765235.69
19821512000147;2026-03-13;131983786.52
19821865000147;2026-03-12;153694592.04
19831126000136;2026-03-13;1237487159.96
19831152000164;2026-03-12;105327063.20
19833108000193;2026-03-12;5683161.80
19882173000109;2026-03-13;36685807.65
19922018000179;2026-03-13;24233277.70
19922056000121;2026-03-13;97291694.01
19922081000105;2026-03-13;445175679.60
19922130000100;2026-03-13;1663031687.35
19941589000150;2026-03-13;58338618.03
19941689000187;2026-03-13;31617662.23
19941703000142;2026-03-10;756800266.73
19941720000180;2026-03-13;507466721.22
19941775000190;2026-03-13;194664650.06
19941813000104;2026-03-11;162767721.05
19941829000117;2026-03-11;77878748.99
19941902000150;2026-03-13;60258781.87
19941929000143;2026-03-13;459579445.26
19941946000180;2026-03-13;48755094.32
19959517000130;2026-03-13;1486376806.03
19959552000150;2026-03-13;992886015.27
19959676000135;2026-03-13;1070805392.12
19959834000157;2026-03-12;63893224.54
19959932000194;2026-03-13;195899219.58
19959965000134;2026-03-13;9413626.98
19986921000101;2026-03-12;312221747.38
19997275000170;2026-03-13;42932394.96
19997277000169;2026-03-13;54450609.33
19997643000180;2026-03-13;5974122.27
20008080000139;2026-03-13;151822405.04
20030712000160;2026-03-13;135489539.98
20030716000149;2026-03-12;41517846.04
20030726000184;2026-03-10;28674963.05
20039927000142;2026-03-13;9327839.32
20046596000178;2026-03-13;24041539.18
20046677000178;2026-03-13;10191313.46
20055468000190;2026-03-13;44024748.55
20056368000189;2026-03-13;38467985.39
20056892000150;2026-03-13;15308926.23
20056898000127;2026-03-13;17713677.32
20061994000163;2026-03-13;645406136.60
20077065000142;2026-03-13;16011155.90
20077265000103;2026-03-12;305449281.44
20077311000166;2026-03-13;97105193.56
20077326000124;2026-03-12;898585362.31
20077344000106;2026-03-12;932799729.32
20077390000105;2026-03-12;21581141.97
20077406000180;2026-03-12;652597919.13
20077432000108;2026-03-12;52343553.81
20077480000104;2026-03-12;52965718.77
20077502000128;2026-03-12;11356587.84
20077711000171;2026-03-13;102172871.59
20077745000166;2026-03-13;3818504.54
20103379000172;2026-03-13;33299619.48
20139534000100;2026-03-13;229753523.82
20142612000126;2026-03-13;299565497.74
20146294000171;2026-03-13;444086046.31
20146318000192;2026-03-13;443034564.31
20146323000103;2026-03-13;28097079.58
20147339000122;2026-03-04;8016221.55
20147372000152;2026-03-13;7784623.21
20147389000100;2026-03-13;88086665.99
20147441000128;2026-03-13;41978467.93
20147499000171;2026-03-13;1192436889.26
20147531000119;2026-03-12;324142335.44
20147699000124;2026-03-13;28835193.14
20155921000130;2026-03-13;786487591.93
20155965000160;2026-03-13;1474488.86
20155978000130;2026-03-13;40924332.92
20156086000153;2026-03-13;15186121.33
20162345000159;2026-03-13;56120129.98
20162353000103;2026-03-13;10368683.79
20163867000175;2026-03-13;53032578.03
20170172000110;2026-03-13;75857954.62
20173073000192;2026-03-13;56517680.02
20173091000174;2026-03-13;806626666.53
20183830000109;2026-03-13;162071162.77
20189837000138;2026-03-13;100712079.32
20190106000102;2026-03-13;23884866.86
20193528000131;2026-03-13;1887326608.44
20193550000181;2026-03-13;81039264.76
20193577000174;2026-03-13;17430075.20
20194039000102;2026-03-13;1311944144.79
20198101000126;2026-03-13;56833254.73
20206062000161;2026-03-12;1224859.19
20206214000126;2026-03-13;11112040.98
20214831000173;2026-03-13;193024953.64
20214858000166;2026-03-13;73852178.11
20216083000168;2026-03-13;4396177.69
20216100000167;2026-03-13;413830843.99
20216114000180;2026-03-13;249942095.60
20216125000160;2026-03-13;225127472.56
20216173000159;2026-03-12;367317418.14
20216216000104;2026-03-13;405091603.42
20216233000133;2026-03-12;2052343124.69
20216279000152;2026-03-13;115441056.34
20216301000164;2026-03-13;182245538.49
20216311000108;2026-03-12;230898911.93
20216336000101;2026-03-13;216901903.06
20216348000128;2026-03-13;2799525.09
20216410000181;2026-03-13;2255486456.24
20216755000135;2026-03-13;23092613.07
20216772000172;2026-03-13;281943438.69
20216869000185;2026-03-13;4100918096.34
20216906000155;2026-03-13;221288975.45
20216923000192;2026-03-12;164344560.49
20216954000143;2026-03-12;48886485.38
20216977000158;2026-03-12;259006552.14
20226378000115;2026-03-13;69453393.57
20226388000150;2026-03-13;110977138.72
20230719000126;2026-03-13;3974079129.20
20231879000190;2026-03-12;44459001.95
20250623000120;2026-03-13;17943934.00
20252942000174;2026-03-13;191960686.04
20270180000139;2026-03-13;1071611910.62
20273341000148;2026-03-13;22999738.38
20283162000191;2026-03-13;4007267.66
20287889000147;2026-03-13;595440522.35
20288489000156;2026-03-13;201632594.72
20288580000171;2026-03-13;44848838.70
20303592000128;2026-03-13;8995191.15
20311706000181;2026-03-12;98666898.72
20331359000159;2026-03-13;74900313.68
20332753000101;2026-03-13;43058850.35
20335176000101;2026-03-13;5830752136.54
20335211000192;2026-03-13;77620108.64
20335237000130;2026-03-13;0.85
20335317000196;2026-03-12;21532356.98
20335374000175;2026-03-13;19507609.85
20335415000123;2026-03-12;138123777.20
20335429000147;2026-03-13;1872077.87
20335455000175;2026-03-12;432727297.83
20335511000171;2026-03-13;27133978.32
20335522000151;2026-03-13;31683655404.96
20335539000109;2026-03-13;1304256.02
20335555000100;2026-03-13;139793428.58
20335640000160;2026-03-13;52678836.31
20335652000194;2026-03-13;288168806.65
20335674000154;2026-03-13;29090968.97
20335700000144;2026-03-13;640034322.71
20354830000124;2026-03-13;36531694.46
20354845000192;2026-03-13;3597419.37
20354907000166;2026-03-13;1307784252.78
20354935000183;2026-03-13;221483860.62
20355007000133;2026-03-13;2035979621.55
20355082000102;2026-03-13;45121451.07
20374752000120;2026-03-13;335753585.44
20394372000157;2026-03-13;419305592.03
20403232000106;2026-03-13;56310282.46
20403293000165;2026-03-13;63987872.99
20403315000197;2026-03-13;35329715.77
20441379000182;2026-03-13;7187632999.89
20441483000177;2026-03-13;4627205754.11
20451857000135;2026-03-13;543334958.47
20451888000196;2026-03-13;540042416.87
20458815000126;2026-03-13;26035626.19
20458836000141;2026-03-12;8840411.49
20458849000110;2026-03-13;7835004.90
20459779000115;2026-03-13;77054193.62
20468028000165;2026-03-13;180298513.31
20468036000101;2026-03-06;327927571.31
20468109000165;2026-03-13;59816147.00
20468262000192;2026-03-13;207093497.70
20468287000196;2026-03-13;207093172.34
20468346000126;2026-03-13;822351571.09
20468456000198;2026-03-13;466915191.38
20468531000110;2026-03-13;5364971.77
20468585000186;2026-03-13;1981325989.24
20468746000131;2026-03-13;464368516.82
20468779000181;2026-03-13;8569500.04
20468793000185;2026-03-13;21016230.82
20469100000179;2026-03-13;17317139.75
20481501000144;2026-03-13;29742462.32
20485402000130;2026-03-13;115144575.24
20485412000176;2026-03-13;254789818.61
20485420000112;2026-03-13;280724280.75
20501983000157;2026-03-13;11810561.77
20504761000198;2026-03-12;18455805.83
20504782000103;2026-03-13;61696024.24
20519414000139;2026-03-13;92606154.89
20519416000128;2026-03-12;292506451.17
20519417000172;2026-03-12;97181023.62
20584248000154;2026-03-13;980531623.44
20584638000124;2026-03-13;8716464.21
20628678000120;2026-03-12;377904306.12
20628685000122;2026-03-12;5994762.46
20634545000167;2026-03-13;32440597.59
20634554000158;2026-03-13;21714891.65
20640566000195;2026-03-13;131898091.97
20643534000143;2026-03-13;103778525.46
20649533000106;2026-03-13;22138558.74
20649559000154;2026-03-13;43452125.96
20649585000182;2026-03-13;18096130.16
20649608000159;2026-03-13;16495835.97
20649662000102;2026-03-13;7486878.22
20658576000158;2026-03-13;54373962.87
20658901000182;2026-03-13;6033082.34
20661438000128;2026-03-13;6819629.44
20689812000101;2026-03-13;98278968.20
20692070000165;2026-03-10;559810941.01
20692099000147;2026-03-11;2975749713.02
20692245000134;2026-03-12;412319755.46
20692267000102;2026-03-12;1.47
20692302000185;2026-03-13;78675235.52
20700959000147;2026-03-13;492506478.20
20701533000108;2026-03-12;23121878.86
20701549000110;2026-03-12;92479273.94
20701569000191;2026-03-12;21932684.00
20701585000184;2026-03-12;22007055.77
20725787000166;2026-03-13;403521675.89
20725814000109;2026-03-13;226046979.28
20725852000153;2026-03-13;11559013.69
20725946000122;2026-03-12;159864548.04
20725957000102;2026-03-12;271548357.75
20726000000180;2026-03-13;16706075.08
20726016000193;2026-03-12;71528825.13
20726027000173;2026-03-12;71478643.83
20726061000148;2026-03-12;591007374.40
20726076000106;2026-03-12;886375729.95
20726130000113;2026-03-12;1032556662.99
20726178000121;2026-03-12;63511000.58
20726195000169;2026-03-12;8811134.90
20726207000155;2026-03-12;5968771.70
20726224000192;2026-03-12;5353269.85
20726671000141;2026-03-13;6741467.24
20726687000154;2026-03-12;1074246812.02
20734931000120;2026-03-13;1991751.32
20743601000100;2026-03-13;28673519239.49
20745544000190;2026-03-13;307061091.02
20762355000125;2026-03-13;4364737590.28
20764258000171;2026-03-12;46043826.38
20789785000130;2026-03-13;768896154.97
20789951000107;2026-03-13;278441939.15
20789994000184;2026-03-13;110046074.31
20798268000128;2026-03-13;165369090.57
20798290000178;2026-03-13;117470439.54
20813604000164;2026-03-03;45706379.29
20813765000158;2026-03-12;1560768.26
20814958000123;2026-03-13;1052497.78
20814969000103;2026-03-13;13477670.71
20815620000196;2026-03-13;27810540.42
20815628000152;2026-03-13;41379247.34
20820448000169;2026-03-13;34715709.73
20824446000148;2026-03-13;853894738.45
20824461000196;2026-03-12;71414936.33
20824465000174;2026-03-12;66687131.92
20826532000190;2026-03-13;105701746.17
20833920000106;2026-03-13;1047248572.54
20833934000111;2026-03-12;311192004.19
20833938000108;2026-03-13;1071452548.23
20833940000179;2026-03-13;94404338.09
20849025000171;2026-03-12;50655126.38
20852210000115;2026-03-13;18484606.88
20852214000101;2026-03-13;9403608.71
20861242000187;2026-03-13;110777792.95
20861254000101;2026-03-13;3988607.88
20866937000151;2026-03-12;18703959.67
20867066000190;2026-03-13;57843068.15
20867112000151;2026-03-12;3853026.25
20867132000122;2026-03-13;124999115.96
20870377000109;2026-03-13;382526043.57
20870383000166;2026-03-13;246155974.39
20879578000177;2026-03-13;1427844185.55
20887247000189;2026-03-13;720217439.99
20889133000178;2026-03-13;544417537.28
20889217000101;2026-03-13;1192140749.75
20889336000164;2026-03-13;3815325492.94
20889355000190;2026-03-13;64472660.85
20889471000100;2026-03-13;382230434.59
20889498000100;2026-03-13;21650027.79
20889512000168;2026-03-12;104728140.12
20889637000198;2026-03-13;337471173.88
20889768000175;2026-03-13;84537181.07
20889815000180;2026-03-13;54746209.36
20934274000165;2026-03-12;119872005.44
20961980000104;2026-03-12;11792190.23
20968924000193;2026-03-13;24686818.22
20968942000175;2026-03-13;42118917.30
20969210000108;2026-03-13;45561990.54
20969330000105;2026-03-13;56451154.84
20977224000165;2026-03-12;33778993.38
20977437000197;2026-03-13;9549695468.76
20977452000135;2026-03-13;257621890.50
20977474000103;2026-03-13;30508843.00
20977499000107;2026-03-13;336311181.93
20977513000164;2026-03-13;29711621.29
20977653000132;2026-03-13;149571626.86
20977660000134;2026-03-13;1056248119.67
20977663000178;2026-03-13;3504847724.22
20978098000163;2026-03-13;24524053.48
20978898000184;2026-03-13;16032320.62
20979839000120;2026-03-13;134777724.30
20983041000152;2026-03-12;62790729.05
20997959000150;2026-03-13;1307111743.05
20997967000105;2026-03-12;22993342.62
21005667000157;2026-03-13;206313643.85
21006902000105;2026-03-13;2741412.64
21006934000100;2026-03-13;121246544.12
21007180000103;2026-03-13;448402400.16
21015747000193;2026-03-13;92652969.72
21015772000177;2026-03-13;58199588.04
21015780000113;2026-03-12;53065925.46
21024107000140;2026-03-13;11319753.69
21024134000112;2026-03-13;8851103.34
21032754000101;2026-03-13;15906274.33
21040553000148;2026-03-13;3376497.46
21040600000153;2026-03-12;846322445.17
21052828000163;2026-03-13;603536505.40
21052935000191;2026-03-12;74111120.33
21052962000164;2026-03-12;13502466.91
21052975000133;2026-03-13;893976902.13
21052989000157;2026-03-13;1489401924.65
21053024000189;2026-03-13;2950560995.34
21053080000113;2026-03-13;7393105.77
21053165000100;2026-03-12;353344750.11
21053181000194;2026-03-12;145509926.62
21053243000168;2026-03-12;23366609.45
21053290000101;2026-03-12;48548517.22
21053310000144;2026-03-13;238370442.31
21053369000132;2026-03-12;76780161.27
21053457000134;2026-03-12;251956180.52
21053494000142;2026-03-12;301221084.57
21053545000136;2026-03-12;18990203.23
21053555000171;2026-03-13;96353872.44
21065857000160;2026-03-13;8273392.17
21079589000135;2026-03-13;54357433.82
21079600000167;2026-03-12;67764887.51
21082082000130;2026-03-12;41342134.47
21082091000121;2026-03-12;234606858.55
21082099000198;2026-03-12;234986043.16
21082114000106;2026-03-12;11235697.17
21082121000108;2026-03-12;5336930348.20
21082123000199;2026-03-12;1862742819.01
21082143000160;2026-03-12;13523526.81
21082280000102;2026-03-12;27211099.79
21082321000152;2026-03-12;7718073.83
21082355000147;2026-03-12;9102591.87
21082382000110;2026-03-12;225152213.52
21082387000142;2026-03-11;13907350.17
21082397000188;2026-03-12;1417057107.74
21082414000187;2026-03-13;1070796111.34
21084268000129;2026-03-12;37266919.78
21101661000183;2026-03-13;50637701.26
21126351000113;2026-03-12;-5112411.54
21144577000147;2026-03-13;177627008.98
21144666000193;2026-03-13;68785435.38
21144698000199;2026-03-13;176381618.82
21156197000122;2026-03-12;243960618.08
21170347000152;2026-03-13;3308580355.56
21170372000136;2026-03-13;4088774224.29
21170383000116;2026-03-13;86961859.23
21185984000100;2026-03-13;3604128070.87
21186519000186;2026-03-12;216808772.11
21186554000103;2026-03-12;130351063.81
21205477000183;2026-03-13;538512714.94
21219083000184;2026-03-12;101893403.98
21219238000182;2026-03-12;334875799.19
21219354000100;2026-03-12;49908206.06
21228297000117;2026-03-12;1984633.99
21254376000100;2026-03-13;77774084.65
21254643000131;2026-03-13;56652590.09
21254931000196;2026-03-13;135781962.59
21255097000153;2026-03-13;1071634.18
21261301000149;2026-03-13;16800025.82
21261336000188;2026-03-12;65145509.98
21261345000179;2026-03-12;24727773.85
21261349000157;2026-03-12;15744293.69
21261382000187;2026-03-13;34480543.14
21261397000145;2026-03-13;299485139.74
21261493000193;2026-03-12;35111831.38
21287197000161;2026-03-12;1563316.24
21287264000148;2026-03-12;32716397.94
21287281000185;2026-03-12;20198708.68
21287393000136;2026-03-12;5477569.40
21287421000115;2026-03-12;32715544.70
21287436000183;2026-03-12;103836275.56
21287464000109;2026-03-12;56574128.93
21293610000109;2026-03-13;1321949480.98
21306424000159;2026-03-13;517673862.40
21306432000103;2026-03-13;6783552.12
21307581000189;2026-03-13;980402789.12
21312800000118;2026-03-12;20911606.21
21312817000175;2026-03-13;28739032.57
21320476000180;2026-03-13;19677873.39
21321454000134;2026-03-13;230355738.67
21321571000106;2026-03-12;300784192.15
21321582000188;2026-03-12;23831324.78
21321600000121;2026-03-13;99382850.07
21321611000101;2026-03-13;276045228.48
21329170000194;2026-03-13;171098469.58
21329178000150;2026-03-12;28206738.54
21329190000165;2026-03-13;121588318.43
21330302000106;2026-03-13;24186217.07
21330310000144;2026-03-13;29601527.38
21330341000103;2026-03-13;38232435.59
21336405000175;2026-03-13;3648465.15
21336427000135;2026-03-13;1336397220.55
21336440000194;2026-03-13;1736948787.07
21347516000187;2026-03-13;11276258.63
21347522000134;2026-03-13;1942755713.27
21347549000127;2026-03-13;34477782.58
21347558000118;2026-03-13;1924797380.22
21347560000197;2026-03-13;755276150.73
21347568000153;2026-03-13;348090040.12
21347572000111;2026-03-13;100919449.60
21347601000145;2026-03-12;79271485.72
21347606000178;2026-03-12;32733050.88
21347613000170;2026-03-13;87197391.64
21347643000186;2026-03-13;66868071.12
21347655000100;2026-03-13;1796547.36
21347664000100;2026-03-13;148179836.18
21347683000128;2026-03-13;16883338.35
21347685000117;2026-03-13;102046701.94
21347694000108;2026-03-12;15097056.58
21347714000140;2026-03-13;11946512.84
21360513000183;2026-03-13;88107946.26
21360517000161;2026-03-13;1189156.12
21363225000182;2026-03-13;26496589.79
21377854000161;2026-03-12;1221334659.51
21397837000196;2026-03-13;5888329.22
21397874000102;2026-03-13;84480485.66
21406113000161;2026-03-13;322735911.03
21406168000171;2026-03-12;52997900.88
21406387000150;2026-03-13;20311351.83
21406486000132;2026-03-12;11244696.38
21406833000127;2026-03-12;33647457.29
21406990000132;2026-03-12;42515692.11
21407059000179;2026-03-13;1421057483.77
21407105000130;2026-03-13;5427269983.97
21407120000188;2026-03-13;142210684.34
21407156000161;2026-03-13;132499635.20
21407204000111;2026-03-12;68218910.69
21407223000148;2026-03-13;18994250.24
21407336000143;2026-03-13;7036260.96
21407357000169;2026-03-13;1626786.20
21407385000186;2026-03-13;3042416145.67
21407474000122;2026-03-13;19805062.30
21408039000112;2026-03-13;23816181.43
21437224000135;2026-03-13;1814409781.50
21454620000170;2026-03-13;92075839.91
21454647000163;2026-03-13;25002882.01
21454658000143;2026-03-13;37143061.63
21454683000127;2026-03-13;7026789.12
21462255000146;2026-03-13;41198470.82
21462258000180;2026-03-13;203050909.76
21470644000113;2026-03-13;1099176103.60
21470647000157;2026-03-13;905574103.79
21470671000196;2026-03-13;208158505.28
21470947000136;2026-03-13;9349738498.77
21470960000195;2026-03-13;281552310.44
21470989000177;2026-03-13;2019652664.54
21473286000100;2026-03-13;147393358.08
21494385000160;2026-03-13;300462856.57
21494390000173;2026-03-13;20412659.80
21494418000172;2026-03-13;240211531.92
21494424000120;2026-03-13;51180429.44
21494427000163;2026-03-13;11454516.67
21494444000109;2026-03-13;1626610107.30
21494454000136;2026-03-12;10020629.76
21502318000140;2026-03-13;110416869.22
21549578000171;2026-03-13;26660605.64
21556431000109;2026-03-16;0.00
21556446000177;2026-03-13;92049138.56
21556525000188;2026-03-13;93900569.83
21570466000100;2026-03-13;372017476.31
21577137000183;2026-03-10;11747382567.86
21595829000154;2026-03-13;946157485.99
21595851000102;2026-03-05;39093761.13
21595870000120;2026-03-13;25184376.51
21595937000127;2026-03-13;45397276.92
21595981000137;2026-03-13;36471913.95
21595984000170;2026-03-12;222192182.91
21595995000150;2026-03-12;779466882.82
21596001000110;2026-03-12;486723681.36
21596006000143;2026-03-13;243837298.65
21596013000145;2026-03-13;9879814.92
21596021000191;2026-03-13;109513550.28
21596134000197;2026-03-12;2582733685.48
21596146000111;2026-03-12;1553297935.34
21596154000168;2026-03-12;78852963.58
21596165000148;2026-03-12;93337800.63
21596169000126;2026-03-13;388648101.66
21596641000120;2026-03-12;239161308.09
21596653000155;2026-03-13;255162897.65
21596661000100;2026-03-12;57563606.61
21596667000179;2026-03-12;130794724.05
21596670000192;2026-03-12;309606286.97
21596743000146;2026-03-13;9819189.48
21596763000117;2026-03-12;57058524.32
21612773000107;2026-03-13;796115015.02
21612781000145;2026-03-13;88444052.39
21613103000105;2026-03-13;85986954.05
21613148000171;2026-03-13;17302475.97
21613158000107;2026-03-13;170225126.17
21613185000180;2026-03-13;33552642.64
21624743000102;2026-03-13;57248182.24
21624757000126;2026-03-13;1622038.04
21624866000143;2026-03-12;494292931.69
21624914000101;2026-03-12;429729036.78
21624927000172;2026-03-12;55186962.56
21624950000167;2026-03-12;924007739.92
21624975000160;2026-03-12;104324272.55
21625000000157;2026-03-12;47222574.66
21625036000130;2026-03-12;39886729.44
21646712000152;2026-03-13;16260154.76
21646715000196;2026-03-13;94366121.31
21646718000120;2026-03-11;65363697.87
21680879000130;2026-03-13;32394905.92
21680881000109;2026-03-13;38372578.90
21680882000153;2026-03-13;9403525.94
21681263000183;2026-03-13;41474231.43
21681273000119;2026-03-13;16521542767.20
21689241000160;2026-03-13;34684596.00
21689246000192;2026-03-13;274215152.07
21720791000102;2026-03-13;54415742.12
21721251000135;2026-03-13;26019535.22
21723983000164;2026-03-13;63812516.18
21724028000141;2026-03-12;50786109.28
21724128000178;2026-03-11;62204544.80
21732618000116;2026-03-13;15920470.75
21732619000160;2026-03-13;79716944.45
21732670000172;2026-03-13;102231526.97
21743480000150;2026-03-13;8189776471.53
21752617000133;2026-03-13;46719645.57
21762085000115;2026-03-13;617509095.00
21762107000147;2026-03-13;1044295680.66
21791224000139;2026-03-12;88084748.57
21796732000100;2026-03-12;162910860.41
21805389000112;2026-03-13;459128231.59
21809409000123;2026-03-12;41587922.54
21818801000139;2026-03-12;20418300.47
21838150000149;2026-03-13;1368674723.42
21838165000107;2026-03-13;245972352.41
21838176000197;2026-03-13;113335370.51
21838220000169;2026-03-13;37934211.15
21838242000129;2026-03-13;12355551.29
21838290000117;2026-03-13;15623758.87
21850153000106;2026-03-12;244128364.88
21850269000137;2026-03-12;191375354.88
21862627000121;2026-03-13;32518687.64
21862646000158;2026-03-13;24952485.52
21862714000189;2026-03-13;14820576.70
21862813000160;2026-03-13;86556661.01
21888682000190;2026-03-13;174210781.02
21888703000178;2026-03-13;1022291044.71
21888723000149;2026-03-13;3250060655.11
21888738000107;2026-03-13;51989882.41
21888761000100;2026-03-13;20891716.64
21888776000160;2026-03-13;448322301.07
21889184000162;2026-03-13;6817785.82
21917184000129;2026-03-13;193361189.50
21917206000150;2026-03-13;212150221.02
21918896000162;2026-03-13;44543379.20
21919074000104;2026-03-13;3393166666.83
21934904000164;2026-03-12;10907262.13
21937782000160;2026-03-12;1700331.07
21938054000172;2026-03-13;4267424005.80
21940668000199;2026-03-13;16864927.44
21940681000148;2026-03-13;70970065.76
21940710000171;2026-03-13;19720283.30
21940723000140;2026-03-12;7746150.23
21940736000110;2026-03-12;7051622.34
21940749000199;2026-03-12;16580578.89
21946290000130;2026-03-13;35821111.89
21946695000179;2026-03-13;323402686.22
21956674000134;2026-03-13;20440110.53
21964520000194;2026-03-12;119265810.88
21964701000110;2026-03-13;29626572.12
21964768000155;2026-03-13;11389370.15
21983042000160;2026-03-13;85511913.82
21983061000196;2026-03-12;171196927.10
21983079000198;2026-03-13;160598618.61
21992525000120;2026-03-13;4948033.27
22003296000137;2026-03-13;55566854.34
22003325000160;2026-03-13;28737712.20
22003335000104;2026-03-13;113453101.96
22003346000186;2026-03-13;10999587.15
22003645000110;2026-03-13;27841743.88
22003665000191;2026-03-13;269152415.89
22003688000104;2026-03-13;246087007.48
22003706000140;2026-03-13;87233518.12
22003723000187;2026-03-13;17560281.55
22003797000113;2026-03-13;126776367.01
22003855000109;2026-03-13;32846810.95
22003892000117;2026-03-10;8047607.66
22003930000131;2026-03-12;1795744242.49
22013584000172;2026-03-13;28378491.05
22013612000151;2026-03-13;83303978.74
22013628000164;2026-03-12;2606315.41
22013935000145;2026-03-12;11370478.01
22013978000120;2026-03-13;73244464.57
22014217000193;2026-03-13;45064535.68
22014290000165;2026-03-12;34905884.93
22014317000110;2026-03-12;92034009.31
22014331000113;2026-03-13;577611117.46
22014363000119;2026-03-13;160936345.35
22014375000143;2026-03-11;151339410.20
22016573000146;2026-03-11;25204594.79
22022523000171;2026-03-12;7845126.58
22031953000150;2026-03-13;33855421.23
22041150000186;2026-03-13;313506353.10
22041216000138;2026-03-13;860670254.38
22041234000110;2026-03-13;142046480.22
22041241000111;2026-03-13;58735270.66
22051699000151;2026-03-13;1692609912.22
22080558000167;2026-03-13;21073739695.62
22080561000180;2026-03-13;9695192135.01
22080563000170;2026-03-13;221785164.19
22080567000158;2026-03-13;113698162.22
22099965000116;2026-03-13;246152728.90
22100009000107;2026-03-13;567158245.63
22106186000109;2026-03-13;92083797.13
22106240000108;2026-03-13;44314300.95
22106276000191;2026-03-13;56984871.42
22106310000128;2026-03-13;332119877.77
22106367000127;2026-03-13;474220788.43
22106390000111;2026-03-13;40251475.34
22118303000146;2026-03-13;133769022.63
22118329000194;2026-03-13;42888943.85
22118342000143;2026-03-13;27703911.62
22118816000157;2026-03-13;135467891.85
22128289000161;2026-03-13;61406066.33
22150427000109;2026-03-12;2293337.03
22150448000124;2026-03-12;38943721.11
22150527000135;2026-03-12;10233309.41
22150587000158;2026-03-12;41039033.13
22150600000179;2026-03-12;116510813.13
22177252000123;2026-03-13;14041377.82
22187479000150;2026-03-13;333630958.53
22187885000112;2026-03-13;21793164.90
22187946000141;2026-03-13;873922704.75
22187973000114;2026-03-13;36218473.04
22187998000118;2026-03-12;8622308.32
22188018000100;2026-03-13;828655956.52
22188036000183;2026-03-13;1247414.92
22188046000119;2026-03-13;73342775.92
22188086000160;2026-03-13;83017891.94
22188128000163;2026-03-13;6734047.81
22214446000151;2026-03-13;846031.16
22215116000180;2026-03-13;982797314.54
22215215000162;2026-03-13;51342655.38
22215322000190;2026-03-13;15547970.70
22215402000146;2026-03-13;195141369.04
22215418000159;2026-03-13;53135124.37
22222944000146;2026-03-13;148095454.43
22222949000179;2026-03-13;218040459.34
22232878000195;2026-03-13;1621471032.41
22232921000112;2026-03-13;7393260.28
22232927000190;2026-03-13;397775467.67
22232929000189;2026-03-13;25893079.08
22232931000158;2026-03-13;241045946.90
22232933000147;2026-03-13;10488041.82
22235708000164;2026-03-13;106964908.27
22242894000169;2026-03-13;329154562.83
22253501000112;2026-03-13;16042558.89
22253506000145;2026-03-13;17604495.98
22282955000111;2026-03-13;506481693.81
22282971000104;2026-03-13;2554668.14
22314812000144;2026-03-13;219841874.83
22314823000124;2026-03-13;41292090.15
22328326000185;2026-03-12;101772685.74
22341009000107;2026-03-13;5357340.31
22341021000103;2026-03-13;20772491.64
22344834000157;2026-03-12;2864798.70
22344837000190;2026-03-13;72457868.69
22344843000148;2026-03-13;382803493.71
22345384000117;2026-03-13;870398191.06
22345400000171;2026-03-13;15826593.33
22346573000104;2026-03-04;23561308.18
22346585000139;2026-03-13;26512782.65
22346617000104;2026-03-13;19938077.90
22346634000133;2026-03-13;13534965.33
22353913000124;2026-03-13;7023508.66
22354046000141;2026-03-13;7199226.36
22380316000199;2026-03-13;1370064690.70
22426660000171;2026-03-12;6912523.16
22426675000130;2026-03-12;431625575.35
22426693000111;2026-03-13;148668935.09
22426711000165;2026-03-13;28080976.52
22426734000170;2026-03-13;55961813.98
22426747000149;2026-03-13;112720579.39
22426754000140;2026-03-12;103526533.33
22428670000146;2026-03-12;10915278.66
22428762000126;2026-03-13;416793289.14
22428782000105;2026-03-13;1802709268.00
22428807000162;2026-03-13;1233532724.02
22443309000199;2026-03-13;233156619.70
22443530000147;2026-03-12;77427.59
22504034000156;2026-03-12;48866021.99
22622884000159;2026-03-12;6356621.65
22632237000128;2026-03-13;489934440.10
22632296000104;2026-03-13;21070739.25
22632300000126;2026-03-13;15860095.14
22642520000130;2026-03-13;195152890.01
22642644000116;2026-03-13;62108752.80
22652091000182;2026-03-13;446152699.09
22654567000114;2026-03-12;1117026374.99
22654607000128;2026-03-12;4391242.35
22661874000122;2026-03-13;20746842.32
22662135000155;2026-03-13;175391949.16
22662147000180;2026-03-13;72508290.70
22672424000135;2026-03-13;25440569.95
22680446000147;2026-03-13;97040869.90
22681798000117;2026-03-13;218798312.34
22684346000199;2026-03-13;7071721.26
22699225000110;2026-03-13;71343397.98
22759978000174;2026-03-12;280350036.53
22759995000101;2026-03-13;74820068.25
22760051000154;2026-03-12;12258173650.87
22773421000198;2026-03-13;770653201.22
22791114000130;2026-03-12;103390386.76
22791154000181;2026-03-13;50159610.18
22791232000148;2026-03-13;35809536.58
22791329000150;2026-03-13;412523236.42
22808973000194;2026-03-13;41565797.49
22809013000149;2026-03-11;62035167.50
22809036000153;2026-03-13;14156638.85
22809048000188;2026-03-13;52427824.10
22809079000139;2026-03-13;48396621.13
22809158000140;2026-03-13;34834646.26
22809178000110;2026-03-13;24819732.95
22884922000141;2026-03-12;708833831.39
22884934000176;2026-03-12;573934788.35
22884986000142;2026-03-12;13547250.29
22884997000122;2026-03-13;97212874.65
22898809000115;2026-03-13;111147001.96
22898855000114;2026-03-12;21284308.86
22899164000135;2026-03-13;38562731.98
22899237000199;2026-03-13;5229986.77
22899312000111;2026-03-13;17186558.55
22899368000176;2026-03-12;5268752.54
22899381000125;2026-03-13;187294173.66
22918180000128;2026-03-13;2972527996.41
22918192000152;2026-03-13;29924104.58
22918245000135;2026-03-13;61926579.63
22918282000143;2026-03-13;879624628.98
22918315000155;2026-03-13;1076915436.82
22918359000185;2026-03-13;705669070.86
22918378000101;2026-03-13;852406909.10
22918388000147;2026-03-13;100998847.43
22918397000138;2026-03-12;113685030.19
22918433000163;2026-03-11;194837344.51
22918444000143;2026-03-13;910650990.37
22918467000158;2026-03-13;32363884.25
22918483000140;2026-03-13;40876096.78
22918492000131;2026-03-13;41702518.86
22918500000140;2026-03-13;30515679.43
22918511000120;2026-03-13;45117932.71
22918520000110;2026-03-13;20185556.79
22918578000164;2026-03-13;35190498.51
22918586000100;2026-03-13;127456548.12
22922145000182;2026-03-12;73511094.61
22946019000168;2026-03-12;17507739.50
22946029000101;2026-03-12;13760975.03
22955806000176;2026-03-12;7305644.51
22963439000152;2026-03-13;1489264200.11
22975153000197;2026-03-05;12380897481.54
22975160000199;2026-03-13;137174937.92
22985059000119;2026-03-13;33954792.91
22985070000189;2026-03-13;233491278.94
23000848000116;2026-03-12;16553069.13
23028765000135;2026-03-13;17854068.69
23028824000175;2026-03-13;53942861.03
23028904000120;2026-03-13;71619669.19
23029058000163;2026-03-13;163343641.32
23029086000180;2026-03-12;2234291481.25
23034780000196;2026-03-13;45584857.20
23034819000175;2026-03-10;1551556226.63
23034933000103;2026-03-12;28608469.27
23034963000101;2026-03-13;764617068.00
23035015000190;2026-03-13;93235104.91
23035035000161;2026-03-13;28492866.16
23045009000114;2026-03-12;78028065.63
23045031000164;2026-03-13;140970354.63
23045051000135;2026-03-12;42652674.04
23066464000104;2026-03-13;442883985.63
23066503000165;2026-03-13;22465913.77
23066527000114;2026-03-13;136467461.25
23066547000195;2026-03-13;544623718.07
23066583000159;2026-03-13;74269600.09
23066595000183;2026-03-13;61184920.47
23066612000182;2026-03-13;633896274.46
23066677000128;2026-03-13;531504136.33
23066701000129;2026-03-13;30434395.65
23066717000131;2026-03-13;647290763.58
23098410000112;2026-03-12;18058835.90
23098430000193;2026-03-13;48552213.92
23120257000182;2026-03-13;35359691.81
23120331000160;2026-03-13;20355792.67
23120582000145;2026-03-13;7008737.14
23129095000143;2026-03-13;2819697456.16
23176627000101;2026-03-13;50216740.13
23176630000117;2026-03-13;18409538.51
23186344000132;2026-03-13;39528637.94
23186354000178;2026-03-13;14788179.56
23215008000170;2026-03-13;9719720423.30
23215039000121;2026-03-13;172969500.65
23215097000155;2026-03-13;3642036272.81
23216703000157;2026-03-13;2852248356.67
23216759000101;2026-03-13;252547968.76
23216794000120;2026-03-13;63896528.02
23216805000172;2026-03-13;197957641.95
23225878000120;2026-03-12;608482628.34
23225882000199;2026-03-13;112141995.54
23225888000166;2026-03-13;385426616.19
23234136000161;2026-03-13;21437159.41
23234138000150;2026-03-13;34595329.45
23234140000120;2026-03-13;10000984.25
23234145000152;2026-03-13;6983747.74
23234158000121;2026-03-12;26576687.28
23243536000133;2026-03-13;43462794.29
23252569000140;2026-03-13;12204919.07
23263359000157;2026-03-13;178630498.37
23272391000107;2026-03-13;146711796.03
23303835000116;2026-03-11;50408851.50
23305052000171;2026-03-11;53418362.93
23313887000173;2026-03-11;128197927.85
23318209000101;2026-03-11;97994264.14
23318245000167;2026-03-11;26210.09
23318282000175;2026-03-11;138992549.76
23339411000101;2026-03-11;66663576.66
23339873000129;2026-03-13;49682671.15
23339924000112;2026-03-13;909960960.21
23339936000147;2026-03-13;826861616.34
23339953000184;2026-03-13;11428632.10
23339982000146;2026-03-13;75323111.13
23340019000182;2026-03-13;58971442.51
23340044000166;2026-03-13;33517835.06
23340071000139;2026-03-13;34108677.08
23340106000130;2026-03-13;10194803.57
23340155000172;2026-03-13;21924521.35
23340195000114;2026-03-13;1262540.09
23352139000108;2026-03-12;92674939.84
23352151000104;2026-03-12;713034392.70
23352171000185;2026-03-12;18765504.53
23352186000143;2026-03-12;289676305.12
23352188000132;2026-03-13;95742136.27
23352192000109;2026-03-12;7090599.84
23352200000109;2026-03-12;7940367.07
23352207000120;2026-03-12;3386959.23
23361067000157;2026-03-13;178669981.87
23361088000172;2026-03-13;89733694.18
23361125000142;2026-03-13;1583618689.87
23361262000187;2026-03-13;225513552.48
23361406000103;2026-03-13;190576772.39
23361451000150;2026-03-13;760534784.28
23376623000169;2026-03-13;78386891.44
23379083000177;2026-03-13;623860605.26
23379114000190;2026-03-13;1257379.12
23379125000170;2026-03-13;135042605.09
23379144000104;2026-03-13;24973956.73
23379180000160;2026-03-12;10384880.84
23379201000147;2026-03-12;2192942.36
23379346000148;2026-03-12;31742278.71
23379378000143;2026-03-13;19608024.60
23406045000166;2026-03-12;0.00
23425547000134;2026-03-13;3408889.40
23425559000169;2026-03-13;1640252255.78
23434820000197;2026-03-13;3653653799.69
23442112000106;2026-03-11;59841212.82
23442134000168;2026-03-11;79658343.36
23502637000181;2026-03-13;12778395.76
23502654000119;2026-03-13;610745000.53
23502671000156;2026-03-13;189993243.11
23502688000103;2026-03-13;9737781.05
23502713000159;2026-03-13;232924498.92
23502724000139;2026-03-13;4369264.12
23508793000150;2026-03-13;16051984.85
23508827000106;2026-03-12;13617805.75
23508852000190;2026-03-13;70548405.74
23508866000103;2026-03-16;0.00
23526542000106;2026-03-13;29188373.77
23546543000104;2026-03-13;21351083.57
23546603000199;2026-03-13;13053993.59
23546607000177;2026-03-13;131311462.78
23546622000115;2026-03-13;330814573.58
23546629000137;2026-03-13;19367064.77
23546652000121;2026-03-13;35711523.89
23546663000101;2026-03-13;82797181.77
23546695000107;2026-03-13;64661507.06
23546703000115;2026-03-13;851173300.01
23556180000198;2026-03-13;2366259637.31
23556185000110;2026-03-13;1322190188.21
23556204000109;2026-03-13;3990894501.46
23565803000199;2026-03-13;2403078594.90
23565840000105;2026-03-13;861312316.22
23591953000177;2026-03-13;46977841.41
23600995000127;2026-03-13;177957948.84
23600998000160;2026-03-13;1173579.00
23601467000192;2026-03-13;78901387.94
23609778000106;2026-03-13;102932579.42
23611253000105;2026-03-13;117332571.02
23611275000167;2026-03-13;48392858.81
23611321000128;2026-03-13;155911477.32
23611331000163;2026-03-13;14837821.87
23611340000154;2026-03-13;16933069.40
23611378000127;2026-03-13;11366123.50
23611410000174;2026-03-12;116398068.53
23611442000170;2026-03-13;116002322.68
23611465000184;2026-03-13;13211064.69
23613369000175;2026-03-12;18952637.01
23620517000189;2026-03-13;8562241.52
23620522000191;2026-03-06;0.00
23622637000115;2026-03-12;12398739.84
23631350000151;2026-03-13;14356823.64
23631723000194;2026-03-13;633572203.68
23639509000184;2026-03-13;18686776.82
23639593000136;2026-03-13;9312671.68
23648930000151;2026-03-13;95768477.65
23648933000195;2026-03-13;25520377.04
23648938000118;2026-03-13;14165720.18
23653754000146;2026-03-13;15822755.74
23657955000111;2026-03-13;1041423.73
23657963000168;2026-03-13;0.00
23668037000198;2026-03-13;80288991.37
23668075000140;2026-03-13;13571324.60
23668084000131;2026-03-12;4063369.55
23668516000104;2026-03-12;15839044.10
23668524000150;2026-03-13;1251814563.21
23668556000156;2026-03-12;161015371.83
23682469000153;2026-03-13;583813886.50
23682485000146;2026-03-13;166193906.66
23682492000148;2026-03-13;26522487.63
23682623000197;2026-03-11;41113888.72
23682635000111;2026-03-13;331717480.15
23682707000120;2026-03-13;294407930.92
23686325000175;2026-03-13;84320804.80
23686472000145;2026-03-13;364215389.79
23695876000103;2026-03-13;1285816.19
23695933000146;2026-03-13;143967911.19
23696056000128;2026-03-13;35019794.16
23711361000141;2026-03-13;19092763.39
23711486000171;2026-03-13;47382792.33
23713000000134;2026-03-13;5433715.96
23713040000186;2026-03-13;23331535.16
23714011000139;2026-03-13;31301477.12
23714022000119;2026-03-13;854335876.40
23714047000112;2026-03-12;1851291187.04
23714055000169;2026-03-13;31151717.42
23720107000100;2026-03-13;2316455192.40
23720458000110;2026-03-12;2598736230.13
23720500000101;2026-03-13;506092990.60
23720574000130;2026-03-13;118814133.23
23722061000168;2026-03-04;79146179.58
23722083000128;2026-03-11;19478232.98
23722164000128;2026-03-13;189342246.58
23729477000108;2026-03-12;11077569.40
23729512000199;2026-03-13;446530755.99
23729546000183;2026-03-13;1129878.74
23729562000176;2026-03-13;334490916.86
23731312000170;2026-03-13;129789786.47
23731338000119;2026-03-12;15037471.18
23731351000178;2026-03-13;15952069.64
23731371000149;2026-03-13;261239180.03
23731475000153;2026-03-10;28340423.32
23731495000124;2026-03-13;2828476290.07
23731543000184;2026-03-12;20981176.53
23731558000142;2026-03-13;1526249239.65
23731582000181;2026-03-13;2713206.85
23731622000195;2026-03-13;52826094.53
23731629000107;2026-03-13;88407092.02
23731760000174;2026-03-13;19711400.29
23731781000190;2026-03-13;936638869.20
23731792000170;2026-03-13;39952450.03
23732010000117;2026-03-13;17438317.31
23732198000101;2026-03-12;202832163.23
23732220000105;2026-03-13;53723392.43
23732231000195;2026-03-13;47222520.62
23732313000130;2026-03-12;25635717.29
23738226000190;2026-03-13;3396029684.03
23742733000105;2026-03-13;1001463.35
23748493000148;2026-03-12;55907413.62
23748539000129;2026-03-13;170718171.70
23760323000189;2026-03-13;107929612.81
23760334000169;2026-03-13;113366046.88
23760381000102;2026-03-12;22077983.45
23760398000160;2026-03-12;107637142.93
23781384000122;2026-03-13;44930333.77
23781425000180;2026-03-13;23644466.02
23781499000117;2026-03-13;81980947.97
23781736000140;2026-03-13;269244250.79
23781789000160;2026-03-02;88391153.85
23781802000181;2026-03-13;63083360.82
23781820000163;2026-03-13;218491918.63
23781878000107;2026-03-13;11292657.52
23781888000142;2026-03-13;67500489.59
23781930000125;2026-03-13;25418573.12
23797979000176;2026-03-13;28222455.56
23799268000130;2026-03-13;9528485.07
23837808000123;2026-03-13;100632007.88
23837988000143;2026-03-13;65103777.82
23848745000100;2026-03-13;58546755.10
23848748000144;2026-03-13;42270693.35
23863573000144;2026-03-13;32364325.96
23872240000181;2026-03-13;5003060.50
23872363000112;2026-03-13;10024944.23
23872371000169;2026-03-13;128201704.57
23872400000192;2026-03-12;879368551.02
23872433000132;2026-03-12;41780763.25
23872444000112;2026-03-12;16221966.40
23872452000169;2026-03-12;66299485.47
23872456000147;2026-03-12;222120205.02
23872478000107;2026-03-12;90306621.36
23872491000166;2026-03-12;17058164.01
23872743000157;2026-03-13;44452169.88
23872787000187;2026-03-13;6699219.15
23875803000195;2026-03-12;53624794.04
23875831000102;2026-03-11;17617444.92
23883385000188;2026-03-13;807684259.60
23883419000134;2026-03-13;1575231.25
23884614000189;2026-03-13;37570767.06
23884616000178;2026-03-13;3412889.51
23884619000101;2026-03-13;3365647.71
23884623000170;2026-03-13;5332442.24
23884625000169;2026-03-13;698055794.79
23884627000158;2026-03-13;5293212.94
23884632000160;2026-03-13;195759207.62
23884636000149;2026-03-13;8269274.39
23884639000182;2026-03-13;75432891.36
23884644000195;2026-03-13;237317766.40
23884654000120;2026-03-13;89614930.85
23884659000153;2026-03-13;37546513.31
23884674000100;2026-03-13;11752100.96
23884678000180;2026-03-12;43633038.68
23884688000115;2026-03-13;66572933.98
23884841000104;2026-03-13;480775722.01
23896287000185;2026-03-13;5680179.43
23900013000112;2026-03-05;6466813.19
23900031000102;2026-03-13;10967580.70
23907122000161;2026-03-13;40148168.30
23922063000109;2026-03-13;262170600.67
23922068000123;2026-03-13;68597517.98
23941302000160;2026-03-13;7689727.76
23948236000150;2026-03-12;4176677.32
23954479000109;2026-03-13;10636911.24
23954899000187;2026-03-12;41080957.40
23956069000199;2026-03-13;138166578.36
23960625000109;2026-03-13;90911547.27
23964127000126;2026-03-13;10591788.11
23964137000161;2026-03-13;32028896.74
23964332000191;2026-03-13;12812254.37
23964361000153;2026-03-13;336804210.80
23964456000177;2026-03-13;170467283.51
23964702000190;2026-03-13;241539080.13
23964727000194;2026-03-12;78183796.02
23964741000198;2026-03-12;78258216.11
23966345000108;2026-03-13;33576081.94
23970160000169;2026-03-13;47455395.34
23970183000173;2026-03-13;130380890.27
23970201000117;2026-03-13;216863196.41
23970212000105;2026-03-13;52254789.20
23979269000167;2026-03-13;8909238.24
23979309000170;2026-03-13;47532088.18
23999611000190;2026-03-13;457254965.80
24011864000177;2026-03-13;450507197.55
24012906000194;2026-03-11;106703129.20
24018842000139;2026-03-09;11763026531.10
24018977000102;2026-03-13;8448136.11
24022505000115;2026-03-13;32731750.26
24022558000136;2026-03-13;521958257.84
24022566000182;2026-03-13;338504524.95
24022593000155;2026-03-12;355239913.77
24022957000105;2026-03-13;1185480.39
24029438000160;2026-03-13;33317189.69
24048516000174;2026-03-13;3430546738.51
24048538000134;2026-03-13;297631869.37
24058187000142;2026-03-12;46444834.45
24068085000108;2026-03-12;84174947.53
24069477000191;2026-03-13;72391123.87
24069506000115;2026-03-13;18326561.58
24069542000189;2026-03-12;15659949.21
24069590000177;2026-03-13;65510466.42
24069603000108;2026-03-13;28234618.25
24069611000154;2026-03-12;34220121.67
24069639000191;2026-03-12;59636433.08
24069648000182;2026-03-12;52432075.32
24069657000173;2026-03-12;385031149.96
24070051000158;2026-03-13;10652116.60
24070059000114;2026-03-13;1023425.04
24078020000143;2026-03-13;49987624.93
24078037000109;2026-03-13;91361610.80
24117252000163;2026-03-13;6044725.66
24117267000121;2026-03-13;303526058.60
24117278000101;2026-03-13;9735195.27
24117299000127;2026-03-13;81157166.22
24119404000167;2026-03-13;11475016.42
24119419000125;2026-03-13;3327989.37
24119428000116;2026-03-13;172184418.06
24119462000190;2026-03-13;2149930.66
24119482000161;2026-03-13;286488301.50
24126043000186;2026-03-13;28027946.77
24139910000118;2026-03-13;140493668.86
24140182000164;2026-03-13;51297411.30
24140256000162;2026-03-13;3539873.18
24140265000153;2026-03-13;22861971.72
24140275000199;2026-03-11;303482544.97
24140284000180;2026-03-13;433174307.83
24140326000182;2026-03-13;33475825.73
24140338000107;2026-03-13;121193346.36
24142742000110;2026-03-13;150497100.83
24153979000104;2026-03-13;3776513.10
24154008000170;2026-03-13;63265912.82
24183846000172;2026-03-12;44492505.82
24193672000129;2026-03-13;60431491.39
24193691000155;2026-03-13;566176166.53
24193707000120;2026-03-13;10647343.41
24196072000114;2026-03-13;699627781.34
24196087000182;2026-03-13;253046946.86
24215239000147;2026-03-13;1920280897.99
24215247000193;2026-03-13;261139408.00
24215278000144;2026-03-16;0.00
24215286000190;2026-03-13;180041792.78
24215292000148;2026-03-12;98363284.89
24215307000178;2026-03-13;1559572460.86
24215314000170;2026-03-11;101954972.90
24237593000172;2026-03-13;164315031.68
24247636000109;2026-03-13;5114817.05
24248223000130;2026-03-13;35738026.29
24248233000176;2026-03-12;75615525.67
24249650000133;2026-03-12;163554435.23
24249751000104;2026-03-13;661057126.29
24249840000150;2026-03-13;663093295.93
24249941000121;2026-03-13;405108894.71
24249979000102;2026-03-13;5858805426.03
24249995000197;2026-03-13;1407175089.95
24250042000149;2026-03-13;79121835.08
24257943000162;2026-03-13;16792643.54
24257975000168;2026-03-12;103076793.17
24270467000110;2026-03-13;80148081.56
24270834000185;2026-03-13;139767293.95
24270968000104;2026-03-13;17136504.65
24271024000143;2026-03-12;47396535.63
24271085000100;2026-03-13;23105101.61
24271111000109;2026-03-13;36083482.28
24290332000116;2026-03-13;228692753.07
24290402000136;2026-03-13;56838329.68
24290544000101;2026-03-13;587362599.88
24290648000108;2026-03-13;30873752.12
24290665000145;2026-03-13;56042966.81
24300666000123;2026-03-13;11981412.02
24300684000105;2026-03-13;151744347.77
24300695000195;2026-03-10;0.00
24300703000101;2026-03-13;97246839.00
24300718000161;2026-03-12;104566834.66
24300734000154;2026-03-13;13032143.56
24325096000126;2026-03-13;1661092791.55
24325422000103;2026-03-13;113754161.74
24331273000187;2026-03-12;86597147.92
24371991000187;2026-03-12;178797998.02
24372029000162;2026-03-12;202571890.80
24372123000111;2026-03-13;83209149.68
24404552000123;2026-03-13;1765493.32
24404844000166;2026-03-12;45547749.03
24405117000113;2026-03-13;13657859.00
24405127000159;2026-03-13;2523941.64
24405186000127;2026-03-09;94241200.04
24405248000109;2026-03-13;41963287.52
24405282000175;2026-03-13;6804184.09
24413703000100;2026-03-13;4753015.84
24413794000183;2026-03-13;26247176.45
24413805000125;2026-03-12;50936017.95
24413868000181;2026-03-12;55911233.19
24413881000130;2026-03-12;30601776.21
24444154000130;2026-03-13;577745898.26
24454618000190;2026-03-13;163773737.75
24454686000159;2026-03-13;343608644.05
24454705000147;2026-03-13;283242569.67
24454718000116;2026-03-13;39176498.21
24466719000180;2026-03-12;-1736973.93
24498658000133;2026-03-13;9816394.53
24506130000169;2026-03-13;403557485.50
24514445000158;2026-03-13;58823667.44
24520948000136;2026-03-13;33059385.43
24520963000184;2026-03-12;10781583.32
24546176000101;2026-03-13;92671430.43
24546204000190;2026-03-13;78519807.51
24546215000170;2026-03-13;15587131.19
24546223000117;2026-03-13;2119714809.46
24546231000163;2026-03-13;51702126.41
24552346000160;2026-03-13;9503022.94
24552905000132;2026-03-13;1251519927.42
24552923000114;2026-03-13;5149103.99
24552942000140;2026-03-13;8080831.25
24571992000175;2026-03-13;1282108707.40
24572039000141;2026-03-12;8267722.96
24572061000191;2026-03-12;318427751.43
24572084000104;2026-03-12;11973917.11
24572177000120;2026-03-12;43570320.82
24572217000134;2026-03-12;1868791428.25
24572219000123;2026-03-13;467882654.30
24572410000175;2026-03-13;5722094.13
24572450000117;2026-03-12;3895894.51
24572474000176;2026-03-12;28770244.64
24572511000146;2026-03-13;158236005.48
24572545000130;2026-03-13;2354165730.96
24572574000100;2026-03-13;29099280.46
24572582000149;2026-03-12;77088495.94
24572601000137;2026-03-12;134471720.07
24572771000111;2026-03-12;71200243.66
24582422000180;2026-03-13;24797049.06
24582449000173;2026-03-13;89981308.16
24597757000172;2026-03-13;14374437.44
24601713000179;2026-03-13;119778875.88
24612925000151;2026-03-13;1498894.53
24612938000120;2026-03-09;12711063.94
24612944000188;2026-03-13;1486274.48
24623392000103;2026-03-13;81197761.97
24623412000146;2026-03-13;115213180.51
24623445000196;2026-03-12;69684425.73
24624268000162;2026-03-12;127102115.56
24633789000186;2026-03-13;44101898.39
24633818000100;2026-03-13;857323747.05
24633875000199;2026-03-13;17869639.25
24633906000101;2026-03-13;7707510.79
24634152000104;2026-03-13;7710512.75
24634187000143;2026-03-13;6441738614.54
24634219000100;2026-03-13;3219555902.41
24634254000120;2026-03-13;565311163.32
24634294000171;2026-03-13;285601938.68
24642962000102;2026-03-13;162932585.27
24642981000139;2026-03-13;3088195.39
24651157000145;2026-03-12;985109264.84
24651208000139;2026-03-12;4271937970.54
24651257000171;2026-03-12;8819127811.09
24651290000100;2026-03-12;1555365318.55
24651319000145;2026-03-12;230636539.38
24658499000197;2026-03-13;634334180.23
24658649000162;2026-03-13;467365317.33
24668921000195;2026-03-13;1610492765.74
24668933000110;2026-03-13;1870426.09
24669263000156;2026-03-13;40310836.87
24688398000169;2026-03-13;105297471.38
24688421000115;2026-03-12;25056762.60
24714864000133;2026-03-13;76970699.66
24751432000100;2026-03-12;49359212.92
24751449000150;2026-03-11;122211985.47
24751504000101;2026-03-13;48893430.69
24752394000100;2026-03-13;25279702.54
24752410000157;2026-03-12;30802479.73
24752422000181;2026-03-12;35951395.09
24752436000103;2026-03-12;205350858.03
24752441000108;2026-03-12;25987404.76
24752477000191;2026-03-12;40918115.95
24752497000162;2026-03-12;169290906.88
24752500000148;2026-03-12;17635417.73
24752535000187;2026-03-13;147138532.54
24752576000173;2026-03-13;109541160.80
24752611000154;2026-03-13;148653738.84
24752672000111;2026-03-12;357662715.42
24752686000135;2026-03-12;27083057.10
24752700000109;2026-03-13;26181040.02
24752725000102;2026-03-12;313349757.95
24752773000192;2026-03-12;42820760.01
24752782000183;2026-03-16;385380737.47
24759341000103;2026-03-13;11779438.48
24769058000162;2026-03-13;24971229.66
24773832000109;2026-03-13;844747521.27
24774957000153;2026-03-13;1605384772.67
24837071000101;2026-03-13;625101.22
24933598000130;2026-03-12;168013865.41
24976693000110;2026-03-13;21453412.93
24976707000104;2026-03-13;3627835.90
24977095000166;2026-03-13;184695822.29
24977113000100;2026-03-13;497043411.86
24977122000109;2026-03-13;15215029.81
24977131000191;2026-03-13;302223578.67
24986039000198;2026-03-13;60116285.49
24986084000142;2026-03-13;14480372.57
24986115000165;2026-03-13;501436773.77
24986155000107;2026-03-13;50289807.02
24986620000100;2026-03-13;66850857.91
24986627000121;2026-03-12;28893237.64
24986670000197;2026-03-13;47752877.96
24986692000157;2026-03-13;83397162.71
24986701000100;2026-03-13;92733168.15
24986706000132;2026-03-13;199970718.04
24986718000167;2026-03-13;70951772.25
25036507000126;2026-03-13;71875891.87
25036563000160;2026-03-13;36510969.63
25036629000112;2026-03-13;5412797.21
25036645000105;2026-03-09;64011978.37
25036659000129;2026-03-12;36626436.45
25036699000170;2026-03-13;418663971.76
25036725000160;2026-03-12;36864287.58
25079461000122;2026-03-13;39514221.13
25079578000106;2026-03-13;148444565.92
25097027000175;2026-03-13;2837140617.08
25097537000142;2026-03-13;16411211.27
25097614000164;2026-03-12;48218661.35
25097630000157;2026-03-13;13503827.70
25097639000168;2026-03-13;10424604.24
25097687000156;2026-03-12;1794541.95
25097707000199;2026-03-13;1481763769.24
25097731000128;2026-03-12;44264833.66
25097777000147;2026-03-12;24116236.54
25097822000163;2026-03-13;12618953.86
25097867000138;2026-03-12;335276.19
25097873000195;2026-03-12;19914354.22
25097912000154;2026-03-13;10672016.16
25097930000136;2026-03-12;111248389.44
25097944000150;2026-03-12;89581324.41
25098042000138;2026-03-13;3303676.63
25098060000110;2026-03-12;44566508.29
25098109000134;2026-03-13;48498156.92
25098136000107;2026-03-13;59808587.25
25098148000131;2026-03-12;371562591.00
25108749000188;2026-03-13;7425414.56
25108864000152;2026-03-13;104546005.14
25108905000100;2026-03-13;46511255.01
25108918000180;2026-03-13;17575941.49
25108935000117;2026-03-13;27854215.77
25108944000108;2026-03-13;381359447.35
25140604000164;2026-03-12;80582789.54
25140632000181;2026-03-11;347157151.83
25213366000170;2026-03-13;64332742.67
25213371000182;2026-03-12;152303262.53
25213387000195;2026-03-12;73454428.48
25213405000139;2026-03-13;432030530.18
25224843000100;2026-03-03;0.00
25224857000116;2026-03-13;31558940.49
25234506000196;2026-03-13;52694098.44
25234711000151;2026-03-13;8835273092.25
25234721000197;2026-03-13;36700959.43
25244516000102;2026-03-13;54053934.76
25244537000128;2026-03-13;3737588089.10
25244544000120;2026-03-13;2119175312.44
25246206000127;2026-03-13;49146193.44
25246355000196;2026-03-13;48404669.37
25247265000110;2026-03-13;8698273.45
25264021000145;2026-03-13;427489641.75
25285196000139;2026-03-13;54753553.91
25306476000186;2026-03-13;2013289.82
25306624000162;2026-03-13;803197176.22
25306641000108;2026-03-13;1366426665.04
25306667000148;2026-03-13;41805563.64
25306680000105;2026-03-13;49278184.67
25306692000121;2026-03-13;197249473.34
25306735000179;2026-03-13;10168141.54
25306756000194;2026-03-13;139726651.33
25306761000105;2026-03-12;80507890.75
25306783000167;2026-03-13;19590184.79
25306800000166;2026-03-13;37483647.38
25307072000107;2026-03-13;14644170.59
25307278000137;2026-03-13;29286515.65
25307305000171;2026-03-04;21371001.28
25307339000166;2026-03-13;960627397.13
25307360000161;2026-03-13;122397008.78
25308946000140;2026-03-13;39071542.25
25316471000134;2026-03-12;25720506.95
25316479000109;2026-03-13;63064653.63
25328809000178;2026-03-13;35820917.10
25328819000103;2026-03-13;31618771.03
25333509000187;2026-03-13;2211569.15
25340940000150;2026-03-13;16591084.67
25340953000120;2026-03-13;336310932.57
25340960000121;2026-03-13;100746568.63
25340981000147;2026-03-13;6517729.21
25340991000182;2026-03-13;1071876668.35
25341064000187;2026-03-13;51380117043.62
25357060000197;2026-03-13;17586898.95
25381770000152;2026-03-12;31244048.42
25381822000190;2026-03-12;30093599.64
25381837000159;2026-03-12;1372750.41
25381875000101;2026-03-13;22088427.02
25382574000100;2026-03-13;10739340.75
25382586000127;2026-03-13;3414529.92
25401534000150;2026-03-13;15888931.90
25401546000185;2026-03-12;49120071.88
25401595000118;2026-03-13;13531192.47
25422714000119;2026-03-13;23068278.81
25423006000100;2026-03-12;475928782.95
25423063000181;2026-03-12;2782809.48
25423080000119;2026-03-12;10926390.84
25423098000110;2026-03-12;11648909.47
25423127000144;2026-03-12;56211952.55
25423135000190;2026-03-12;16591380.87
25423215000146;2026-03-13;36418471.27
25423226000126;2026-03-13;36630414.03
25423249000130;2026-03-13;15416905.06
25423269000101;2026-03-13;148705604.20
25423301000159;2026-03-13;22978205.87
25423318000106;2026-03-13;15385649.38
25423331000165;2026-03-12;59250593.76
25424133000116;2026-03-11;76958981.29
25447424000120;2026-03-12;17289299.57
25530044000154;2026-03-13;2702900.21
25681181000190;2026-03-13;12633846.73
25681947000136;2026-03-13;1026944499.36
25681955000182;2026-03-13;379218700.22
25681960000195;2026-03-13;7567043.46
25681969000104;2026-03-13;6729543.00
25682008000106;2026-03-13;138210863.99
25682017000105;2026-03-13;104326723.68
25682025000143;2026-03-13;30315348.97
25682084000111;2026-03-13;152059548.72
25682100000176;2026-03-16;0.00
25682163000122;2026-03-13;367459406.46
25961287000147;2026-03-13;255130848.39
25970250000185;2026-03-12;10054968.78
25987689000110;2026-03-12;140701412.36
25999961000182;2026-03-12;33465638.77
25999993000188;2026-03-12;463998408.82
26089666000151;2026-03-13;106765854.62
26094770000134;2026-03-13;100009882.58
26094788000136;2026-03-11;42071353.32
26101666000120;2026-03-13;1191990336.35
26101893000155;2026-03-13;1958516.33
26104747000183;2026-03-13;48372108.62
26111809000184;2026-03-13;47014201.75
26112022000137;2026-03-13;299739552.09
26112046000196;2026-03-13;46410966.91
26123764000168;2026-03-13;3734437171.86
26123799000105;2026-03-12;22083053.30
26123894000109;2026-03-11;98913085.38
26123940000161;2026-03-12;22076665.66
26135667000195;2026-03-13;823526.70
26135680000144;2026-03-13;2595844.98
26135690000180;2026-03-13;22233304.85
26142614000100;2026-03-13;35909878.21
26142798000108;2026-03-13;208771651.69
26142982000140;2026-03-13;575580948.06
26142998000152;2026-03-13;1179227313.54
26143025000138;2026-03-13;34859203.50
26143039000151;2026-03-13;1179131626.93
26143108000127;2026-03-12;23359250.79
26143135000108;2026-03-12;21329223.48
26143171000163;2026-03-12;26738253.47
26153142000182;2026-03-13;70768159.30
26154076000165;2026-03-13;2494746.98
26171796000139;2026-03-13;481294506.58
26171840000100;2026-03-13;141768044.12
26173277000100;2026-03-13;23172719.13
26173300000166;2026-03-12;1626108.36
26173354000121;2026-03-12;17559894.02
26173392000184;2026-03-13;18311795.52
26173459000180;2026-03-12;218945074.23
26179364000174;2026-03-13;391328049.34
26179528000163;2026-03-13;853190238.72
26179544000156;2026-03-13;194819481.91
26179574000162;2026-03-13;1207540409.87
26179585000142;2026-03-13;19796767.17
26179592000144;2026-03-13;31276829.25
26179640000102;2026-03-13;71298170.26
26179670000100;2026-03-13;1188080.73
26179685000179;2026-03-13;42906644.25
26179699000192;2026-03-13;9563512.88
26179720000150;2026-03-13;541697034.74
26180316000104;2026-03-13;3536491.16
26190175000100;2026-03-13;40869200.58
26190911000112;2026-03-12;367068664.44
26190993000103;2026-03-13;29276718.06
26199425000165;2026-03-13;89138449.16
26199450000149;2026-03-13;238043.05
26199470000110;2026-03-13;72060492.47
26199482000144;2026-03-13;639994589.19
26199511000178;2026-03-13;49404966.11
26199519000134;2026-03-13;86983895160.24
26199534000182;2026-03-13;45542445.37
26210303000122;2026-03-13;2981387.53
26210319000135;2026-03-13;1252686031.01
26210335000128;2026-03-12;58893878.67
26210411000103;2026-03-13;79334941.68
26210471000118;2026-03-13;83560575.30
26210481000153;2026-03-13;29647471.70
26210494000122;2026-03-13;16458364.66
26210505000174;2026-03-13;47635020.43
26217266000184;2026-03-13;144848431.91
26218376000160;2026-03-13;19409161.95
26218403000103;2026-03-13;17433467.46
26218419000108;2026-03-13;27027115.18
26218435000109;2026-03-13;180725622.14
26218447000125;2026-03-13;2594172206.14
26218464000162;2026-03-13;63923101.08
26218497000102;2026-03-13;2953363372.31
26218508000154;2026-03-13;18430209.35
26218588000148;2026-03-13;26389072.26
26218614000138;2026-03-13;6019539.33
26218634000109;2026-03-13;724009461.10
26229202000101;2026-03-12;13105247.26
26243306000162;2026-03-13;152329421.53
26243316000106;2026-03-03;0.00
26243325000199;2026-03-13;43012290.28
26243331000146;2026-03-03;0.00
26243395000147;2026-03-12;21344227.41
26243403000155;2026-03-13;29614258.17
26243411000100;2026-03-13;373394828.95
26243418000113;2026-03-12;83397207.37
26243449000174;2026-03-13;720204843.85
26243520000119;2026-03-13;39176483.81
26253875000199;2026-03-12;112696038.91
26253883000135;2026-03-12;65359868.90
26253895000160;2026-03-13;549291672.20
26253900000134;2026-03-13;296051612.77
26253910000170;2026-03-13;358798734.09
26261403000188;2026-03-13;30262275.93
26261488000102;2026-03-13;23393768.92
26262340000184;2026-03-12;44796350.81
26262363000199;2026-03-13;134114572.11
26262377000102;2026-03-13;315678785.72
26262457000168;2026-03-11;42564516.92
26262507000107;2026-03-13;526865850.84
26262541000181;2026-03-13;23267948.65
26262556000140;2026-03-12;13462783.21
26262571000198;2026-03-13;221969083.15
26262593000158;2026-03-13;63904564.93
26262602000100;2026-03-13;11696701.52
26262610000157;2026-03-13;314565153.59
26268345000114;2026-03-13;212127298.48
26269590000146;2026-03-13;88473324.74
26269603000187;2026-03-13;60811082.10
26269611000123;2026-03-13;54522926.13
26269634000138;2026-03-13;4596923.56
26269692000161;2026-03-13;835172275.58
26269884000178;2026-03-13;35270174.11
26269949000185;2026-03-13;81540614.82
26269983000150;2026-03-13;1518734058.27
26270366000174;2026-03-13;50876221.93
26271649000130;2026-03-13;92041599.11
26277587000174;2026-03-02;0.00
26277595000110;2026-03-13;16630587.67
26277600000195;2026-03-13;25506895.82
26277700000111;2026-03-13;6601283.18
26277704000108;2026-03-13;1173395.01
26277746000130;2026-03-13;22863286.52
26277768000109;2026-03-13;274287032.85
26277781000150;2026-03-12;98123136.32
26277887000153;2026-03-13;156165362.50
26304143000180;2026-03-12;70650492.39
26305892000122;2026-03-13;79723888.72
26305927000123;2026-03-13;36749595.64
26313371000117;2026-03-13;73949392.83
26313391000198;2026-03-13;121908721.57
26315478000102;2026-03-12;12478474.97
26315483000107;2026-03-13;15563393.06
26315491000153;2026-03-12;35577655.81
26315508000172;2026-03-12;439760788.26
26315539000123;2026-03-13;88216783.83
26315550000193;2026-03-13;18787568.31
26322159000116;2026-03-13;67166018.13
26322176000153;2026-03-13;17727388.74
26323079000185;2026-03-13;48323603.82
26323943000149;2026-03-13;126634070.46
26324027000123;2026-03-13;59225878.91
26324086000100;2026-03-13;16159527.82
26324098000126;2026-03-13;2680698.21
26324205000116;2026-03-13;11387156.33
26324209000102;2026-03-13;263726538.44
26324227000186;2026-03-13;54975532.47
26324249000146;2026-03-13;2261417.13
26324259000181;2026-03-13;26883960.60
26324274000120;2026-03-13;3180923549.72
26324289000198;2026-03-13;2465962362.99
26324298000189;2026-03-13;2517442898.69
26324352000196;2026-03-12;98208043.52
26324375000109;2026-03-13;40520654.25
26326285000149;2026-03-12;6485921.56
26326293000195;2026-03-12;-1387239.38
26326321000174;2026-03-12;7304988.75
26327862000117;2026-03-12;-2725793.25
26332084000154;2026-03-13;28131308.43
26332402000187;2026-03-13;159858694.72
26333330000192;2026-03-13;55514282.23
26342026000101;2026-03-13;29427437.67
26343613000115;2026-03-13;86115502.03
26343627000139;2026-03-13;43099782.46
26343648000154;2026-03-13;7429834.56
26343746000191;2026-03-13;1336447.43
26343755000182;2026-03-13;12317793.63
26343792000190;2026-03-13;4796762.02
26343799000102;2026-03-13;26968310.43
26344125000122;2026-03-12;9204621.88
26344140000170;2026-03-12;14019398.48
26344155000139;2026-03-12;1442714965.17
26344434000100;2026-03-12;4421948.99
26344437000136;2026-03-12;12194272.04
26344495000160;2026-03-13;90753001.07
26344500000134;2026-03-13;37877877.17
26344503000178;2026-03-13;28601071.95
26344512000169;2026-03-13;212689722.83
26344516000147;2026-03-13;167704391.34
26344581000172;2026-03-13;103139953.10
26344596000130;2026-03-13;304497476.45
26344626000109;2026-03-12;49613238.14
26344683000198;2026-03-13;19330536.68
26344729000179;2026-03-13;91142634.05
26355003000131;2026-03-12;7830612.25
26355013000177;2026-03-12;15349658.21
26355036000181;2026-03-12;376147647.87
26355064000107;2026-03-12;13377557.41
26360048000102;2026-03-13;126304035.09
26360089000190;2026-03-16;70581631.33
26360183000140;2026-03-13;1036476491.19
26362372000151;2026-03-13;30841537.68
26362380000106;2026-03-12;36806313.94
26362394000111;2026-03-13;31393313.00
26362460000153;2026-03-13;260870981.52
26362496000137;2026-03-12;258459187.97
26370126000141;2026-03-13;7488430.84
26370161000160;2026-03-13;18481555.11
26370168000182;2026-03-13;5608868.88
26374772000187;2026-03-13;40769118.83
26374791000103;2026-03-13;10054121.36
26374800000166;2026-03-13;35047818.20
26374820000137;2026-03-13;187993467.68
26374829000148;2026-03-13;902305492.47
26374837000194;2026-03-13;17400957.06
26374880000150;2026-03-13;51978207.07
26374896000162;2026-03-13;102132594.61
26380699000156;2026-03-13;71044126.75
26386619000170;2026-03-13;1020637259.06
26386628000160;2026-03-13;293796092.09
26386650000100;2026-03-13;17511112.13
26386653000144;2026-03-13;63240363.36
26386658000177;2026-03-13;235456077.99
26387195000168;2026-03-13;129231250.80
26395701000160;2026-03-13;11411848.28
26396708000105;2026-03-13;41065031.66
26405893000149;2026-03-13;21367288.79
26406328000104;2026-03-13;3291813515.81
26406415000153;2026-03-13;125082651.52
26406465000130;2026-03-13;15646168.03
26406474000121;2026-03-13;22608060.80
26406961000194;2026-03-13;28638594.81
26406985000143;2026-03-13;1474259507.19
26407067000139;2026-03-13;219690097.29
26407073000196;2026-03-13;220366378.71
26407092000112;2026-03-13;197716245.72
26407097000145;2026-03-13;11712057.88
26407116000133;2026-03-12;458873926.90
26419944000191;2026-03-13;21440937.36
26419950000149;2026-03-13;20449401.80
26419969000195;2026-03-13;79466933.80
26420038000107;2026-03-13;46561531.90
26420061000100;2026-03-13;40466380.56
26420071000137;2026-03-13;33469813.80
26425770000170;2026-03-13;165990159.10
26425789000116;2026-03-13;58869356.14
26434293000109;2026-03-13;33516567.16
26450646000164;2026-03-13;42720473.83
26450710000107;2026-03-13;235221012.67
26450839000115;2026-03-13;61196464.09
26450914000148;2026-03-13;110192334.36
26451505000166;2026-03-13;30806358.28
26451537000161;2026-03-13;13702748.47
26452304000183;2026-03-13;135485015.87
26452314000119;2026-03-13;89909778.12
26452348000103;2026-03-13;25444739.48
26470390000157;2026-03-13;127809431.63
26470420000125;2026-03-13;31054757.80
26470425000158;2026-03-11;83379077.85
26470433000102;2026-03-13;24654711.46
26470447000118;2026-03-12;132431210.31
26470457000153;2026-03-13;503227789.63
26470473000146;2026-03-13;146473341.55
26470596000187;2026-03-13;142282635.05
26470647000170;2026-03-13;123036282.19
26488748000179;2026-03-13;10596667.65
26491309000115;2026-03-13;19394193.45
26491329000196;2026-03-13;12662754.19
26491334000107;2026-03-13;5213635.26
26491362000116;2026-03-13;243032717.93
26491368000193;2026-03-13;1294082989.17
26491375000195;2026-03-13;25269603.59
26491382000197;2026-03-13;40697680.07
26491395000166;2026-03-13;295718148.01
26491419000187;2026-03-13;6613693181.43
26498249000162;2026-03-13;74108843.00
26507065000111;2026-03-13;23353713.82
26507072000113;2026-03-13;14044615.79
26507108000169;2026-03-13;2042659120.38
26507114000116;2026-03-13;12812138.55
26507128000130;2026-03-13;19758829774.36
26507132000106;2026-03-13;153675197.55
26507149000155;2026-03-13;42728451.86
26516247000159;2026-03-13;138416600.53
26525450000191;2026-03-13;43779131.34
26525548000149;2026-03-13;53079913.80
26541175000108;2026-03-13;46277181.63
26549933000126;2026-03-13;47317223.26
26559191000110;2026-03-13;321000588.34
26559284000144;2026-03-12;14146193239.83
26569320000150;2026-03-12;13805813.63
26570530000169;2026-03-13;27117213.73
26570551000184;2026-03-13;518141163.65
26570557000151;2026-03-13;23150495.90
26570578000177;2026-03-11;31950057.91
26570589000157;2026-03-13;70667224.52
26570662000190;2026-03-13;426957633.28
26570667000113;2026-03-12;211489217.82
26570686000140;2026-03-13;1983927.56
26574438000177;2026-03-13;20828418.26
26580283000181;2026-03-12;14854611.57
26580293000117;2026-03-12;4102664.15
26580317000138;2026-03-13;100916620.04
26587503000107;2026-03-13;3423366.76
26605199000175;2026-03-13;86395298.88
26605209000172;2026-03-12;9123055.28
26614279000197;2026-03-13;30223241.85
26614319000109;2026-03-13;8870326.43
26622780000103;2026-03-13;138204678.61
26622818000130;2026-03-13;23653890.31
26622821000153;2026-03-13;480506850.62
26622843000113;2026-03-13;461537131.13
26623189000162;2026-03-13;73644647.37
26623196000164;2026-03-13;103264032.93
26631495000140;2026-03-13;43475189.84
26631568000102;2026-03-13;13459261.11
26648868000196;2026-03-13;134355752.56
26657096000159;2026-03-13;209684539.29
26657105000101;2026-03-13;9653043.76
26664701000119;2026-03-13;83534905.27
26664935000166;2026-03-13;7770666.16
26673536000161;2026-03-13;48896316.19
26673556000132;2026-03-13;846950029.73
26680218000128;2026-03-13;13126036.45
26680221000141;2026-03-13;30835644.16
26680230000132;2026-03-12;44134124.25
26680236000100;2026-03-11;44666465.19
26680245000109;2026-03-12;2573488.85
26687437000139;2026-03-13;64963462.27
26687447000174;2026-03-13;403995898.32
26687473000100;2026-03-13;10588905.22
26689701000173;2026-03-13;60962048.64
26690451000191;2026-03-05;372331838.39
26690643000106;2026-03-09;124854866.16
26690698000108;2026-03-13;368395681.57
26691159000193;2026-03-13;139042685.06
26694969000101;2026-03-13;52661586.82
26695022000107;2026-03-13;52875828.84
26695053000168;2026-03-13;45480424.53
26695059000135;2026-03-13;36620860.35
26695083000174;2026-03-13;18591598.16
26695089000141;2026-03-11;11116407.58
26695100000173;2026-03-13;6818120.16
26695126000111;2026-03-13;74210666.13
26695435000191;2026-03-13;9075258.11
26695503000112;2026-03-13;23481394.77
26695518000180;2026-03-13;16681719.29
26695526000127;2026-03-04;38298276.28
26698238000126;2026-03-13;101388808.57
26703040000193;2026-03-13;16057214.87
26703080000135;2026-03-12;26449526.93
26704167000127;2026-03-13;53550812.44
26710546000120;2026-03-13;88321674.08
26710559000107;2026-03-13;11772216.27
26718169000175;2026-03-11;398285357.23
26724752000199;2026-03-13;18861751798.97
26724982000158;2026-03-13;16201092.30
26725112000101;2026-03-13;16294036.98
26725116000181;2026-03-13;24120851.05
26725133000119;2026-03-12;21898945.22
26725144000107;2026-03-12;3876271.32
26725148000187;2026-03-12;24650606.36
26725166000169;2026-03-13;715796.97
26725172000116;2026-03-13;27839000.27
26725179000138;2026-03-12;2405109.82
26725188000129;2026-03-12;23358133.84
26732468000164;2026-03-13;12463658.48
26739055000101;2026-03-13;76796047.53
26739231000105;2026-03-13;20258573.66
26740437000155;2026-03-13;1206176.35
26740632000185;2026-03-12;66268202.09
26740634000174;2026-03-13;11323278.64
26744775000165;2026-03-13;91824843.98
26744808000177;2026-03-13;297532365.07
26744848000119;2026-03-13;34191660.57
26744857000100;2026-03-13;4095686.88
26745136000114;2026-03-12;1463967402.49
26745153000151;2026-03-13;18508371.45
26745211000147;2026-03-09;17493122.77
26751117000109;2026-03-12;30330611.96
26751126000191;2026-03-13;280324955.99
26751296000176;2026-03-13;20042855.11
26751304000184;2026-03-13;6198557.97
26751317000153;2026-03-13;190166305.95
26755956000197;2026-03-13;24591285.99
26755962000144;2026-03-12;37400716.26
26756317000146;2026-03-12;136451514.86
26756322000159;2026-03-13;60289013.52
26756330000103;2026-03-12;52247700.76
26756339000106;2026-03-12;37068692.23
26756341000185;2026-03-13;38885286.24
26756390000118;2026-03-12;21144341.49
26756398000184;2026-03-13;47310166.63
26756404000101;2026-03-13;34666327.16
26756412000140;2026-03-13;17157089.71
26756416000128;2026-03-12;34943910.38
26756424000174;2026-03-12;60230627.77
26759909000111;2026-03-13;1280559000.91
26764117000135;2026-03-13;128177801.65
26768675000179;2026-03-13;47023109.82
26768790000143;2026-03-13;42893335.01
26768797000165;2026-03-13;29913230.04
26768800000140;2026-03-13;102625588.55
26773148000152;2026-03-13;102036191.53
26773252000147;2026-03-13;60560540.66
26773351000129;2026-03-13;157509667.53
26773356000151;2026-03-13;140223029.64
26773362000109;2026-03-13;5465157.48
26773370000155;2026-03-13;19628705.28
26776803000126;2026-03-03;643861214.55
26777638000127;2026-03-13;21273465.72
26779809000157;2026-03-13;10895957.47
26779976000106;2026-03-13;4191459432.25
26780003000189;2026-03-12;12950978.97
26786653000131;2026-03-13;23882934.20
26786661000188;2026-03-13;3037142957.41
26786783000174;2026-03-13;105828386.59
26794612000197;2026-03-12;15284797.88
26803172000197;2026-03-13;57074771.01
26803233000116;2026-03-13;3406985511.81
26803266000166;2026-03-13;221013158.74
26803603000115;2026-03-13;2360738661.06
26811773000141;2026-03-13;198705691.13
26811806000153;2026-03-13;18352347.59
26812777000144;2026-03-13;41623911.85
26813771000191;2026-03-13;39082400.34
26822047000124;2026-03-13;39543374.19
26822061000128;2026-03-13;18646818.81
26831831000107;2026-03-13;2536654.43
26831986000135;2026-03-13;1284212.57
26836188000104;2026-03-13;35644982.82
26840572000172;2026-03-12;51718188.16
26840592000143;2026-03-13;893325232.05
26840602000140;2026-03-13;216191859.03
26841348000103;2026-03-13;10242184.16
26845639000161;2026-03-13;36140690.01
26845868000186;2026-03-13;1195098.38
26845906000109;2026-03-13;1260312666.79
26846429000198;2026-03-13;22413535.52
26850819000131;2026-03-13;17565079.22
26850841000181;2026-03-13;18543739.91
26850881000123;2026-03-13;12482228.46
26851091000162;2026-03-13;24487361.63
26855094000174;2026-03-13;524039229.21
26855139000100;2026-03-13;108108522.71
26859401000195;2026-03-13;218862202.22
26859428000188;2026-03-13;3200969.95
26859444000170;2026-03-13;219930278.30
26859544000105;2026-03-13;37770309.42
26859555000187;2026-03-13;87390192.07
26859564000178;2026-03-13;120788795.33
26859577000147;2026-03-13;50685942.98
26859578000191;2026-03-10;91693602.84
26859596000173;2026-03-13;165399786.65
26860929000184;2026-03-13;13475533.03
26860954000168;2026-03-13;38883111.19
26861017000127;2026-03-13;365646255.71
26861041000166;2026-03-13;86430181.90
26861544000131;2026-03-13;13054117.55
26861565000157;2026-03-10;37220674.42
26861578000126;2026-03-13;2464929.37
26861621000153;2026-03-13;4397804.59
26861957000116;2026-03-13;151256541.54
26862085000100;2026-03-12;44540865.98
26862104000107;2026-03-13;8705293.98
26913882000170;2026-03-12;18375972.34
26914220000114;2026-03-13;19571392.81
26946261000192;2026-03-12;23700843.24
26956042000194;2026-03-13;547525654.91
26977969000100;2026-03-13;92455407.80
26978104000169;2026-03-13;20906395.37
26978111000160;2026-03-12;66984497.30
26978124000130;2026-03-12;26115801.80
26978133000120;2026-03-13;1211429.24
26978143000166;2026-03-12;20233000.30
26978165000126;2026-03-13;5512412.84
26978178000103;2026-03-13;1570004951.06
26978182000163;2026-03-12;192854109.49
26978187000196;2026-03-13;294484135.22
26978199000110;2026-03-13;496033914.74
26978438000132;2026-03-13;1458732099.48
26984656000180;2026-03-13;153158250.07
26989017000107;2026-03-13;6274081.22
27009421000130;2026-03-13;193831555.75
27011890000193;2026-03-06;0.00
27011904000179;2026-03-13;77895824.63
27011948000107;2026-03-13;6106140.67
27036105000157;2026-03-13;1864316.29
27036278000175;2026-03-13;2927873.86
27036302000176;2026-03-13;9011391.05
27036368000166;2026-03-13;74872915.75
27036442000144;2026-03-12;13576554.73
27036616000179;2026-03-13;57974403.49
27036652000132;2026-03-12;37848071.56
27056461000132;2026-03-13;30022785.40
27077318000127;2026-03-12;1461673502.91
27089676000150;2026-03-13;42215229.62
27129128000106;2026-03-12;177900613.41
27146328000177;2026-03-13;85191767933.30
27146341000126;2026-03-13;99410216.54
27146944000128;2026-03-13;40775236.10
27146983000125;2026-03-13;85469090.76
27146997000149;2026-03-12;89881850.95
27147055000185;2026-03-13;30641143.86
27157075000137;2026-03-13;5647945509.64
27181717000133;2026-03-13;2126906.97
27181765000121;2026-03-13;7271384.14
27181778000109;2026-03-13;10470679.58
27188001000168;2026-03-13;96347831.34
27202356000164;2026-03-13;21912565.31
27202414000150;2026-03-13;33489310.11
27202440000188;2026-03-12;46288049.45
27202451000168;2026-03-13;30009173.35
27202469000160;2026-03-13;9238967.62
27205842000136;2026-03-13;8296597.30
27227810000131;2026-03-13;685891978.61
27238590000141;2026-03-13;2666217.09
27238607000160;2026-03-13;18405008.36
27239065000140;2026-03-13;665308112.89
27248998000102;2026-03-12;26143059.69
27249022000146;2026-03-12;841459950.47
27249339000182;2026-03-13;1422406290.15
27249350000142;2026-03-13;3989477147.51
27249359000153;2026-03-13;1377439507.61
27249368000144;2026-03-13;2212613891.93
27250738000163;2026-03-13;13907687.61
27250762000100;2026-03-12;116229732.63
27250788000140;2026-03-13;221909454.16
27250813000196;2026-03-13;14681392.70
27250894000124;2026-03-12;259465631.26
27250923000158;2026-03-13;30003428.96
27251009000121;2026-03-12;16503082.77
27281594000102;2026-03-13;3438549110.07
27283706000164;2026-03-12;1421797243.56
27292836000163;2026-03-13;82061465.05
27292841000176;2026-03-13;1426687507.68
27292851000101;2026-03-13;60671384.42
27292863000136;2026-03-13;17344119.16
27292891000153;2026-03-13;51343849.59
27292904000194;2026-03-13;18850917.06
27292915000174;2026-03-12;24937024.65
27293712000100;2026-03-13;40715882.49
27293743000153;2026-03-13;218987230.98
27293764000179;2026-03-13;250674909.84
27303336000180;2026-03-13;632840429.05
27324390000101;2026-03-13;9718153.20
27324405000131;2026-03-13;2242661.68
27328587000119;2026-03-12;11668511.24
27328750000143;2026-03-13;10346502.13
27328766000156;2026-03-13;10827313.27
27339287000135;2026-03-13;4219601.15
27347280000165;2026-03-13;600003421.38
27347294000189;2026-03-13;128786527.20
27347300000106;2026-03-13;105329802.52
27347310000133;2026-03-13;22745236.20
27347332000101;2026-03-13;18174245.21
27347344000128;2026-03-13;225567824.99
27347367000132;2026-03-13;213396333.56
27347377000178;2026-03-13;97170023.06
27347422000194;2026-03-12;36214174.01
27347614000109;2026-03-13;25459674.02
27347629000169;2026-03-13;124194286.74
27368850000101;2026-03-13;30983871.49
27368880000100;2026-03-12;441597982.71
27381530000183;2026-03-13;3680533.97
27385044000133;2026-03-12;-563371.35
27389566000103;2026-03-13;2381122738.93
27389572000160;2026-03-13;487346914.19
27389619000196;2026-03-13;18443563.03
27389622000100;2026-03-12;38776262.90
27389682000122;2026-03-13;32090502.77
27455174000103;2026-03-12;6294135975.60
27455201000130;2026-03-13;300941737.24
27455219000131;2026-03-12;3245291794.89
27465308000169;2026-03-13;390222765.18
27465315000160;2026-03-13;495800053.66
27467861000130;2026-03-13;105002558.85
27467895000125;2026-03-13;443396877.20
27467928000137;2026-03-13;2520611687.16
27477143000145;2026-03-12;14972221.76
27477152000136;2026-03-12;73101148.98
27477166000150;2026-03-13;70419797.87
27477172000107;2026-03-12;52712435.36
27477175000140;2026-03-12;43676342.19
27477387000128;2026-03-12;60379289.38
27477404000127;2026-03-13;1350028.97
27477446000168;2026-03-13;27566165.75
27500387000100;2026-03-13;4435204.83
27500541000135;2026-03-10;62371082.29
27500563000103;2026-03-12;-4985340.32
27500639000192;2026-03-13;220117615.59
27500652000141;2026-03-13;22315991.04
27500674000101;2026-03-13;7051571.01
27527711000175;2026-03-13;22070836.51
27528784000181;2026-03-13;28446375.03
27528803000170;2026-03-13;75001905.15
27546601000150;2026-03-13;66671750.27
27565164000112;2026-03-13;66460336.59
27565728000117;2026-03-13;68844244.12
27565843000191;2026-03-13;75965946.12
27565856000160;2026-03-12;37240795.15
27565873000106;2026-03-12;34393508.13
27565889000100;2026-03-13;48938229.00
27565923000147;2026-03-13;23399817.48
27565968000111;2026-03-13;301423845.29
27565976000168;2026-03-13;126243162.19
27565982000115;2026-03-13;31009200.70
27566032000105;2026-03-13;28628587.15
27566040000151;2026-03-13;15056631.27
27566056000164;2026-03-13;26849438.37
27566493000188;2026-03-13;80877750.23
27566556000104;2026-03-13;4589632.91
27566566000131;2026-03-13;1862229.20
27580008000120;2026-03-13;1223889034.06
27580503000130;2026-03-13;31359089.03
27580526000144;2026-03-13;42357177.30
27580533000146;2026-03-13;171228651.83
27580540000148;2026-03-13;90504099.04
27580551000128;2026-03-13;997611731.58
27580556000150;2026-03-13;207787112.40
27591034000154;2026-03-13;20278542.78
27591107000108;2026-03-13;87738698.49
27592847000169;2026-03-13;31278315.98
27592886000166;2026-03-13;54460997.87
27599235000106;2026-03-13;669438536.27
27599239000186;2026-03-13;4412684.23
27599290000198;2026-03-13;671515465.59
27619173000149;2026-03-13;76771932.79
27619587000178;2026-03-13;123668993.32
27619695000140;2026-03-12;16828083.17
27619703000159;2026-03-12;509017942.30
27619757000114;2026-03-12;24917317.44
27619818000143;2026-03-13;29223974.44
27619860000164;2026-03-12;4027468.23
27619898000137;2026-03-12;11854267.60
27630188000108;2026-03-13;188211471.99
27630205000107;2026-03-13;117683340.32
27630216000197;2026-03-13;49169242.41
27641344000136;2026-03-13;315251742.91
27641357000105;2026-03-13;81397357.42
27641371000109;2026-03-13;103415913.23
27641382000199;2026-03-13;125035843.14
27651164000135;2026-03-13;206407423.42
27651174000170;2026-03-13;15825688.27
27651185000150;2026-03-13;85781297.92
27664571000187;2026-03-13;28922433.44
27675696000102;2026-03-13;283373394.57
27684070000162;2026-03-13;18385739.92
27696698000188;2026-03-13;300222315.51
27696713000198;2026-03-13;270523091.51
27706494000180;2026-03-13;110980888.22
27706505000122;2026-03-13;208628055.86
27706511000180;2026-03-13;79376202.69
27706810000114;2026-03-13;189831130.99
27706834000173;2026-03-13;14304468.50
27707783000102;2026-03-13;32284844.67
27717045000138;2026-03-13;241431232.79
27717051000195;2026-03-13;26464241.99
27717327000135;2026-03-13;18842965.23
27717359000130;2026-03-13;24938006091.50
27717368000121;2026-03-13;637245124.35
27717376000178;2026-03-13;63777660.49
27728892000106;2026-03-13;61990261.55
27729636000125;2026-03-13;111537171.92
27729655000151;2026-03-13;37861132.02
27729674000188;2026-03-13;65051628.58
27738581000110;2026-03-13;19894872.08
27739565000141;2026-03-13;2054393.60
27739665000178;2026-03-13;22307032.00
27749553000106;2026-03-13;13094340.81
27749572000124;2026-03-13;124975773.07
27751259000120;2026-03-13;18172770.27
27751316000171;2026-03-13;97806423.81
27762397000105;2026-03-13;111269398.30
27771694000117;2026-03-13;65088643.55
27771953000100;2026-03-13;46098429.23
27772168000171;2026-03-13;3682380.43
27782855000178;2026-03-13;29722757.84
27782866000158;2026-03-12;24465613.19
27782888000118;2026-03-13;28062576.07
27782944000114;2026-03-12;11725850.78
27783036000145;2026-03-13;20524207.91
27783255000124;2026-03-13;6857746.69
27783850000160;2026-03-13;15682079.07
27783868000161;2026-03-13;13805712.29
27793086000103;2026-03-13;3838344.66
27793095000102;2026-03-13;37044479.30
27804670000117;2026-03-13;181127965.52
27825128000140;2026-03-13;20893716.72
27825138000186;2026-03-12;53188038.28
27825176000139;2026-03-13;19336146.00
27825186000174;2026-03-13;96252686.98
27825196000100;2026-03-12;37698158.36
27825226000188;2026-03-13;435848095.72
27826008000168;2026-03-13;13385125.18
27826024000150;2026-03-13;2978147.09
27826046000110;2026-03-13;38760007.06
27826059000190;2026-03-13;254012752.18
27865070000169;2026-03-13;7119800.11
27879909000118;2026-03-12;68802968.66
27879995000169;2026-03-12;31181017.97
27880055000190;2026-03-13;125615354.86
27880073000171;2026-03-12;304290931.61
27880083000107;2026-03-12;37791397.08
27880102000103;2026-03-12;14274518.08
27880199000146;2026-03-13;5408144.78
27880216000145;2026-03-12;67873895.74
27880241000129;2026-03-12;21892528.82
27880305000191;2026-03-12;46524559.68
27880333000109;2026-03-12;9789856.36
27880348000177;2026-03-12;213531982.74
27880363000115;2026-03-13;93083199.37
27880375000140;2026-03-13;20191720.48
27883656000156;2026-03-11;508812292.49
27884230000117;2026-03-13;74481503.69
27884260000123;2026-03-13;2870418646.81
27884294000118;2026-03-13;4212470149.73
27884305000160;2026-03-13;1059507921.22
27884354000100;2026-03-13;21630207.96
27884364000138;2026-03-13;990060054.41
27923169000170;2026-03-13;33288128.90
27924223000100;2026-03-12;83726377.85
27927529000101;2026-03-13;20746249.52
27927560000142;2026-03-12;55510818.04
27928130000145;2026-03-12;1526605.63
27928174000175;2026-03-13;18562589.04
27928186000108;2026-03-13;209976092.98
27928267000108;2026-03-13;124006530.65
27932683000171;2026-03-13;143853012.34
27933905000170;2026-03-13;23198091.34
27943585000130;2026-03-13;316245791.75
27943626000198;2026-03-13;2879849.22
27944328000112;2026-03-13;13365094.66
27944377000155;2026-03-13;96130881.54
27944378000108;2026-03-13;478407208.97
27944406000189;2026-03-13;39847734.56
27944690000193;2026-03-13;1032330206.55
27945264000174;2026-03-13;4182001736.03
27945281000101;2026-03-13;21385081.59
27945311000180;2026-03-13;19753846.55
27945323000104;2026-03-13;19673600.65
27945334000194;2026-03-13;101012739.47
27945374000136;2026-03-13;54058765.56
27945438000107;2026-03-13;1329454635.92
27945462000138;2026-03-13;162366079.43
27945480000110;2026-03-13;9202557.44
27945502000141;2026-03-13;18049091.04
27945519000107;2026-03-13;306888020.34
27945545000127;2026-03-13;258917214.44
27945844000161;2026-03-13;17432315.45
27965955000130;2026-03-13;14261772.63
27965988000180;2026-03-12;126930354.05
27966004000185;2026-03-13;143713716.69
27969152000153;2026-03-12;48309718.36
27969176000102;2026-03-13;114533248.07
27969227000104;2026-03-13;58799291.64
27974819000106;2026-03-13;52625478.69
27974837000198;2026-03-13;42122745.44
27974848000178;2026-03-13;9963217.44
27974854000125;2026-03-12;23186963.71
27974858000103;2026-03-13;52555454.91
27974862000171;2026-03-13;35046362.90
27974883000197;2026-03-13;65244162.52
27974894000177;2026-03-13;17837662.36
27974899000108;2026-03-13;737978145.70
27974904000174;2026-03-13;15250773.97
28015594000123;2026-03-13;45089475.78
28015623000157;2026-03-13;87085290.18
28021609000166;2026-03-13;5246597.23
28021770000130;2026-03-13;4255443.51
28021860000120;2026-03-13;106534978.30
28021919000180;2026-03-13;29239678.72
28021948000142;2026-03-13;92119051.94
28021980000128;2026-03-13;179134775.77
28021990000163;2026-03-13;4817483.90
28022008000178;2026-03-13;7654446.90
28022031000162;2026-03-13;45775901.44
28025408000137;2026-03-13;209813142.86
28025424000120;2026-03-13;142656989.98
28025432000176;2026-03-13;51450453.25
28036828000119;2026-03-10;440786752.41
28036831000132;2026-03-13;22276535.36
28036841000178;2026-03-12;66632803.93
28036851000103;2026-03-13;125791939.35
28036868000160;2026-03-13;60178416.32
28036880000175;2026-03-12;21322497.06
28046800000162;2026-03-13;905337328.35
28046819000109;2026-03-13;1314489629.27
28046865000108;2026-03-13;26303561.77
28046895000114;2026-03-13;424830271.16
28046930000103;2026-03-13;466284095.91
28046964000190;2026-03-13;2093756001.81
28047011000146;2026-03-13;33135728.41
28047210000154;2026-03-13;119502949.93
28065429000186;2026-03-13;35660720.79
28069569000122;2026-03-13;813945001.71
28069584000170;2026-03-13;1043310903.08
28069617000182;2026-03-13;12300875.90
28069673000117;2026-03-13;22619893.30
28069689000120;2026-03-13;29390476.45
28069700000151;2026-03-13;5187591.53
28069780000145;2026-03-13;7230237.42
28069915000172;2026-03-13;107173777.82
28075007000191;2026-03-12;22057987.49
28075078000194;2026-03-13;12924301.86
28075123000100;2026-03-13;53917230.10
28075132000100;2026-03-13;53850774.76
28075138000179;2026-03-13;86130040.06
28075172000143;2026-03-13;8146222.90
28075217000180;2026-03-13;282612515.09
28075254000198;2026-03-13;22653784.33
28075258000176;2026-03-13;18263200.05
28075310000194;2026-03-13;15615605.97
28075401000120;2026-03-13;11804363.67
28075425000189;2026-03-13;74502677.75
28075437000103;2026-03-13;78451777.98
28075481000113;2026-03-13;10702317.42
28075485000100;2026-03-13;269264599.67
28075501000156;2026-03-13;123872242.43
28075532000107;2026-03-12;47915702.28
28075605000160;2026-03-13;18228382.57
28076584000106;2026-03-12;446125704.05
28077177000105;2026-03-13;28577979.18
28077425000118;2026-03-13;19468131.72
28077823000134;2026-03-13;75754328.74
28077860000142;2026-03-13;23125311.41
28077900000156;2026-03-13;89539657.80
28077914000170;2026-03-13;668417642.26
28077946000175;2026-03-13;40954558.84
28078625000195;2026-03-12;122733740.17
28078725000111;2026-03-12;156878308.48
28078755000128;2026-03-11;224191908.84
28078762000120;2026-03-13;0.00
28078776000143;2026-03-13;388673632.78
28079799000172;2026-03-12;9026270.37
28079834000153;2026-03-13;1351930.27
28080450000150;2026-03-13;172225517.66
28080458000117;2026-03-12;385372372.87
28080492000191;2026-03-13;101558215.60
28080599000130;2026-03-13;49489129.58
28081127000100;2026-03-13;409355083.40
28081152000185;2026-03-13;801543640.15
28081176000134;2026-03-13;40508417.12
28087314000192;2026-03-13;73845168.98
28087402000194;2026-03-13;316021067.57
28098599000167;2026-03-13;120713270.70
28098751000101;2026-03-13;21009498.34
28122124000169;2026-03-05;356296295.34
28122142000140;2026-03-13;39646605.88
28122220000107;2026-03-13;651946028.02
28140746000110;2026-03-13;5954915.65
28140793000163;2026-03-13;521966602.84
28140850000104;2026-03-13;66671271.24
28140867000161;2026-03-13;226397386.99
28140888000187;2026-03-13;490839727.27
28140892000145;2026-03-13;16165656.73
28140916000166;2026-03-13;63882216.74
28140922000113;2026-03-13;30972900.32
28140939000170;2026-03-13;280085724.58
28140951000185;2026-03-13;59881023.47
28140983000180;2026-03-13;63908734.06
28141005000153;2026-03-13;42902906.80
28144529000106;2026-03-12;20946194.85
28144716000181;2026-03-10;17499719.65
28144735000108;2026-03-13;180757841.97
28144770000127;2026-03-13;149792917.70
28144844000125;2026-03-13;30035052.31
28144866000195;2026-03-13;26628045.01
28144884000177;2026-03-13;25144085.12
28145208000118;2026-03-12;32968342.09
28145378000100;2026-03-13;87729274.68
28146872000181;2026-03-06;55749465.10
28152799000150;2026-03-13;910074746.52
28152842000188;2026-03-13;11161726.25
28194713000152;2026-03-13;35601853.13
28194756000138;2026-03-13;68413747.13
28205295000151;2026-03-13;99247106.10
28205308000192;2026-03-13;4157235105.85
28205534000173;2026-03-13;49612422.68
28206114000101;2026-03-11;5474180.68
28206161000155;2026-03-13;210038692.25
28206220000195;2026-03-12;475519132.97
28206291000198;2026-03-12;365759562.57
28206307000162;2026-03-12;12073088.65
28206335000180;2026-03-12;17615977.51
28206355000150;2026-03-12;12121568.29
28206371000143;2026-03-12;54937168.40
28227560000100;2026-03-12;42701276.26
28235674000194;2026-03-13;7097388.18
28246543000102;2026-03-13;9055477.72
28246609000164;2026-03-13;512037548.81
28246671000156;2026-03-13;212153562.71
28247030000116;2026-03-13;8469316706.32
28247067000144;2026-03-13;18643647.37
28254520000140;2026-03-13;34058874.30
28254529000150;2026-03-13;68842612.63
28254533000119;2026-03-12;260347872.35
28254539000196;2026-03-12;59669635.30
28254542000100;2026-03-12;25990819.54
28254550000156;2026-03-12;160770672.94
28254557000178;2026-03-13;1508127310.87
28254564000170;2026-03-12;20583507.81
28254572000116;2026-03-12;10177657.25
28254580000162;2026-03-12;261843805.43
28254584000140;2026-03-13;58257478.32
28254868000137;2026-03-13;97373520.32
28254874000194;2026-03-13;302161436.21
28254895000100;2026-03-13;206321291.93
28254925000188;2026-03-13;235648102.04
28259413000104;2026-03-13;26362672.79
28259415000101;2026-03-13;102432984.39
28260437000183;2026-03-13;25101741582.12
28260530000198;2026-03-13;2030830.56
28260563000138;2026-03-12;18302464.87
28272963000163;2026-03-12;13119799.40
28280864000123;2026-03-13;12997235.62
28280887000138;2026-03-13;9969645.41
28280933000107;2026-03-13;23931706.56
28280940000109;2026-03-13;10917291.51
28280945000123;2026-03-13;1305024473.38
28280961000116;2026-03-13;1160085987.00
28280963000105;2026-03-13;1209453915.59
28280971000151;2026-03-13;12790473.37
28280995000100;2026-03-13;1698971435.34
28281010000161;2026-03-13;15706828.92
28289141000195;2026-03-13;11577577.19
28289146000118;2026-03-13;1460282.35
28296477000185;2026-03-13;103922082.53
28296490000134;2026-03-13;28887776.36
28320600000156;2026-03-13;247910706.68
28320626000102;2026-03-13;7112703.03
28320645000120;2026-03-13;50086938.12
28320756000137;2026-03-13;3938067857.85
28320857000108;2026-03-13;3443286851.90
28320922000103;2026-03-13;17907048.22
28320973000127;2026-03-13;57769382.13
28320997000186;2026-03-13;17908120.47
28321046000121;2026-03-13;184964298.19
28321170000197;2026-03-12;10976515.05
28321199000179;2026-03-12;9536325.31
28321288000115;2026-03-12;21012498.09
28353060000107;2026-03-13;112077624.38
28364567000166;2026-03-13;15395928.10
28364587000137;2026-03-13;323992391.74
28364710000110;2026-03-02;50239725.02
28376229000144;2026-03-13;20967647.97
28386172000164;2026-03-13;8911087.17
28386252000110;2026-03-13;19479605.66
28386255000153;2026-03-13;50998987.24
28386376000103;2026-03-13;24432562.30
28396480000170;2026-03-13;30421624.01
28396493000140;2026-03-13;11895751.87
28396597000154;2026-03-13;145452836.87
28408007000166;2026-03-13;386865927.58
28408016000157;2026-03-13;58585705.79
28408034000139;2026-03-13;41365621.65
28408114000194;2026-03-13;5180977.97
28408121000196;2026-03-13;133862427.75
28408139000198;2026-03-13;104408003.76
28418228000115;2026-03-13;705084.47
28427984000100;2026-03-13;2463697.44
28427997000180;2026-03-13;1313219.78
28428029000198;2026-03-13;27322022.30
28428069000130;2026-03-13;76928532587.15
28428077000186;2026-03-13;74627482546.68
28428129000114;2026-03-12;57135148.22
28428137000160;2026-03-12;24847286.79
28428151000164;2026-03-13;27083781.97
28428164000133;2026-03-13;210032240.13
28428179000100;2026-03-12;1555274.77
28428202000158;2026-03-12;98452704.88
28428211000149;2026-03-13;127853478.75
28428226000107;2026-03-12;201491741.82
28428255000179;2026-03-13;343197808.88
28428287000174;2026-03-13;85544679.23
28439394000106;2026-03-13;30107266.89
28454176000132;2026-03-13;212605836.72
28454214000157;2026-03-13;12820027.53
28461406000190;2026-03-13;4265718385.49
28461419000160;2026-03-13;3009539247.82
28470587000111;2026-03-12;781682653.29
28475193000156;2026-03-13;377946409.51
28483812000154;2026-03-13;7841343.13
28491503000126;2026-03-13;51323549.53
28504508000146;2026-03-13;217411744.50
28515850000141;2026-03-13;207625107.17
28515874000109;2026-03-13;345778051.92
28515917000148;2026-03-12;14094909.39
28515937000119;2026-03-12;19759148.55
28515969000114;2026-03-13;3329629.32
28515996000197;2026-03-13;77077864.70
28516010000101;2026-03-13;1509415600.26
28516048000176;2026-03-13;7449691.20
28516058000101;2026-03-13;12723045.67
28516168000173;2026-03-13;21547169.82
28516203000154;2026-03-13;25863521.26
28516239000138;2026-03-13;90924061.93
28518497000153;2026-03-12;20461803.32
28549930000118;2026-03-13;887939379.22
28556156000172;2026-03-13;919765297.62
28556167000152;2026-03-13;278563580.61
28556179000187;2026-03-13;18774660.23
28557904000131;2026-03-13;8700292.17
28557920000124;2026-03-13;7992062.63
28557951000185;2026-03-12;81466341.56
28557970000101;2026-03-12;1165726.44
28558001000175;2026-03-12;27574733.23
28558042000161;2026-03-13;184676433.56
28558061000198;2026-03-12;45549231.13
28558118000159;2026-03-13;32163649.26
28558129000139;2026-03-13;139979351.63
28558221000107;2026-03-13;392932477.47
28558276000109;2026-03-12;14360109.56
28558361000177;2026-03-12;75674274.94
28558403000170;2026-03-12;64048861.02
28558411000116;2026-03-13;46241282.95
28558421000151;2026-03-13;21593746.88
28568647000133;2026-03-13;45043276.55
28578897000154;2026-03-13;50479660.57
28578913000109;2026-03-13;17732447.49
28578921000155;2026-03-13;439190283.58
28578936000113;2026-03-13;227774069.54
28579438000195;2026-03-13;15670060.39
28579454000188;2026-03-13;94085364.27
28579477000192;2026-03-13;5576106.99
28580837000176;2026-03-13;14082455.05
28580862000150;2026-03-13;15106508.28
28580883000175;2026-03-13;37831088.72
28581039000169;2026-03-13;6212354.62
28581043000127;2026-03-12;92024251.26
28581048000150;2026-03-13;47685574.71
28581086000102;2026-03-13;234727326.03
28581096000148;2026-03-13;6553967.71
28581109000189;2026-03-13;222259297.32
28581119000114;2026-03-13;63942844.60
28581127000160;2026-03-13;60553118.39
28581136000151;2026-03-13;15296050.89
28581145000142;2026-03-13;759229342.29
28581159000166;2026-03-13;5087652.40
28581166000168;2026-03-13;47756161.04
28581505000106;2026-03-12;21497715.41
28581572000120;2026-03-12;52574184.35
28581588000133;2026-03-12;3166148.45
28581607000121;2026-03-11;387959979.84
28581662000111;2026-03-12;125287875.37
28581672000157;2026-03-12;43128742.10
28586408000106;2026-03-12;140856251.97
28588902000100;2026-03-13;37277731.01
28589709000193;2026-03-13;20043270.80
28599768000142;2026-03-13;0.00
28626246000192;2026-03-13;33490619.82
28626373000191;2026-03-13;5641082.30
28626693000141;2026-03-13;43458286.97
28629342000194;2026-03-13;120511333.34
28629481000118;2026-03-12;37950101.94
28637847000109;2026-03-13;6265345.41
28637867000171;2026-03-11;7107593673.15
28647981000182;2026-03-13;177900737.07
28648091000195;2026-03-12;44209598.76
28648875000113;2026-03-13;49529842.22
28648924000118;2026-03-13;33692614.89
28649160000185;2026-03-13;73863004.16
28651424000135;2026-03-13;81753832.55
28651431000137;2026-03-13;224406263.67
28651550000190;2026-03-13;56905892.01
28651574000149;2026-03-13;20554062.69
28653698000163;2026-03-13;258524170.67
28653710000130;2026-03-13;13205112.74
28653719000140;2026-03-13;13227182.88
28653793000167;2026-03-13;22757248.65
28653819000177;2026-03-13;17439213.29
28653832000126;2026-03-13;76395008.15
28653850000108;2026-03-13;176475259.27
28653907000179;2026-03-13;302910682.35
28653949000100;2026-03-13;42710849.78
28663487000101;2026-03-13;182126556.52
28663511000102;2026-03-12;515759853.37
28671705000150;2026-03-13;4477477623.44
28692258000115;2026-03-13;30381893.10
28692285000198;2026-03-13;53939735.31
28692448000132;2026-03-13;19025350.43
28692461000191;2026-03-13;287151151.03
28692485000140;2026-03-13;18097134.42
28692492000142;2026-03-13;4224586.63
28692566000140;2026-03-13;40194437.36
28695121000114;2026-03-13;1532634.55
28703499000112;2026-03-13;64578166.17
28703541000103;2026-03-13;32365371.00
28703554000174;2026-03-13;7094356.19
28709046000101;2026-03-13;18355988.88
28715205000172;2026-03-13;340309336.97
28715216000152;2026-03-13;2656877.50
28715682000138;2026-03-13;83559344.86
28715701000126;2026-03-13;46863673.36
28726474000134;2026-03-13;41084945.82
28747130000101;2026-03-13;114154615.21
28747144000125;2026-03-13;2702151.09
28747157000102;2026-03-13;6699460.08
28747676000162;2026-03-13;542649500.87
28747685000153;2026-03-13;144550674.86
28747722000123;2026-03-13;5056622.73
28747733000103;2026-03-13;272877251.18
28747816000100;2026-03-12;23534277.93
28747826000138;2026-03-13;116904538.75
28750061000195;2026-03-13;17268657.45
28750110000190;2026-03-13;455718400.37
28750124000103;2026-03-13;8948492.31
28750204000169;2026-03-13;6761077.32
28757084000121;2026-03-13;263686653.42
28757125000180;2026-03-13;213078448.80
28767162000179;2026-03-13;516302887.32
28767181000103;2026-03-13;44273263.46
28767201000138;2026-03-13;376004308.99
28777460000140;2026-03-13;226622849.54
28787004000180;2026-03-13;10907835.05
28787644000190;2026-03-13;20938278.28
28788331000157;2026-03-12;108485825.74
28788359000194;2026-03-13;8717584.50
28788379000165;2026-03-13;8682455.35
28788415000190;2026-03-13;91102741.09
28788445000105;2026-03-13;199478433.59
28788460000145;2026-03-13;144199809.99
28788489000127;2026-03-13;116760018.35
28788501000101;2026-03-13;29153016.63
28788541000145;2026-03-13;290237369.75
28797658000195;2026-03-12;191290236.91
28797725000171;2026-03-12;1174781.08
28797748000186;2026-03-12;43074133.93
28797765000113;2026-03-12;29837769.13
28797797000119;2026-03-13;53051664.84
28808358000164;2026-03-13;6592853.81
28819483000170;2026-03-13;21923284.54
28819628000132;2026-03-13;114895496.53
28840203000105;2026-03-13;1469098838.38
28840415000192;2026-03-13;331636507.64
28840420000103;2026-03-13;509519705.78
28840428000161;2026-03-12;199461963.53
28840456000189;2026-03-13;365731290.85
28840470000182;2026-03-13;103148444.99
28840480000118;2026-03-13;11405411.07
28849591000195;2026-03-13;5940127.62
28849683000175;2026-03-12;65038141.64
28849694000155;2026-03-13;36454404.04
28849695000108;2026-03-12;130180383.41
28849716000187;2026-03-12;753371758.76
28849736000158;2026-03-13;190465466.25
28849744000102;2026-03-13;608774706.54
28849759000162;2026-03-12;59525618.30
28849765000110;2026-03-12;9632517.10
28849777000144;2026-03-13;40581615.00
28849799000104;2026-03-12;91677968.34
28850806000198;2026-03-13;7301549.23
28851710000144;2026-03-13;4230032118.79
28851713000188;2026-03-13;2518886211.40
28851728000146;2026-03-13;195339103.73
28851732000104;2026-03-13;55186078.93
28856743000187;2026-03-13;43379742.87
28856772000149;2026-03-13;11687651.65
28858089000140;2026-03-11;40561061.67
28866524000189;2026-03-13;64161159.74
28877869000138;2026-03-12;65095738.98
28877890000133;2026-03-13;141278063.44
28881110000129;2026-03-12;7281722.57
28881120000164;2026-03-13;318693219.02
28881130000108;2026-03-13;145447862.79
28881163000140;2026-03-12;99116387.39
28881169000117;2026-03-12;29053394.12
28881178000108;2026-03-12;44293277.71
28881195000145;2026-03-12;45168692.53
28888770000131;2026-03-13;75518724.06
28888814000123;2026-03-13;50578303.62
28891305000150;2026-03-13;24553514.96
28911549000157;2026-03-13;1406330394.50
28911614000144;2026-03-13;6667309.21
28912427000185;2026-03-13;6650313.19
28912451000114;2026-03-13;101648482.55
28912465000138;2026-03-12;81371219.67
28912478000107;2026-03-13;18161649.79
28912489000197;2026-03-13;107392685.27
28914119000199;2026-03-12;32842677.33
28914132000148;2026-03-12;88368663.19
28914181000180;2026-03-13;45874857.60
28914193000105;2026-03-12;95439914.60
28922358000190;2026-03-12;356965940.88
28947266000165;2026-03-13;1141368040.66
28951098000181;2026-03-13;1921067758.64
28951115000180;2026-03-13;546578981.26
28951125000116;2026-03-13;2309029352.66
28951141000109;2026-03-13;566411748.80
28951154000188;2026-03-13;1150248658.14
28951182000103;2026-03-13;12278784.14
28951227000131;2026-03-13;98025929.02
28951239000166;2026-03-13;2292078290.32
28951248000157;2026-03-13;73440597.87
28951298000134;2026-03-13;24728328.12
28951331000126;2026-03-10;166585777.12
28970842000195;2026-03-13;20083232.78
28971488000113;2026-03-12;18996357.28
28971507000101;2026-03-13;582007646.54
28971523000102;2026-03-13;3233178.17
28971589000194;2026-03-13;16846136.96
28971626000164;2026-03-13;8420856.11
28974050000199;2026-03-13;9508472.45
28974109000149;2026-03-13;5654210.35
28993760000166;2026-03-13;5428925794.08
29010914000115;2026-03-12;4085222.24
29011016000181;2026-03-12;98093789.36
29011034000163;2026-03-13;71416741.00
29011049000121;2026-03-13;166477659.91
29011081000107;2026-03-13;33379440.72
29011091000142;2026-03-12;39171032.02
29011101000140;2026-03-13;168574436.59
29011124000154;2026-03-12;17822687.17
29011162000107;2026-03-13;231821652.95
29011174000131;2026-03-13;16693577.75
29011235000160;2026-03-12;5017062.65
29011238000102;2026-03-13;18032559.93
29011240000173;2026-03-13;146398742.70
29011243000107;2026-03-13;32040981.01
29011250000109;2026-03-13;126699296.72
29011254000197;2026-03-13;111996790.43
29011266000111;2026-03-13;11727314.63
29022772000106;2026-03-13;378833244.72
29022801000130;2026-03-13;2643902.44
29022818000197;2026-03-11;40932865.80
29033458000129;2026-03-13;18550034.45
29044189000104;2026-03-13;319900790.65
29044201000172;2026-03-13;4862052668.28
29044629000115;2026-03-12;86417714.56
29044649000196;2026-03-13;3478672654.10
29044668000112;2026-03-13;1630949841.64
29045156000170;2026-03-12;25041313.43
29045219000199;2026-03-13;3250477.86
29045297000193;2026-03-13;1264676506.61
29045319000115;2026-03-13;15456569.86
29045335000108;2026-03-12;158678740.03
29045353000190;2026-03-12;174102029.73
29045373000160;2026-03-12;931928599.68
29045451000127;2026-03-13;8744036.97
29045468000184;2026-03-13;21370316.04
29045487000100;2026-03-13;36496321.25
29045509000132;2026-03-13;98741319.43
29045521000147;2026-03-13;87802834.93
29045538000102;2026-03-13;490735081.25
29045553000142;2026-03-13;396926672.64
29045575000102;2026-03-13;215781893.41
29045642000199;2026-03-13;5506478.01
29045652000124;2026-03-13;616613023.62
29045775000165;2026-03-12;1376153.73
29045947000109;2026-03-13;28848079.86
29045966000127;2026-03-12;254883817.29
29045977000107;2026-03-12;8265739.59
29046006000181;2026-03-12;1024983289.93
29054793000103;2026-03-13;4295954.24
29054877000147;2026-03-13;30629945.86
29055460000107;2026-03-13;17620505.36
29055966000108;2026-03-13;606782300.60
29055980000101;2026-03-13;82305556.82
29056024000144;2026-03-13;114916087.77
29066331000106;2026-03-13;62619730.29
29066627000127;2026-03-13;97772100.36
29066638000107;2026-03-13;176243821.44
29066890000116;2026-03-13;12759240.46
29066923000128;2026-03-13;139877146.16
29066930000120;2026-03-13;170351730.05
29078039000103;2026-03-13;5029545606.22
29078627000147;2026-03-13;22697254.08
29085439000146;2026-03-13;125205834.18
29088383000183;2026-03-13;630215162.99
29088410000118;2026-03-13;252110002.66
29088425000186;2026-03-13;424358831.24
29091970000121;2026-03-13;45319506.96
29092126000115;2026-03-13;105319082.13
29092136000150;2026-03-13;14247277.32
29092660000121;2026-03-13;322639653.76
29106500000194;2026-03-13;234192844.42
29106510000120;2026-03-13;25984422.65
29109231000110;2026-03-13;923388749.51
29109242000108;2026-03-13;53958739.84
29109266000159;2026-03-13;327105544.61
29117619000162;2026-03-13;182763748.10
29117643000100;2026-03-13;241032010.54
29117659000104;2026-03-13;27830625.48
29117692000134;2026-03-13;75853266.27
29127751000155;2026-03-13;47745957.05
29127773000115;2026-03-13;192049649.56
29131029000194;2026-03-12;298077913.88
29131090000131;2026-03-12;339250832.23
29131127000121;2026-03-12;239150281.77
29141230000152;2026-03-13;784112.83
29148660000104;2026-03-13;48383947.10
29148672000120;2026-03-13;22421243.10
29148689000188;2026-03-13;3803181.71
29152373000160;2026-03-13;1130815949.01
29152383000103;2026-03-13;22668670573.79
29152427000197;2026-03-13;110064508.50
29152467000139;2026-03-13;752948710.86
29152773000175;2026-03-13;134466594.71
29157485000103;2026-03-13;21629163.42
29157501000168;2026-03-12;80084360.28
29157511000101;2026-03-13;10031259.98
29157520000194;2026-03-13;15556846123.88
29158364000186;2026-03-13;16692218.64
29158564000139;2026-03-13;-1092899980.39
29158793000153;2026-03-13;28468348.11
29177012000178;2026-03-13;533372436.02
29177013000112;2026-03-13;35340551.18
29177024000100;2026-03-13;134079752.58
29177308000199;2026-03-13;483062665.21
29177909000100;2026-03-13;26829972.27
29178343000122;2026-03-13;15409181.89
29178353000168;2026-03-13;49554560.07
29178368000126;2026-03-13;2405852.47
29178386000108;2026-03-13;26605828.47
29186331000140;2026-03-13;331284028.89
29196718000187;2026-03-13;7386780555.34
29196731000136;2026-03-12;249406704.18
29196922000106;2026-03-13;12183168.01
29196983000165;2026-03-13;30874605.70
29197055000115;2026-03-13;2021528386.30
29197090000134;2026-03-13;2130160290.38
29197120000102;2026-03-13;35314130.09
29197155000141;2026-03-13;193600156.24
29197177000101;2026-03-13;74763593.03
29206142000191;2026-03-13;4741683.31
29206154000116;2026-03-13;83544324.38
29206196000157;2026-03-13;36065154.67
29206333000153;2026-03-13;20313866.65
29215547000196;2026-03-13;25939934.93
29215556000187;2026-03-13;25290658.74
29215661000116;2026-03-13;64929089.59
29215706000152;2026-03-13;13203041.14
29215748000193;2026-03-13;18779653.24
29224629000105;2026-03-13;8139011.92
29224634000100;2026-03-13;92561206750.92
29224651000147;2026-03-13;189791670.22
29224665000160;2026-03-13;21143042.38
29224678000130;2026-03-13;52000867.12
29224691000199;2026-03-13;509881125.13
29226295000109;2026-03-13;555791126.50
29226309000186;2026-03-13;555848155.13
29226330000181;2026-03-13;29336370.41
29226342000106;2026-03-13;28623301.60
29226349000128;2026-03-13;27831393.35
29226475000182;2026-03-10;98571571.82
29226532000123;2026-03-13;66318412.49
29226623000169;2026-03-11;209212687.54
29226688000104;2026-03-13;1717613.75
29232902000135;2026-03-13;14761423.32
29232970000102;2026-03-13;923560055.33
29232976000171;2026-03-13;289284833.18
29232988000104;2026-03-13;14590938.47
29236318000158;2026-03-13;60398938.54
29236548000117;2026-03-12;13065853.38
29236556000163;2026-03-13;3246574390.11
29236572000156;2026-03-13;158707552.64
29236579000178;2026-03-13;154208651.97
29236599000149;2026-03-13;102479284.40
29236607000157;2026-03-12;13052521.11
29236614000159;2026-03-13;51418799.64
29241110000127;2026-03-13;46324855.24
29241670000181;2026-03-12;102384930.67
29241746000179;2026-03-13;37945029.10
29241758000101;2026-03-13;317995911.96
29241780000143;2026-03-12;66998588.49
29241799000190;2026-03-13;1395472714.96
29241820000157;2026-03-13;133821656.86
29241827000179;2026-03-13;66728036.90
29242378000183;2026-03-13;10282137.61
29242399000107;2026-03-13;277050750.71
29242437000113;2026-03-13;36429553.81
29242441000181;2026-03-13;89172488.04
29242448000101;2026-03-12;26249325.90
29242456000140;2026-03-13;2225355.50
29242473000187;2026-03-13;9568689.32
29242733000114;2026-03-13;19091650.12
29242748000182;2026-03-13;67022967.13
29242761000131;2026-03-13;96503400.32
29243017000151;2026-03-13;18317260.19
29249673000161;2026-03-13;2513512745.01
29250078000146;2026-03-13;3790690.89
29250108000114;2026-03-13;18179977.54
29250121000173;2026-03-13;848749685.21
29250127000140;2026-03-13;19683452.07
29258286000191;2026-03-13;628113238.96
29258294000138;2026-03-13;601774085.57
29259706000154;2026-03-13;14615543231.85
29259723000191;2026-03-13;15117655440.82
29259913000109;2026-03-13;17157328.97
29259924000199;2026-03-13;44787401.07
29259957000139;2026-03-13;405690522.83
29275210000174;2026-03-13;710198.71
29275240000180;2026-03-13;46508633.34
29275263000195;2026-03-13;7619753.74
29275276000164;2026-03-13;137840952.06
29275390000194;2026-03-13;68434715.30
29275394000172;2026-03-10;773468831.85
29286329000142;2026-03-13;200869407.10
29286347000124;2026-03-13;78949122.59
29286399000109;2026-03-13;8123315.05
29291519000158;2026-03-13;193495844.22
29291533000151;2026-03-13;97513396.83
29298975000120;2026-03-13;135859482.62
29300758000127;2026-03-13;21708814.15
29300827000100;2026-03-13;994669097.16
29300848000118;2026-03-13;22547003.23
29301839000141;2026-03-12;15965513.22
29301852000109;2026-03-13;10345325.64
29304017000114;2026-03-13;290180922.82
29306138000103;2026-03-13;173424886.28
29306340000127;2026-03-13;36482125.74
29315243000109;2026-03-13;853824100.06
29319013000100;2026-03-13;27859299.40
29319740000177;2026-03-13;5578883.47
29323674000109;2026-03-13;1931314021.48
29363886000110;2026-03-13;1446830647.78
29389028000144;2026-03-13;11961294057.15
29389047000170;2026-03-13;336165901.75
29389066000105;2026-03-13;55216946.15
29389086000178;2026-03-12;240070424.06
29409211000164;2026-03-13;13330907.21
29413945000117;2026-03-13;5326316.01
29438574000128;2026-03-12;9283948.81
29461997000169;2026-03-13;23357077.80
29492992000101;2026-03-13;531114080.47
29544764000120;2026-03-13;469233186.39
29546256000180;2026-03-13;175193696.72
29549568000148;2026-03-13;366545089.93
29549585000185;2026-03-13;242600759.87
29549598000154;2026-03-13;269871306.79
29549613000164;2026-03-13;11756243.31
29549633000135;2026-03-13;819725268.60
29549642000126;2026-03-13;147296688.83
29549660000108;2026-03-13;143655837.91
29550612000130;2026-03-13;16881790.95
29562424000121;2026-03-13;48189452.91
29562673000117;2026-03-13;3042227168.62
29574911000104;2026-03-13;56492451.69
29574952000109;2026-03-13;19559426.97
29575405000130;2026-03-13;22116582.64
29576047000180;2026-03-13;32384570.77
29577652000175;2026-03-05;12211209.33
29577706000100;2026-03-05;18795846.02
29587373000192;2026-03-12;21686766.94
29587389000103;2026-03-13;19795427.42
29587745000180;2026-03-13;59510595.42
29587750000193;2026-03-13;19127152.06
29599391000194;2026-03-13;12059448.03
29599922000149;2026-03-13;2673604.62
29602952000167;2026-03-13;14360809.22
29603957000104;2026-03-12;17369673.42
29613660000120;2026-03-13;41492220.10
29613915000154;2026-03-13;31787714.05
29614292000134;2026-03-12;86790817.59
29625929000198;2026-03-13;45194799.16
29626006000150;2026-03-13;40258890.05
29626077000153;2026-03-13;29444506.47
29638303000116;2026-03-13;42664234.64
29638312000107;2026-03-13;19692740.92
29641091000126;2026-03-12;116230616.48
29660999000187;2026-03-13;242611445.52
29661053000135;2026-03-13;11310523.31
29709332000121;2026-03-12;9959972.61
29720568000169;2026-03-12;55716873.97
29720571000182;2026-03-12;78617469.35
29722350000143;2026-03-12;303916980.69
29722362000178;2026-03-12;12700488.11
29722392000184;2026-03-13;167009923.62
29722427000185;2026-03-12;18328968.07
29722437000110;2026-03-12;23466452.67
29722458000136;2026-03-13;139855538.91
29722466000182;2026-03-12;35690662.09
29722489000197;2026-03-12;17741049.67
29725847000115;2026-03-12;194134840.48
29726019000100;2026-03-13;51098364.47
29726047000119;2026-03-13;103586567.63
29726117000139;2026-03-13;7465633708.54
29726133000121;2026-03-13;49875284.07
29732909000116;2026-03-13;1965298.97
29732926000153;2026-03-13;176392768.86
29732947000179;2026-03-12;10657039.74
29732967000140;2026-03-12;11928773.06
29733108000175;2026-03-13;43368293.23
29733120000180;2026-03-13;3166865.68
29733655000150;2026-03-13;3063535.28
29733674000187;2026-03-12;84658489.04
29733715000135;2026-03-12;115778743.79
29733741000163;2026-03-12;109239790.43
29733757000176;2026-03-13;36452145.82
29733802000192;2026-03-13;86342498.18
29733824000152;2026-03-12;63335112.14
29733842000134;2026-03-13;206433007.87
29733861000160;2026-03-12;48233275.78
29733890000122;2026-03-12;15920136.62
29733915000198;2026-03-13;64236836.68
29733934000114;2026-03-12;491326088.65
29733965000175;2026-03-12;101422042.25
29734052000173;2026-03-12;2664270.46
29734102000112;2026-03-13;26685529.85
29734121000149;2026-03-12;10265205.26
29734143000109;2026-03-12;71990406.54
29762315000158;2026-03-13;2813064.09
29762376000115;2026-03-13;151065043.34
29773773000192;2026-03-13;468207560.63
29773781000139;2026-03-13;240521013.61
29773794000108;2026-03-13;2084917623.37
29773806000102;2026-03-13;746573787.71
29786962000108;2026-03-13;45219.33
29800193000147;2026-03-13;89973403.54
29800227000101;2026-03-13;25267883.64
29813596000120;2026-03-12;242675960.11
29813738000150;2026-03-13;81444348.10
29813769000100;2026-03-13;72623087.82
29816789000135;2026-03-06;0.00
29826089000121;2026-03-13;10210778.56
29852606000137;2026-03-13;4768392.89
29852612000194;2026-03-13;1745100.08
29852634000154;2026-03-13;5145024.20
29852665000105;2026-03-13;708064.88
29852912000173;2026-03-13;48148272.52
29853005000149;2026-03-13;709731720.36
29881003000163;2026-03-12;596313817.40
29904958000199;2026-03-12;-4639721.58
29905334000196;2026-03-13;2552475.20
29909331000120;2026-03-13;98256733.56
29941120000175;2026-03-13;87609805.54
29941126000142;2026-03-13;14562120.55
29941137000122;2026-03-13;239822210.39
29941789000167;2026-03-13;285864669.44
29941823000101;2026-03-13;36604092.72
29941862000109;2026-03-13;630976284.63
29941920000196;2026-03-13;47526877.27
29941942000156;2026-03-13;44180636.03
29942155000129;2026-03-13;72765925.70
29942200000145;2026-03-13;239192699.52
29942223000150;2026-03-13;371589315.95
29953901000180;2026-03-13;155341037.19
29967710000177;2026-03-13;6808339.88
29970149000185;2026-03-12;75650147.36
29979814000100;2026-03-13;13876523.07
29982932000169;2026-03-13;6305366.10
29983445000110;2026-03-13;300811380.62
29983486000107;2026-03-13;336457707.37
29983496000142;2026-03-13;307131663.04
29983516000185;2026-03-13;84855305.88
29983589000177;2026-03-13;63604526.65
29992900000144;2026-03-13;303977209.46
29993543000139;2026-03-13;1331183.97
29993554000119;2026-03-13;353805238.41
29993579000112;2026-03-13;26759716.07
29993583000180;2026-03-13;13110875.43
29993590000182;2026-03-11;75323401.64
29993610000115;2026-03-13;3785790.78
29993618000181;2026-03-13;42635329.99
29993622000140;2026-03-13;48815190.94
29993639000105;2026-03-13;70357888.48
29993650000167;2026-03-11;230187883.73
29994389000110;2026-03-13;306012010.91
29994412000176;2026-03-13;311144587.72
29994475000122;2026-03-12;16436015.97
29994558000111;2026-03-13;7613249.94
29994574000104;2026-03-13;71375989.10
29994591000141;2026-03-13;420990388.33
30005655000113;2026-03-13;13548915.61
30032131000111;2026-03-13;45163187.30
30036209000176;2026-03-13;874758479.15
30036235000102;2026-03-13;2115128273.61
30038136000151;2026-03-13;233698727.05
30038162000180;2026-03-13;832914487.78
30038193000130;2026-03-13;486162843.18
30038275000185;2026-03-13;116493043.63
30045263000188;2026-03-13;93557256.66
30056825000199;2026-03-13;1779737854.73
30056841000181;2026-03-13;196007695.01
30057233000191;2026-03-13;0.00
30057258000195;2026-03-13;110119030.73
30057274000188;2026-03-13;91805486.36
30057474000130;2026-03-13;28811238.92
30057791000157;2026-03-13;42215725.00
30057914000150;2026-03-13;12125583.04
30059780000106;2026-03-13;920214745.75
30068044000114;2026-03-13;163680064.58
30068049000147;2026-03-13;453403406.64
30068060000107;2026-03-13;24227153.30
30068071000197;2026-03-13;8369383.89
30068135000150;2026-03-13;32905370.70
30068141000107;2026-03-13;1727579045.59
30068169000144;2026-03-13;796336436.77
30068178000135;2026-03-13;1286667673.38
30068195000172;2026-03-13;176692562.84
30068205000170;2026-03-13;85004642.84
30068214000160;2026-03-13;6911821862.85
30068224000104;2026-03-13;313761907.04
30068240000199;2026-03-13;216474734.97
30068271000140;2026-03-13;45850869.76
30068713000158;2026-03-13;87578762.12
30068728000116;2026-03-12;1134207.35
30068867000140;2026-03-12;16195298.55
30069267000104;2026-03-13;193497313.22
30077404000144;2026-03-12;1187877.74
30077624000178;2026-03-13;28242048.52
30077642000150;2026-03-13;1177811247.25
30077686000180;2026-03-12;28732660.80
30077710000180;2026-03-13;0.00
30077745000110;2026-03-13;392721141.17
30077777000115;2026-03-13;22325406.37
30102236000108;2026-03-13;279400585.92
30102264000117;2026-03-13;1766106671.51
30102276000141;2026-03-13;984728834.60
30102287000121;2026-03-13;11709698.74
30102302000131;2026-03-13;108750061.13
30102322000102;2026-03-13;34825184.44
30102340000194;2026-03-13;1138736707.79
30102367000187;2026-03-13;4385895.80
30102382000125;2026-03-13;193622317.56
30102426000117;2026-03-13;2672202913.60
30102441000165;2026-03-13;70893594.23
30102469000100;2026-03-13;65038154.71
30102482000151;2026-03-13;10496619.35
30102516000108;2026-03-13;1493657724.52
30103421000109;2026-03-13;15805519.03
30103475000174;2026-03-13;15768960.38
30103489000198;2026-03-13;40536479.53
30103544000140;2026-03-13;74284387.15
30103589000114;2026-03-13;9402204.50
30128621000116;2026-03-13;167561523.14
30128758000170;2026-03-13;37086707.51
30128829000135;2026-03-13;5528999.55
30129182000166;2026-03-12;11101978.16
30129261000177;2026-03-13;69239520.16
30129277000180;2026-03-13;13093320.82
30129289000104;2026-03-13;195609636.22
30141632000136;2026-03-13;124038520.97
30141656000195;2026-03-13;151276268.88
30168870000135;2026-03-13;106665589.23
30177979000139;2026-03-13;1152649.88
30178843000143;2026-03-13;611288719.79
30178854000123;2026-03-13;28658518.17
30178912000119;2026-03-13;19677295.41
30181837000145;2026-03-13;121272457.54
30190210000150;2026-03-13;310899623.20
30258825000171;2026-03-13;348133267.37
30259209000135;2026-03-11;133752034.47
30259240000176;2026-03-13;4914403.00
30270002000161;2026-03-13;3269447.73
30271177000193;2026-03-12;126089644.57
30282227000138;2026-03-13;21043954.28
30282243000120;2026-03-13;25330639.27
30282270000101;2026-03-13;6681936040.77
30282288000103;2026-03-13;101088014.01
30282320000142;2026-03-13;491799373.91
30282418000108;2026-03-13;2920570.90
30282464000107;2026-03-13;10002772.13
30317436000170;2026-03-13;1329390786.12
30317454000151;2026-03-13;506750931.44
30322245000104;2026-03-13;10178163.28
30322419000120;2026-03-13;26233830.41
30329386000140;2026-03-13;66504943.30
30329397000120;2026-03-13;14918755.94
30329404000194;2026-03-13;0.00
30330316000102;2026-03-13;2280307.92
30330339000117;2026-03-13;2606142.13
30330439000143;2026-03-13;15421700.01
30330483000153;2026-03-13;276515856.38
30330495000188;2026-03-13;145818521.23
30332723000159;2026-03-13;116289233.09
30332739000161;2026-03-13;23326490.11
30332794000151;2026-03-13;51024903.25
30332800000170;2026-03-13;30337963.25
30332830000187;2026-03-13;28804395.24
30338659000113;2026-03-13;11322920.48
30338679000194;2026-03-13;304140476.92
30338686000196;2026-03-13;43409271.38
30338831000139;2026-03-13;46196407.93
30338838000150;2026-03-13;687408669.69
30351315000144;2026-03-13;5557201.67
30351337000104;2026-03-13;22021332.61
30353549000120;2026-03-13;25392095.51
30353590000105;2026-03-13;96731264.58
30353644000124;2026-03-12;12404894.81
30353655000104;2026-03-13;10414073.28
30353771000123;2026-03-13;30022377.32
30353827000140;2026-03-12;21828044.77
30353854000112;2026-03-13;32533523.15
30353877000127;2026-03-13;248309391.57
30354057000150;2026-03-13;15349869.68
30354139000102;2026-03-13;37036264.33
30366098000166;2026-03-12;101025360.82
30378445000170;2026-03-13;163790834.70
30378490000125;2026-03-13;15346177.75
30378504000100;2026-03-13;998826.38
30378522000192;2026-03-12;15440439.00
30378535000161;2026-03-12;770552588.99
30378546000141;2026-03-12;284715565.75
30378557000121;2026-03-12;444125028.69
30378569000156;2026-03-12;280458794.57
30378610000194;2026-03-13;146481182.46
30378631000100;2026-03-13;58708580.89
30378646000178;2026-03-12;190390544.73
30378660000171;2026-03-12;82737733.39
30378720000156;2026-03-12;167257979.56
30378744000105;2026-03-12;180624146.66
30378790000104;2026-03-12;47138919.97
30392503000110;2026-03-12;130867829.80
30392522000147;2026-03-12;50910911.03
30392533000127;2026-03-12;142457263.72
30392564000188;2026-03-12;137774713.72
30392611000193;2026-03-12;35530245.98
30392645000188;2026-03-12;41912241.39
30392659000100;2026-03-13;1149607074.27
30392768000119;2026-03-13;82180996.32
30392811000146;2026-03-12;50684045.19
30392819000102;2026-03-12;54861325.97
30392838000139;2026-03-12;46413904.80
30392993000155;2026-03-13;105811527.34
30393014000183;2026-03-13;12187711.70
30393293000185;2026-03-13;25275298.10
30393329000120;2026-03-13;75190303.51
30419083000119;2026-03-13;80753749.16
30419109000129;2026-03-13;303193939.98
30419128000155;2026-03-13;241205067.12
30419172000165;2026-03-13;310834185.77
30419203000188;2026-03-13;2402036490.52
30419275000125;2026-03-13;390094826.21
30441447000167;2026-03-13;40581012.68
30447330000190;2026-03-12;75220675.48
30447352000150;2026-03-13;297008139.03
30447371000187;2026-03-12;116620870.19
30447415000179;2026-03-12;62711684.84
30447447000174;2026-03-12;41312904.74
30453235000108;2026-03-12;23444314.71
30453246000180;2026-03-12;187169688.62
30453277000130;2026-03-13;28342081.62
30453289000165;2026-03-13;569859959.66
30453303000120;2026-03-12;143398309.59
30453307000109;2026-03-12;143506376.82
30453447000187;2026-03-13;23240045.32
30453601000110;2026-03-13;43211602.34
30492952000130;2026-03-12;19184621.16
30492978000189;2026-03-12;1307347.94
30493047000103;2026-03-12;61708355.77
30493082000114;2026-03-12;58797608.32
30493251000116;2026-03-12;163758218.83
30493276000110;2026-03-12;163789384.98
30493288000144;2026-03-12;126272540.87
30493304000107;2026-03-13;12925733.36
30493327000103;2026-03-13;105900152.54
30493349000173;2026-03-13;700496222.95
30493620000170;2026-03-13;498749851.93
30493640000141;2026-03-13;418214035.66
30493677000170;2026-03-13;520243659.21
30493692000118;2026-03-13;837248565.70
30493827000145;2026-03-13;12539971.66
30493863000109;2026-03-13;77811205.06
30493879000111;2026-03-13;3968774.98
30493904000167;2026-03-13;950984500.96
30493963000135;2026-03-13;37846050.43
30494013000125;2026-03-13;93598912.38
30506088000189;2026-03-13;56697029.22
30506330000114;2026-03-13;119642445.29
30506340000150;2026-03-13;21148894.68
30506347000171;2026-03-13;38205205.96
30507191000143;2026-03-12;2280709.94
30507292000114;2026-03-12;142415249.81
30507317000180;2026-03-13;91230508.80
30507449000101;2026-03-13;1535192791.87
30507491000122;2026-03-13;103954752.98
30507510000110;2026-03-12;176058581.61
30507521000109;2026-03-12;20920588.21
30507536000169;2026-03-12;127669459.03
30507573000177;2026-03-13;20704915.09
30507620000182;2026-03-12;14820927.14
30507629000193;2026-03-12;274158024.94
30507658000155;2026-03-13;177958744.56
30507672000159;2026-03-12;102198730.35
30507901000135;2026-03-13;16298369.46
30507920000161;2026-03-13;48127890.22
30507998000186;2026-03-13;21034326.76
30508019000104;2026-03-13;2908680.99
30508095000110;2026-03-13;62151728.14
30508112000119;2026-03-13;3979332.64
30509213000104;2026-03-13;49025828.77
30509221000150;2026-03-13;1076947319.15
30509239000152;2026-03-13;153582224.69
30509257000134;2026-03-13;95096629.04
30509286000104;2026-03-12;230566263.48
30518339000145;2026-03-13;52499282.74
30518346000147;2026-03-13;28923667.93
30518545000155;2026-03-13;65455115.29
30518554000146;2026-03-13;696054273.99
30520809000105;2026-03-12;120741982.99
30520937000159;2026-03-12;31600631.09
30520976000156;2026-03-12;123218877.51
30521138000105;2026-03-13;93708704.89
30521533000180;2026-03-13;658995600.13
30521581000178;2026-03-13;229294867.20
30521646000185;2026-03-12;31888577.67
30521661000123;2026-03-12;59703711.56
30521681000102;2026-03-13;84679639.05
30521697000107;2026-03-12;75491239.13
30521878000133;2026-03-13;16259246.48
30521894000126;2026-03-13;8876750.79
30521927000138;2026-03-13;11389376.79
30521961000102;2026-03-13;86360516.28
30521985000161;2026-03-13;6190676.79
30522001000167;2026-03-13;92128105.55
30522005000145;2026-03-13;43101039.78
30522013000191;2026-03-13;91614392.83
30530779000118;2026-03-13;115614752.79
30530788000109;2026-03-13;125004211.31
30530796000155;2026-03-13;172879375.29
30556572000112;2026-03-12;15219808.47
30556686000162;2026-03-13;103863384.78
30556696000106;2026-03-12;106930961.13
30556738000109;2026-03-13;100393234.00
30556749000180;2026-03-12;34789766.62
30556756000182;2026-03-12;40531022.13
30556797000179;2026-03-12;22010904.91
30556940000122;2026-03-13;2413903.34
30556947000144;2026-03-13;72924676.13
30556966000170;2026-03-13;40950848.46
30556978000103;2026-03-13;680632427.07
30557008000114;2026-03-13;425987544.31
30557021000173;2026-03-13;23179053.31
30557026000104;2026-03-13;30318827.28
30566208000133;2026-03-13;377071048.48
30566221000192;2026-03-13;839999430.69
30567289000196;2026-03-13;26897361.38
30567311000106;2026-03-13;230607433.18
30567335000157;2026-03-13;64359816.01
30567357000117;2026-03-12;29357666.48
30568121000103;2026-03-13;75744550.15
30568172000127;2026-03-13;711175131.25
30568193000142;2026-03-13;6459693861.26
30568485000185;2026-03-13;22063177.96
30568495000110;2026-03-13;184341070.74
30568509000104;2026-03-13;28182000.99
30568854000130;2026-03-13;179189806.25
30568861000131;2026-03-13;152373994.30
30568865000110;2026-03-13;14536807.78
30568874000100;2026-03-13;4170801.12
30568903000134;2026-03-13;112608336.21
30568933000140;2026-03-13;50806245.17
30569005000109;2026-03-13;7901712.45
30586677000114;2026-03-13;140098650.67
30592652000123;2026-03-13;21501417.41
30592665000100;2026-03-13;158549269.30
30592680000140;2026-03-13;94762084.62
30593140000181;2026-03-13;15400498429.98
30593218000168;2026-03-13;129640027.55
30593233000106;2026-03-13;1195699027.31
30593349000145;2026-03-13;276850816.11
30593365000138;2026-03-13;53277096.17
30593403000152;2026-03-13;11479398.34
30593430000125;2026-03-13;359879018.13
30593439000136;2026-03-13;51585379.30
30606402000103;2026-03-13;27800023.14
30606474000142;2026-03-13;4057714.54
30608416000158;2026-03-13;157456961.25
30609079000113;2026-03-13;34852923.45
30609140000122;2026-03-13;39733191.08
30609191000154;2026-03-13;11085503.06
30618302000199;2026-03-13;144502433.55
30618435000165;2026-03-13;51800879.37
30618457000125;2026-03-13;610812469.88
30618614000100;2026-03-13;775654748.27
30618643000164;2026-03-04;12159340.09
30624657000190;2026-03-12;52544963.46
30624891000118;2026-03-13;12441331463.96
30625044000178;2026-03-12;35118183.83
30625054000103;2026-03-13;43688101.47
30629260000191;2026-03-13;18053447.19
30629268000158;2026-03-13;13151061.61
30629283000104;2026-03-13;818060387.87
30629300000103;2026-03-13;805495256.59
30630170000110;2026-03-13;11492164.69
30630186000123;2026-03-13;276756091.13
30630194000170;2026-03-13;28655724.11
30630274000125;2026-03-13;12130603.64
30630324000174;2026-03-13;117352557.61
30630368000102;2026-03-13;39460457.43
30630384000197;2026-03-13;1592507888.03
30641319000167;2026-03-13;646338808.59
30641409000158;2026-03-13;4490953065.60
30641425000140;2026-03-13;26558571673.36
30641449000108;2026-03-13;49392788.83
30641454000102;2026-03-13;8402840489.91
30641464000148;2026-03-13;50196680239.60
30642042000197;2026-03-13;171460570.78
30642083000183;2026-03-12;65097565.81
30654823000100;2026-03-12;288810282.33
30658551000108;2026-03-13;8869105.89
30658578000109;2026-03-13;23052507.03
30658606000180;2026-03-13;159338131.57
30658954000157;2026-03-13;153190995.21
30659168000174;2026-03-12;186406105.13
30665679000107;2026-03-13;27806757.21
30676315000114;2026-03-13;2056006049.38
30687408000144;2026-03-13;3005528.13
30687633000180;2026-03-13;1057212450.24
30721163000124;2026-03-10;3240425.86
30733545000178;2026-03-13;22222157.46
30754229000182;2026-03-13;6711754.30
30754467000198;2026-03-13;9980381781.37
30756847000161;2026-03-13;151806742.09
30773631000104;2026-03-13;1732016.59
30773639000170;2026-03-13;6499087.92
30790526000183;2026-03-13;0.00
30797425000134;2026-03-13;55065036.92
30808078000106;2026-03-13;0.00
30830162000118;2026-03-13;87838725.39
30830168000195;2026-03-13;23980781.96
30830188000166;2026-03-13;152990376.94
30830220000103;2026-03-13;8756739.12
30830229000114;2026-03-13;1219528983.35
30830237000160;2026-03-13;49731019.98
30830240000184;2026-03-10;52478834.54
30830288000192;2026-03-13;27245583.18
30830299000172;2026-03-13;111765662.75
30830302000158;2026-03-12;327088059.45
30857989000115;2026-03-13;30111264.08
30858733000122;2026-03-13;203430614.11
30869348000180;2026-03-13;92395579.24
30869365000118;2026-03-13;38927876.35
30869395000124;2026-03-13;568371348.42
30877528000104;2026-03-13;977265230.29
30877540000119;2026-03-13;313012979.80
30877865000100;2026-03-13;25543175.89
30877879000115;2026-03-13;290421.21
30887013000195;2026-03-13;3896104.77
30887048000124;2026-03-09;71780785.23
30887116000155;2026-03-13;5707423.71
30887167000187;2026-03-13;183696287.17
30898131000107;2026-03-12;11927582.66
30898182000120;2026-03-13;97588885.31
30909999000157;2026-03-13;40943591.04
30910036000173;2026-03-13;381103409.81
30910166000106;2026-03-12;3326445463.70
30910199000156;2026-03-13;735802194.22
30910292000160;2026-03-12;12051109.06
30910304000157;2026-03-12;21721969.37
30910553000142;2026-03-13;854977707.74
30921203000181;2026-03-13;447888251.92
30921280000131;2026-03-13;17600585.30
30934757000113;2026-03-13;2277380377.71
30982547000109;2026-03-13;48067052.02
30982709000109;2026-03-12;999846882.57
30982773000181;2026-03-12;55716977.38
30994058000169;2026-03-13;0.00
30994113000110;2026-03-13;115524146.22
30994129000123;2026-03-13;2924389.18
30994150000129;2026-03-13;124563406.32
30994931000113;2026-03-13;287262139.91
30995144000196;2026-03-13;2302385.31
30995158000100;2026-03-13;35667686.72
30998002000182;2026-03-12;248391176.89
30998015000151;2026-03-13;1362664.07
30998045000168;2026-03-13;124023648.47
30998075000174;2026-03-13;82393286.16
30998125000113;2026-03-13;9443564.23
30998141000106;2026-03-13;100699865.48
30998213000115;2026-03-13;110611274.37
30998230000152;2026-03-13;85053018.37
30998271000149;2026-03-11;187707853.76
31006231000136;2026-03-13;268299672.47
31006555000174;2026-03-12;51231329.66
31006605000113;2026-03-13;22449232.54
31006632000196;2026-03-13;14366111.40
31006892000161;2026-03-13;3910726.30
31007279000169;2026-03-12;29305536.22
31007967000129;2026-03-12;9625734.72
31008074000106;2026-03-12;43794523.67
31008100000198;2026-03-12;38505035.09
31008130000102;2026-03-12;219660622.82
31008161000155;2026-03-12;22525156.87
31008221000130;2026-03-13;8382500358.07
31008252000190;2026-03-13;988071368.08
31008277000194;2026-03-13;328773765.53
31008304000129;2026-03-13;36950724.59
31008331000100;2026-03-13;18008127.43
31008363000105;2026-03-13;89192813.10
31008374000187;2026-03-12;67678524.57
31008401000111;2026-03-13;146557002.73
31008416000180;2026-03-13;231878137.24
31008496000173;2026-03-12;69725327.29
31008573000195;2026-03-13;77595933.99
31008633000170;2026-03-13;113962301.83
31008653000140;2026-03-13;54110876.83
31008682000102;2026-03-12;30521208.44
31016236000140;2026-03-13;32502406.18
31024180000175;2026-03-13;8255573.17
31024283000135;2026-03-13;281024773.87
31024343000110;2026-03-13;1300239993.71
31031064000183;2026-03-12;60393923.92
31031080000176;2026-03-12;149597133.29
31031118000100;2026-03-12;31574383.48
31031158000152;2026-03-12;68022643.91
31031205000168;2026-03-12;23574380.90
31031274000171;2026-03-13;4715343.10
31031288000195;2026-03-13;271371399.27
31031302000150;2026-03-13;295905414.86
31031333000101;2026-03-12;34282510.95
31032145000106;2026-03-13;12372931.53
31032327000179;2026-03-12;71918946.83
31032358000120;2026-03-12;623618096.27
31032375000167;2026-03-12;1157628092.00
31032392000102;2026-03-12;135397240.65
31032398000171;2026-03-12;243890769.56
31032406000180;2026-03-12;56651318.29
31057547000157;2026-03-13;90264621.72
31057597000134;2026-03-12;4041941.86
31081000000197;2026-03-13;55011728.10
31081028000124;2026-03-13;25992931.63
31081091000160;2026-03-13;53678575.07
31081473000194;2026-03-13;20034883.43
31094125000151;2026-03-13;123439287.63
31094141000144;2026-03-13;2278445924.54
31095801000101;2026-03-13;8703845.22
31095989000198;2026-03-13;31763846.98
31108252000162;2026-03-13;47099767.93
31110602000125;2026-03-13;22739998.64
31120022000119;2026-03-13;374516210.60
31120407000186;2026-03-13;98315415.23
31120420000135;2026-03-13;56219760.86
31132367000192;2026-03-13;5828928.46
31132386000119;2026-03-13;306152559.82
31132398000143;2026-03-13;1200530.87
31145826000172;2026-03-13;411744323.55
31145833000174;2026-03-12;256355554.76
31145851000156;2026-03-13;238896662.82
31145933000109;2026-03-13;763254.32
31146173000146;2026-03-13;28221507.23
31158712000167;2026-03-13;48457108.74
31159166000189;2026-03-13;152915250.33
31159179000158;2026-03-12;24531454.29
31187977000193;2026-03-13;37112238.36
31188046000100;2026-03-13;18765109.93
31204199000101;2026-03-13;80409354.52
31216802000167;2026-03-13;801657828.70
31216863000124;2026-03-13;800369564.73
31216900000102;2026-03-13;165983399.52
31216976000120;2026-03-13;89923183.11
31217053000192;2026-03-13;4379496581.50
31217083000107;2026-03-13;8931370397.39
31217097000112;2026-03-13;179327587.78
31217153000119;2026-03-13;575412234.95
31238234000103;2026-03-13;56211134.57
31238257000100;2026-03-12;3280736.02
31238336000110;2026-03-13;185613919.17
31238370000195;2026-03-13;315370828.78
31247274000103;2026-03-12;116776222.29
31247637000100;2026-03-12;29111733.86
31247655000192;2026-03-12;11771270.68
31247680000176;2026-03-12;76674570.85
31247756000163;2026-03-12;76477583.68
31247805000168;2026-03-13;19389010.04
31247823000140;2026-03-12;81735174.80
31247845000100;2026-03-13;139586191.85
31247920000132;2026-03-13;17083996.66
31247970000110;2026-03-12;107668279.47
31247998000157;2026-03-13;74548609.22
31248020000100;2026-03-12;26022128.81
31248044000169;2026-03-12;20399600.04
31248155000175;2026-03-13;64559130.75
31248215000150;2026-03-13;26682844.28
31248238000164;2026-03-12;1749163.54
31248283000119;2026-03-13;203340901.40
31248306000195;2026-03-13;248581334.59
31248319000164;2026-03-12;47885211.34
31248365000163;2026-03-12;132804708.48
31248460000167;2026-03-13;178630148.32
31248496000140;2026-03-12;662084740.77
31288825000187;2026-03-13;66557466.08
31288912000134;2026-03-13;14360556.41
31301600000113;2026-03-13;1888350693.56
31301673000105;2026-03-13;589110703.18
31313850000173;2026-03-16;162478357.80
31326439000132;2026-03-13;29259344.47
31339342000164;2026-03-13;23701838.53
31340838000158;2026-03-13;195539326.65
31340849000138;2026-03-13;3928517.88
31340875000166;2026-03-13;6606305.89
31340900000101;2026-03-13;179007422.07
31341341000154;2026-03-13;35594695.66
31341351000190;2026-03-13;124891649.32
31341360000180;2026-03-13;155348743.64
31341374000102;2026-03-13;6314848.42
31341382000140;2026-03-13;241259040.06
31341389000162;2026-03-13;178796107.41
31341426000132;2026-03-13;52786572.25
31341469000118;2026-03-13;180054495.17
31353579000108;2026-03-13;348471619.40
31353693000120;2026-03-13;63343061.83
31366337000140;2026-03-13;22184972.46
31366348000120;2026-03-13;104438399.98
31389791000117;2026-03-13;195454988.67
31391180000103;2026-03-13;231204288.79
31391191000193;2026-03-13;42576003.97
31391670000100;2026-03-13;16953898.50
31391761000145;2026-03-13;2041059492.05
31392222000120;2026-03-13;27120400.26
31392261000128;2026-03-13;162956596.85
31392336000170;2026-03-13;18007913.32
31392516000152;2026-03-12;135449747.55
31392530000156;2026-03-13;1021278541.80
31392821000144;2026-03-13;28478737.56
31392835000168;2026-03-13;7229647.68
31392881000167;2026-03-13;11765772.32
31392892000147;2026-03-13;299190953.28
31403572000145;2026-03-13;40115071.62
31403590000127;2026-03-13;579098514.52
31403608000190;2026-03-13;123751501.98
31416575000113;2026-03-13;23391441.40
31416897000162;2026-03-13;92934974.83
31440844000187;2026-03-13;366975017.82
31440882000130;2026-03-13;5976904.41
31455879000190;2026-03-13;1265656886.00
31457178000190;2026-03-13;14163289.66
31457198000160;2026-03-13;22257561.32
31457222000161;2026-03-13;76371109.69
31457250000189;2026-03-13;9858289.70
31457442000195;2026-03-13;44004684.75
31457455000164;2026-03-13;210501951.30
31457486000115;2026-03-13;2436502.86
31482838000192;2026-03-13;39166753.50
31482868000107;2026-03-13;102575458.93
31482895000171;2026-03-13;629846545.09
31493876000140;2026-03-13;42417681.58
31493903000185;2026-03-13;252365588.10
31506425000109;2026-03-12;6882295.01
31506444000127;2026-03-13;22024042.91
31506482000180;2026-03-13;4621375.63
31506529000105;2026-03-13;1873186.68
31523658000101;2026-03-13;9604499.31
31523689000162;2026-03-13;206664933.25
31525065000184;2026-03-13;30176857.76
31525084000100;2026-03-13;77619319.51
31525194000172;2026-03-10;700452484.59
31525200000191;2026-03-13;11517207.01
31525236000175;2026-03-12;34020954.28
31525281000120;2026-03-13;7229101.18
31525297000132;2026-03-13;56724333.71
31533145000181;2026-03-13;67800942.22
31533242000174;2026-03-12;91310300.77
31533272000180;2026-03-12;1373497.53
31533304000148;2026-03-13;18410096.77
31533338000132;2026-03-13;321407811.10
31533459000184;2026-03-13;6583540.76
31533522000182;2026-03-12;32104483.33
31533583000140;2026-03-13;8388109.20
31533667000183;2026-03-13;24520964.63
31533735000104;2026-03-13;70452316.80
31533757000174;2026-03-13;46939472.62
31533794000182;2026-03-12;27814700.55
31551353000103;2026-03-12;193719591.61
31551389000197;2026-03-13;65892220.41
31551438000191;2026-03-13;94723626.73
31552286000141;2026-03-11;40210387.81
31552311000197;2026-03-13;230185962.73
31552321000122;2026-03-13;49014881.31
31552352000183;2026-03-13;36493621.76
31552388000167;2026-03-13;7101220.10
31552411000113;2026-03-13;1197174770.51
31556604000142;2026-03-13;6972556.48
31569954000143;2026-03-06;117814879.62
31569966000178;2026-03-13;64876789.53
31569976000103;2026-03-13;483836826.95
31570019000105;2026-03-13;69438608.09
31570069000184;2026-03-13;43660958.96
31570107000107;2026-03-13;750719043.22
31584654000133;2026-03-13;36336406.85
31584712000129;2026-03-13;334600895.29
31594527000115;2026-03-13;22117149.33
31594537000150;2026-03-13;764722766.97
31594549000185;2026-03-13;1516910711.31
31594573000114;2026-03-13;0.00
31594586000193;2026-03-13;14816466.91
31594616000161;2026-03-13;451423187.75
31594631000100;2026-03-13;204893553.16
31594638000121;2026-03-13;62677235.22
31608422000178;2026-03-13;102376575.82
31608483000135;2026-03-13;117157651.03
31611298000108;2026-03-10;88603683.14
31611310000176;2026-03-13;5682780.17
31611317000198;2026-03-13;209585039.71
31611340000182;2026-03-13;627657706.69
31611378000155;2026-03-13;95401109.28
31611455000177;2026-03-13;134307154.61
31611503000127;2026-03-13;493273386.84
31611514000107;2026-03-13;30632800.71
31615254000148;2026-03-12;288649627.19
31615270000130;2026-03-12;251948343.58
31615327000100;2026-03-13;13066842.81
31635364000171;2026-03-13;235251874.31
31635788000136;2026-03-12;16028699.84
31636092000124;2026-03-12;24726327.70
31660303000164;2026-03-13;12864348.26
31660314000144;2026-03-13;22431882.18
31660364000121;2026-03-13;24560411.82
31660388000180;2026-03-13;4982672.85
31666614000130;2026-03-13;14214595.16
31666635000156;2026-03-13;426614663.21
31666646000136;2026-03-13;220717347.20
31666700000143;2026-03-13;220553543.97
31666755000153;2026-03-13;2531439403.14
31666885000196;2026-03-13;76162746.73
31666901000140;2026-03-13;16719611.42
31690473000191;2026-03-13;37544852.40
31690524000185;2026-03-13;30651453.08
31690661000110;2026-03-13;7781700.21
31690716000191;2026-03-13;269011508.21
31690733000129;2026-03-13;5784740.33
31713505000127;2026-03-13;1195362079.30
31713520000175;2026-03-11;49004254.69
31713585000110;2026-03-13;3205768.26
31713596000109;2026-03-13;389197573.69
31713958000153;2026-03-13;99970878.04
31819452000123;2026-03-13;1154745.51
31820618000121;2026-03-13;4838392.22
31820717000103;2026-03-13;56865648.17
31820729000138;2026-03-13;2558662.06
31820758000108;2026-03-13;5264768.03
31820901000153;2026-03-13;317274021.25
31820924000168;2026-03-13;318366417.26
31820936000192;2026-03-13;106788759.79
31844634000154;2026-03-13;54184174.04
31846390000149;2026-03-13;17032267.93
31846425000140;2026-03-13;78221903.77
31846641000195;2026-03-13;15839392.53
31846651000120;2026-03-13;131170981.36
31846670000157;2026-03-13;17046722.60
31846723000130;2026-03-13;131616792.78
31848144000126;2026-03-13;9891730.70
31848238000103;2026-03-13;1765569.56
31848248000130;2026-03-13;34704667.82
31873135000195;2026-03-13;275975910.12
31874833000105;2026-03-13;224695219.84
31875379000107;2026-03-13;9437332.55
31905106000168;2026-03-13;152464929.22
31908005000140;2026-03-13;36271026.24
31908013000197;2026-03-13;230423996.17
31908037000146;2026-03-13;18201380.21
31922843000179;2026-03-13;23049173.69
31923674000191;2026-03-13;58949891.24
31923761000149;2026-03-13;8280498.47
31923988000194;2026-03-10;24053338.35
31932658000165;2026-03-13;206417665.76
31932672000169;2026-03-13;270331728.61
31932715000106;2026-03-13;92706135.17
31933186000165;2026-03-13;191287037.02
31933918000117;2026-03-13;127030289.54
31933944000145;2026-03-13;17074862.52
31933947000189;2026-03-13;38392917.23
31934038000165;2026-03-13;223971388.92
31936732000111;2026-03-12;5884493.73
31936857000141;2026-03-13;44944820.78
31937303000169;2026-03-13;761344.91
31937476000187;2026-03-13;13229879.88
31943951000128;2026-03-11;18617692.28
31943995000158;2026-03-13;19514392.57
31943998000191;2026-03-12;210071484.83
31944006000140;2026-03-13;29396109.59
31944012000106;2026-03-13;8624190.18
31944019000110;2026-03-13;8692296.09
31951995000108;2026-03-13;25571464.14
31961612000174;2026-03-13;336572245.58
31961936000102;2026-03-13;9143300.28
31962100000122;2026-03-13;2581481128.25
31963220000144;2026-03-13;409368741.14
31963246000192;2026-03-13;2383804.42
31963249000126;2026-03-13;487126968.25
31963315000168;2026-03-13;366297148.10
31963337000128;2026-03-11;61658283.76
31963396000104;2026-03-13;5723303.95
31963459000114;2026-03-13;67007935.55
31963539000170;2026-03-13;99457723.05
31963604000167;2026-03-13;401183005.26
31963650000166;2026-03-13;822988985.90
31964019000181;2026-03-13;17346401.81
31964074000171;2026-03-13;8935266.12
31964159000150;2026-03-13;364403399.76
31964184000133;2026-03-13;15925898.02
31964202000187;2026-03-13;20704109.25
31964228000125;2026-03-13;25533651.94
31964408000107;2026-03-13;229942862.18
31964457000140;2026-03-13;57033931.97
31964487000156;2026-03-13;54257890.77
31964541000163;2026-03-13;66216804.26
31964900000182;2026-03-13;25501386.12
31964961000140;2026-03-13;405753523.66
31972790000109;2026-03-13;862091626.86
31975598000168;2026-03-13;463827648.77
31981829000146;2026-03-13;7357972.73
31981852000130;2026-03-13;6122103.58
32006888000166;2026-03-12;11749841.66
32040926000105;2026-03-13;23871480.74
32041557000167;2026-03-12;46315524.01
32041623000107;2026-03-13;38168106.96
32041670000142;2026-03-13;34287362.55
32041793000183;2026-03-12;99808762.19
32041875000128;2026-03-13;12963441.36
32042164000178;2026-03-13;208524244.51
32042243000189;2026-03-13;12121083.51
32044389000163;2026-03-13;147550829.37
32044741000160;2026-03-13;67526571.34
32044932000122;2026-03-13;76589523.81
32045039000111;2026-03-13;125084214.83
32045085000110;2026-03-13;112538595.93
32045116000133;2026-03-13;44558719.71
32045208000113;2026-03-13;106815849.90
32064571000186;2026-03-13;2451950226.80
32064707000158;2026-03-13;83479916.63
32064780000120;2026-03-13;55830986.20
32064950000176;2026-03-13;906683448.88
32065041000152;2026-03-13;469530104.93
32065814000109;2026-03-13;28629469.69
32068007000131;2026-03-13;169387934.94
32071783000190;2026-03-13;4276450793.87
32072964000131;2026-03-13;3825929.08
32073525000143;2026-03-13;1659313239.80
32074840000195;2026-03-13;2831430.00
32075119000110;2026-03-13;2113091310.80
32076219000160;2026-03-13;350617904.19
32086325000125;2026-03-13;2482361.86
32101886000156;2026-03-13;92580293.40
32102131000176;2026-03-13;277357481.81
32102192000133;2026-03-13;8470318.31
32102289000146;2026-03-13;89054513.52
32138351000150;2026-03-13;10560177.02
32138635000146;2026-03-12;130120890.74
32138809000170;2026-03-12;3640092.64
32138843000145;2026-03-13;278320567.82
32138958000130;2026-03-12;35444779.08
32139683000159;2026-03-12;53854272.99
32139747000111;2026-03-13;5995360.62
32139841000170;2026-03-13;40864840.95
32140660000164;2026-03-13;88966053.37
32150193000153;2026-03-13;8955312.02
32158371000192;2026-03-12;61569900.89
32158393000152;2026-03-13;28274449.72
32158403000150;2026-03-12;14365718.37
32158410000151;2026-03-13;126977549.28
32158430000122;2026-03-13;90388426.17
32158441000102;2026-03-13;528665.39
32158567000187;2026-03-12;51013021.82
32158579000101;2026-03-12;73499242.84
32158609000180;2026-03-12;24450928.04
32158806000107;2026-03-13;59871438.76
32158821000147;2026-03-13;36309189.69
32158830000138;2026-03-12;23578816.79
32159534000151;2026-03-13;1799377894.74
32159627000186;2026-03-12;5276420.51
32161574000138;2026-03-13;2855119628.71
32161775000135;2026-03-13;550534482.13
32161826000129;2026-03-13;389169962.24
32162706000146;2026-03-13;66875967.71
32162733000119;2026-03-13;39643183.56
32162746000198;2026-03-13;1097988037.46
32162764000170;2026-03-13;247097398.12
32162772000116;2026-03-13;851271835.47
32162788000129;2026-03-13;681019881.71
32163162000137;2026-03-13;67222391.94
32179530000135;2026-03-13;51946356.47
32179560000141;2026-03-13;59261487.43
32186114000164;2026-03-13;203752700.66
32186338000176;2026-03-13;24967443.11
32196648000171;2026-03-13;43608990.75
32203189000106;2026-03-13;1321210013.95
32203308000120;2026-03-13;143293977.62
32222722000187;2026-03-13;1850685255.81
32222759000105;2026-03-13;24002794.30
32222863000108;2026-03-13;4077133.42
32222875000124;2026-03-13;946523.95
32222977000140;2026-03-12;-7820260.46
32223797000182;2026-03-11;144203013.18
32223816000170;2026-03-13;124409692.69
32223840000100;2026-03-13;1164058.48
32225253000150;2026-03-13;214831828.75
32225478000106;2026-03-13;255984807.79
32225606000111;2026-03-13;496237898.60
32225663000109;2026-03-13;2118682625.81
32225776000104;2026-03-11;10066504.06
32225875000188;2026-03-13;1363177062.82
32225995000185;2026-03-13;68060949.90
32226091000174;2026-03-09;0.00
32227093000188;2026-03-12;334661647.79
32227355000104;2026-03-13;3365442.39
32228214000106;2026-03-12;13998537.55
32229782000121;2026-03-13;83697446.54
32238299000103;2026-03-12;36925807.45
32238591000126;2026-03-13;62276742.99
32239012000160;2026-03-11;2089123305.09
32239267000122;2026-03-13;71846308.31
32239328000151;2026-03-13;130952967.70
32239565000112;2026-03-12;16903287.93
32239786000190;2026-03-10;23758798.33
32239927000175;2026-03-13;3505017.47
32240069000189;2026-03-13;114214399.30
32240183000109;2026-03-12;32341007.74
32240211000198;2026-03-12;60967936.19
32240313000103;2026-03-13;11480094.72
32240314000158;2026-03-13;9267565.12
32240428000106;2026-03-12;19242509.89
32240439000188;2026-03-13;80664888.78
32240456000115;2026-03-13;13981485.69
32240508000153;2026-03-13;159960759.07
32240522000157;2026-03-12;5237708.84
32240613000192;2026-03-13;111000529.06
32240637000141;2026-03-13;128004981.36
32245493000116;2026-03-13;78108158.78
32245564000180;2026-03-13;233870499.97
32245930000100;2026-03-13;667978098.14
32245947000159;2026-03-13;241169.74
32245963000141;2026-03-13;2683524.25
32246546000113;2026-03-13;131847946.06
32246789000151;2026-03-13;14562449.38
32254387000107;2026-03-12;68208550.53
32265488000175;2026-03-13;986569122.35
32265496000111;2026-03-13;69319916.15
32265518000143;2026-03-13;79292045.90
32265527000134;2026-03-13;727735286.88
32265543000127;2026-03-13;39668757.18
32265550000129;2026-03-13;1366085705.69
32265568000120;2026-03-13;2696298.85
32265576000177;2026-03-13;56887692.27
32265598000137;2026-03-13;11387637.93
32273402000156;2026-03-12;29648307.27
32273477000137;2026-03-13;19927945.12
32273485000183;2026-03-12;77423485.98
32273489000161;2026-03-13;379910042.82
32273491000130;2026-03-12;1177133644.94
32273497000108;2026-03-13;4826786840.05
32273503000127;2026-03-12;309853070.12
32273507000105;2026-03-12;65489042.00
32273514000107;2026-03-12;2642037.16
32273523000106;2026-03-12;9263965.58
32273528000120;2026-03-12;26796428.11
32273536000177;2026-03-12;77235843.13
32273540000135;2026-03-12;10414612.05
32273549000146;2026-03-12;19533042.35
32273554000159;2026-03-12;57374680.07
32274211000109;2026-03-13;468653612.28
32274586000179;2026-03-13;177397397.14
32287520000113;2026-03-12;0.00
32287553000163;2026-03-12;2802696.10
32287561000100;2026-03-12;39714527.72
32287573000134;2026-03-13;178704795.39
32287581000180;2026-03-12;9364853.79
32287638000141;2026-03-12;9752386.18
32291850000182;2026-03-12;2446975.20
32291860000118;2026-03-13;9215885960.99
32291869000129;2026-03-13;7900677645.44
32291887000100;2026-03-13;169837100.74
32291899000135;2026-03-12;26659735.52
32291910000167;2026-03-12;270412685.60
32291923000136;2026-03-13;100930109.32
32291931000182;2026-03-12;85371324.59
32291936000105;2026-03-12;100246184.69
32291944000151;2026-03-12;2463211.73
32291950000109;2026-03-12;3698783.37
32291956000186;2026-03-12;2729887.03
32292487000110;2026-03-13;4703229.91
32292504000119;2026-03-13;41335629.02
32292528000178;2026-03-13;2690204480.31
32292537000169;2026-03-13;22457926.53
32292548000149;2026-03-13;3426746.13
32292555000140;2026-03-13;242586108.70
32295478000182;2026-03-13;44494806.06
32295505000117;2026-03-13;9396254.67
32295526000132;2026-03-13;18773915.53
32295709000158;2026-03-13;4763411.04
32295829000155;2026-03-13;6683093.78
32295931000150;2026-03-13;34304957.38
32295997000140;2026-03-13;4184077.76
32300293000119;2026-03-13;168225716.20
32300350000160;2026-03-13;89437402.54
32300880000108;2026-03-13;6583736.74
32302132000164;2026-03-13;62456509.73
32308852000137;2026-03-13;46104097.31
32312055000123;2026-03-12;160240547.98
32312064000114;2026-03-13;383388161.35
32312069000147;2026-03-13;72670597.83
32312071000116;2026-03-13;177819171.27
32312090000142;2026-03-12;28796287.71
32312094000120;2026-03-12;340919143.33
32312105000172;2026-03-13;41624951.45
32312111000120;2026-03-13;475672845.18
32312116000152;2026-03-13;58238821725.73
32312120000110;2026-03-13;68354394064.11
32312124000107;2026-03-13;51034532700.25
32312343000188;2026-03-13;556226222.94
32312426000177;2026-03-13;31359087.24
32312678000104;2026-03-13;9837034450.32
32318881000180;2026-03-13;53564307.15
32318912000100;2026-03-13;56916260.47
32318938000140;2026-03-11;7998265191.07
32318967000102;2026-03-13;369786817.91
32319047000109;2026-03-13;110931190.30
32319187000187;2026-03-13;9739397.25
32319225000100;2026-03-13;3241993538.79
32319351000156;2026-03-13;293502708.24
32319373000116;2026-03-13;1993010619.54
32319500000187;2026-03-13;175811615.99
32319525000180;2026-03-13;4786620865.54
32319558000120;2026-03-13;13054823.19
32319587000192;2026-03-13;54416090.23
32319627000104;2026-03-13;1265737484.67
32319658000157;2026-03-11;830955498.48
32319674000140;2026-03-13;8613838.55
32319702000129;2026-03-12;31656200.58
32319996000199;2026-03-13;224772417.43
32320002000154;2026-03-13;232634601.39
32320008000121;2026-03-13;0.00
32320159000180;2026-03-13;53155884.16
32320600000123;2026-03-13;3266677.59
32320609000134;2026-03-13;66007038.74
32320637000151;2026-03-13;608641172.56
32320639000140;2026-03-13;8819218.90
32320644000153;2026-03-13;113014979.85
32320651000155;2026-03-13;3365000.08
32320730000166;2026-03-13;888862018.39
32320734000144;2026-03-13;12459972.06
32320740000100;2026-03-13;11565334.63
32346274000123;2026-03-13;87861348.26
32346613000171;2026-03-13;8540174.74
32346713000106;2026-03-13;3926012.94
32355595000194;2026-03-12;22473156.81
32355677000139;2026-03-13;22984326.62
32355797000136;2026-03-13;104822080.86
32356892000154;2026-03-12;137718478.57
32357798000110;2026-03-13;117763613.09
32385140000111;2026-03-13;220299206.49
32385211000186;2026-03-13;13079065.80
32385294000103;2026-03-13;58418145.66
32385410000194;2026-03-13;488185593.05
32386241000107;2026-03-13;127160065.65
32386581000138;2026-03-13;58512580.20
32386727000145;2026-03-13;59016593.11
32387924000189;2026-03-13;28790742002.51
32387966000110;2026-03-13;50001850.63
32387983000157;2026-03-13;31865114.48
32388002000196;2026-03-12;110729848.03
32388007000119;2026-03-13;695874492.18
32388012000121;2026-03-13;6934358868.53
32388028000134;2026-03-13;1131425602.40
32388030000103;2026-03-13;1851353389.56
32388048000105;2026-03-13;946195977.06
32388052000173;2026-03-13;80924662.87
32388055000107;2026-03-13;5481336791.13
32388058000140;2026-03-13;625334155.62
32388077000177;2026-03-13;34218390341.20
32395333000153;2026-03-13;294386150.85
32395426000188;2026-03-13;118566493.56
32395813000114;2026-03-13;4506472.12
32396191000149;2026-03-13;106987128.90
32396717000190;2026-03-13;54316180.55
32396801000104;2026-03-13;19790010.16
32396909000105;2026-03-13;9852653.71
32397476000102;2026-03-13;37444602.28
32397641000118;2026-03-13;20315188.42
32397723000162;2026-03-13;434585688.65
32398344000197;2026-03-13;30412152.37
32398393000120;2026-03-13;478182125.26
32398423000106;2026-03-13;1310580228.35
32398441000180;2026-03-13;2568446.92
32398677000116;2026-03-13;11812019.33
32398779000131;2026-03-13;876444527.98
32398865000144;2026-03-13;27500220.74
32398942000166;2026-03-13;194721994.07
32471535000137;2026-03-12;71008905.37
32471596000102;2026-03-12;694139265.84
32471624000183;2026-03-13;7746572.89
32471636000108;2026-03-12;427003988.85
32471662000136;2026-03-13;63786297.52
32485528000194;2026-03-13;4590478.49
32485541000143;2026-03-12;105736459.36
32485552000123;2026-03-12;259103136.08
32485590000186;2026-03-13;44979414.12
32485595000109;2026-03-12;50130808.81
32485602000172;2026-03-13;7741136.72
32485610000119;2026-03-13;10181641.40
32510391000180;2026-03-13;604136942.51
32511167000103;2026-03-13;31896926.81
32512093000120;2026-03-13;46941121.61
32512186000154;2026-03-13;10908113.54
32525789000190;2026-03-13;21539096.92
32528116000194;2026-03-13;151425238.15
32528538000160;2026-03-13;32831214.71
32528601000168;2026-03-12;531975106.58
32652242000156;2026-03-13;29020043.98
32655641000170;2026-03-13;2938290.23
32655682000167;2026-03-12;206377545.39
32665773000183;2026-03-13;86648601.76
32665845000192;2026-03-13;42473692.65
32665857000117;2026-03-13;33991231.16
32665872000165;2026-03-13;278570271.13
32666282000157;2026-03-13;29203277.06
32666303000134;2026-03-13;79802570.43
32666326000149;2026-03-13;174645661.56
32666342000131;2026-03-13;63320057.26
32666390000120;2026-03-13;96597198.70
32666434000111;2026-03-13;438744121.59
32666469000150;2026-03-13;12064785.88
32668721000160;2026-03-13;7079557.46
32668888000121;2026-03-13;54995431.67
32669049000128;2026-03-13;36935564.10
32669585000123;2026-03-13;58624645.38
32669614000157;2026-03-13;47662366.71
32669660000156;2026-03-13;11346200.72
32669703000101;2026-03-13;2758071.13
32670632000159;2026-03-12;26875533.19
32670734000174;2026-03-13;6769871.39
32671973000149;2026-03-13;41463574.81
32672266000177;2026-03-12;17625147.47
32672318000105;2026-03-13;185909977.61
32683780000108;2026-03-13;3449453.01
32683817000106;2026-03-13;3498205.67
32683852000117;2026-03-11;14005499.48
32683896000147;2026-03-13;7543750.96
32683901000111;2026-03-13;7536746.11
32683904000155;2026-03-13;45715114.15
32704998000100;2026-03-11;31788666.55
32708116000176;2026-03-13;56380874.05
32708144000193;2026-03-13;40336000.35
32708165000109;2026-03-13;16883286.26
32708181000100;2026-03-12;36881949.14
32708215000158;2026-03-13;81000543.42
32708233000130;2026-03-13;15123683.49
32709939000116;2026-03-13;79819875.20
32710503000147;2026-03-13;10164343.14
32711748000199;2026-03-13;15357045.21
32711808000173;2026-03-12;14164295.86
32711923000148;2026-03-12;20047402.55
32711990000162;2026-03-12;73926594.30
32712006000188;2026-03-13;38322377.39
32738755000184;2026-03-13;266361101.27
32739825000119;2026-03-13;13420069.80
32739928000189;2026-03-13;24898052.93
32740523000160;2026-03-13;45509125.87
32741500000170;2026-03-13;144029252.96
32741788000183;2026-03-13;171187395.10
32741932000181;2026-03-13;414804307.52
32742147000143;2026-03-13;1529329.99
32742225000100;2026-03-13;377093931.71
32742425000162;2026-03-13;9516524.03
32742535000124;2026-03-13;99311634.01
32742599000125;2026-03-13;563215242.06
32742636000103;2026-03-13;209856969.99
32742673000103;2026-03-13;59734141.77
32742742000189;2026-03-13;35747552.68
32742747000101;2026-03-13;2015668.28
32742822000134;2026-03-12;37631850.06
32742869000106;2026-03-13;96968348.81
32742977000170;2026-03-13;25521306.83
32743215000199;2026-03-13;102149195.47
32743313000126;2026-03-13;239142475.07
32743384000129;2026-03-12;3679358.33
32743582000192;2026-03-13;68886146.45
32744771000180;2026-03-12;255040141.47
32745001000151;2026-03-13;384985947.37
32745056000161;2026-03-12;45823184.78
32745426000160;2026-03-13;30769650.66
32745504000127;2026-03-12;96485487.81
32753864000170;2026-03-12;72985838.97
32754867000129;2026-03-11;31051606.08
32754920000191;2026-03-13;23383145.19
32754982000101;2026-03-13;169331718.03
32755077000168;2026-03-06;60409461.87
32756019000159;2026-03-13;13093487.87
32756812000158;2026-03-13;209772775.57
32757330000112;2026-03-13;150025680.23
32757743000105;2026-03-13;52271968.03
32760006000153;2026-03-11;0.00
32760042000117;2026-03-12;626193103.43
32760072000123;2026-03-12;626253901.28
32760099000116;2026-03-13;39810354.03
32760103000146;2026-03-13;149682546.78
32760138000185;2026-03-12;6337402.35
32760223000143;2026-03-13;25445605.37
32761323000194;2026-03-13;10785049.74
32770526000147;2026-03-13;519876900.84
32771072000129;2026-03-13;447307514.02
32771148000116;2026-03-13;9908986.71
32771215000100;2026-03-13;47287090.85
32772397000126;2026-03-13;17983786.83
32773105000170;2026-03-13;191759860.26
32773560000175;2026-03-13;12194031.46
32773622000149;2026-03-13;41645379.97
32773685000103;2026-03-13;35197788.96
32773697000120;2026-03-13;42729326.65
32773911000148;2026-03-13;64972557.79
32774576000100;2026-03-13;504051634.51
32782940000176;2026-03-09;38403208.19
32784859000125;2026-03-13;14437751.81
32785900000188;2026-03-13;156520808.98
32786258000151;2026-03-13;166001154.01
32811286000181;2026-03-13;112669819.27
32811306000114;2026-03-13;11638285.99
32811397000198;2026-03-13;332103954.73
32811422000133;2026-03-13;91305489.73
32811956000160;2026-03-12;26513916.44
32812110000144;2026-03-12;21936964.54
32812233000185;2026-03-12;62771162.99
32812263000191;2026-03-12;68153017.55
32812291000109;2026-03-13;543126952.09
32812338000134;2026-03-13;74911378.85
32812459000186;2026-03-13;71418868.82
32817365000108;2026-03-13;15081510.02
32833996000102;2026-03-12;2821459.34
32834102000107;2026-03-12;8189878.12
32834521000130;2026-03-13;17245896.69
32834664000142;2026-03-13;215550557.30
32835495000165;2026-03-13;8718664.88
32835611000146;2026-03-13;110708665.28
32841087000116;2026-03-13;61823166.23
32841189000131;2026-03-13;130131819.21
32846811000102;2026-03-13;604384335.13
32846911000120;2026-03-13;83937015.16
32846986000101;2026-03-13;124719410.66
32847001000162;2026-03-12;5843732055.57
32847123000159;2026-03-13;41495143.06
32847791000186;2026-03-13;37096015.42
32849296000106;2026-03-13;56253790.88
32849785000168;2026-03-11;556492197.48
32861970000178;2026-03-12;24009121.85
32862087000100;2026-03-12;4386942456.96
32862118000115;2026-03-12;191315361.04
32862167000158;2026-03-12;29972187.83
32862204000128;2026-03-13;5002778.09
32862354000131;2026-03-13;13305357.78
32864267000113;2026-03-13;993445421.59
32864403000175;2026-03-13;112589915.12
32880720000185;2026-03-13;1970318652.94
32889108000173;2026-03-13;26784968.60
32889197000158;2026-03-13;146962668.18
32889247000105;2026-03-13;15673599.10
32890800000111;2026-03-13;52648181.82
32890801000166;2026-03-11;39027336.39
32891138000114;2026-03-13;1717757.49
32891432000126;2026-03-13;41789012.98
32891820000107;2026-03-13;5008388.47
32891951000194;2026-03-13;216299626.64
32892264000193;2026-03-13;338354915.66
32892326000167;2026-03-12;22067527854.93
32892517000129;2026-03-13;49658147.00
32892561000139;2026-03-13;65281423.96
32892588000121;2026-03-13;25713098.33
32892615000166;2026-03-13;304290767.01
32892819000105;2026-03-13;39401610.84
32892827000143;2026-03-13;703427268.49
32892954000142;2026-03-13;139290071.05
32893181000119;2026-03-13;87305361.26
32893267000141;2026-03-13;30017355.55
32893376000169;2026-03-13;79157733.67
32893482000142;2026-03-13;26260332.16
32893503000120;2026-03-12;1888713365.08
32893581000124;2026-03-13;532435907.06
32893639000130;2026-03-13;2669971.70
32903873000109;2026-03-13;11207559153.85
32905253000109;2026-03-13;11347874826.01
32905367000140;2026-03-12;36927305.58
32905400000132;2026-03-12;36512701.22
32905444000162;2026-03-13;253524481.13
32905802000137;2026-03-13;66526702.22
32906045000116;2026-03-13;220021049.60
32906784000108;2026-03-12;42002441.03
32906857000161;2026-03-13;58000998.52
32907013000135;2026-03-13;27173122.99
32907049000119;2026-03-13;21361154.39
32907084000138;2026-03-11;153674515.76
32921740000157;2026-03-13;17713311.23
32921798000109;2026-03-13;70042119.36
32921808000106;2026-03-13;271328363.97
32921848000140;2026-03-13;17762043.45
32922086000104;2026-03-13;65410131.48
32922174000106;2026-03-13;39803186.80
32971916000185;2026-03-13;3412653.22
32971942000103;2026-03-13;157043718.27
32972925000190;2026-03-13;9231432206.22
32972942000128;2026-03-13;2138490788.66
32972962000107;2026-03-13;11132073.22
32972983000114;2026-03-13;2510413302.08
32973123000103;2026-03-13;8792736208.21
32973263000173;2026-03-13;335413217.92
32973280000100;2026-03-13;8835550.67
32973294000124;2026-03-13;48340110.34
32990051000102;2026-03-13;128530203.25
32990098000168;2026-03-13;222401955.26
32990311000131;2026-03-13;170924123.20
32990386000112;2026-03-13;291281994.82
32990465000123;2026-03-13;32151042.13
32999121000185;2026-03-13;54233342.23
32999355000122;2026-03-12;165850860.43
32999370000170;2026-03-12;127790953.30
32999390000141;2026-03-12;75171311.55
32999403000182;2026-03-13;5841431.00
32999416000151;2026-03-12;90017387.12
32999437000177;2026-03-13;16534246.44
32999490000178;2026-03-13;653994921.75
32999505000106;2026-03-13;31685019.25
33019398000167;2026-03-13;12070978.86
33019532000120;2026-03-13;254359685.52
33019558000178;2026-03-13;615229253.55
33033078000161;2026-03-13;243400870.28
33033100000173;2026-03-13;44092368.20
33033134000168;2026-03-13;10076653297.97
33033191000147;2026-03-12;94887966.02
33055124000123;2026-03-12;73414791.31
33055657000105;2026-03-12;154116891.51
33144156000103;2026-03-13;47027907.89
33144687000198;2026-03-13;226309784.79
33145106000132;2026-03-13;1495018.00
33145932000181;2026-03-13;24860430.42
33146075000134;2026-03-12;105441778.33
33146130000196;2026-03-13;97670849.55
33146345000107;2026-03-13;0.00
33146417000116;2026-03-13;13748875.59
33146540000137;2026-03-13;117742708.28
33146649000174;2026-03-13;13274629.40
33148548000132;2026-03-13;10827405.80
33148663000107;2026-03-13;20660892.02
33148773000179;2026-03-13;81913545.88
33149272000107;2026-03-13;313815613.67
33149415000180;2026-03-13;24945074.81
33149533000199;2026-03-13;0.00
33149830000134;2026-03-13;86852154.54
33150090000156;2026-03-13;10959567.52
33150308000172;2026-03-12;8352200.39
33150361000173;2026-03-13;140055509.39
33150386000177;2026-03-13;6324639.82
33150463000199;2026-03-13;21560912.85
33150563000115;2026-03-13;144802073.42
33150614000109;2026-03-12;373343518.20
33150895000108;2026-03-13;32995453.14
33158068000152;2026-03-13;11202102.05
33160049000160;2026-03-13;6841241.52
33162799000171;2026-03-13;38723663.12
33165157000126;2026-03-12;1515259681.50
33165244000183;2026-03-13;143500100.56
33193185000157;2026-03-13;514927303.84
33205974000160;2026-03-13;11993071.47
33212222000127;2026-03-13;353381426.29
33212334000188;2026-03-13;309457171.71
33212391000167;2026-03-13;126637534.43
33212483000147;2026-03-11;454455729.97
33254907000136;2026-03-12;117888319.95
33254999000154;2026-03-13;97400689.12
33255042000122;2026-03-12;3777724841.84
33269171000170;2026-03-13;216533509.86
33269204000181;2026-03-12;12932554.73
33269222000163;2026-03-13;76614963.15
33269310000165;2026-03-13;161543315.59
33269355000130;2026-03-13;12027537.94
33269833000101;2026-03-13;32432034.24
33270025000164;2026-03-13;7644550.65
33270063000117;2026-03-13;480514726.87
33285429000121;2026-03-13;23829994.19
33289450000103;2026-03-12;30286973.66
33289660000193;2026-03-12;5271538.90
33289698000166;2026-03-12;4245632.30
33289753000118;2026-03-13;26241290.29
33304574000102;2026-03-12;17943608.52
33304918000183;2026-03-13;9488432.15
33325548000160;2026-03-13;166167241.10
33325595000104;2026-03-13;40108560.20
33341984000123;2026-03-12;4211434.53
33342018000120;2026-03-13;64728508.28
33342220000152;2026-03-13;13994606.14
33342285000106;2026-03-13;8478866.46
33342434000129;2026-03-12;13658398.85
33343841000150;2026-03-13;17830896.19
33344452000140;2026-03-13;56780418.57
33345387000177;2026-03-13;2890281212.57
33345516000127;2026-03-13;33403067.51
33345956000184;2026-03-13;10832365.23
33346346000103;2026-03-13;152190659.48
33346551000160;2026-03-13;31599728.12
33347168000127;2026-03-13;18829722.45
33361511000198;2026-03-13;440800183.81
33361657000133;2026-03-13;24440339.16
33361798000156;2026-03-13;7867370.54
33361831000148;2026-03-13;22993178.52
33361873000189;2026-03-13;68502283.06
33361923000128;2026-03-13;46153480.62
33362028000128;2026-03-13;504514668.83
33376528000119;2026-03-12;29167368.81
33377702000148;2026-03-13;3249142.73
33378005000101;2026-03-13;2496780.22
33378232000137;2026-03-13;3272153.56
33378392000186;2026-03-13;15556599.52
33380680000175;2026-03-13;18435762.32
33388211000100;2026-03-13;55322771.71
33388816000193;2026-03-11;13500325.16
33400471000146;2026-03-13;1408400971.29
33400496000140;2026-03-13;16946678.80
33401080000146;2026-03-13;114371470.32
33401130000195;2026-03-13;262106698.53
33420271000155;2026-03-13;34689135.05
33420692000186;2026-03-13;25161916.10
33422090000168;2026-03-13;44891381.13
33422113000134;2026-03-13;44865026.95
33422152000131;2026-03-13;7705424.10
33422174000100;2026-03-13;187912918.63
33422226000130;2026-03-13;120478188.18
33422263000148;2026-03-13;12320293.00
33429343000125;2026-03-13;318835923.43
33435609000142;2026-03-13;10774856.41
33435643000117;2026-03-12;12184959.10
33435682000114;2026-03-13;13698787.04
33435693000102;2026-03-13;315740157.40
33435772000105;2026-03-13;25258673.87
33448360000100;2026-03-12;15871216.03
33489974000130;2026-03-13;1333874.96
33490022000136;2026-03-13;49532106.38
33490054000131;2026-03-13;38896587.12
33497084000170;2026-03-13;153205228.06
33497925000149;2026-03-13;12406849.52
33498865000189;2026-03-12;7132376.10
33498945000134;2026-03-12;37565521.96
33499011000117;2026-03-13;57884433.49
33499043000112;2026-03-13;41809783.07
33499222000150;2026-03-13;13792408.77
33499618000105;2026-03-13;13220031.55
33499634000190;2026-03-13;482665842.69
33499689000108;2026-03-12;57094463.45
33520840000134;2026-03-13;31354758.24
33520857000191;2026-03-12;2632623.48
33520884000164;2026-03-13;403780283.84
33520901000163;2026-03-13;1643694126.63
33520932000114;2026-03-12;6214938.68
33520944000149;2026-03-12;4118878.51
33520953000130;2026-03-12;4062596.94
33520968000106;2026-03-13;1447325493.01
33520988000179;2026-03-13;177840993.18
33520997000160;2026-03-13;5629490.57
33521794000198;2026-03-13;34719696.69
33521813000186;2026-03-12;20333525.76
33571005000123;2026-03-13;239251531.13
33571030000107;2026-03-13;393212550.07
33571069000124;2026-03-13;135042664.66
33588370000140;2026-03-13;3458136.96
33588524000102;2026-03-13;2896584.37
33588607000193;2026-03-13;372477628.31
33588784000170;2026-03-12;564329272.23
33588888000184;2026-03-12;4866822.46
33589389000101;2026-03-13;121638599.52
33589828000186;2026-03-13;77578267.41
33599482000105;2026-03-13;93142313.96
33599991000120;2026-03-13;401954397.88
33600624000107;2026-03-12;4816895.27
33600729000158;2026-03-13;509441449.33
33600794000183;2026-03-13;23415243.37
33600869000126;2026-03-13;97749504.71
33600915000197;2026-03-13;76960054.51
33611046000104;2026-03-13;36188196.87
33617774000115;2026-03-13;13050212.38
33617885000121;2026-03-13;54703782.97
33624201000119;2026-03-11;14635487.40
33624828000170;2026-03-13;82649187.61
33624948000177;2026-03-11;24178962.13
33625603000138;2026-03-12;121454968.24
33625723000135;2026-03-12;54142116.34
33625789000125;2026-03-12;32110276.86
33632411000159;2026-03-12;53192727.59
33667768000172;2026-03-13;2113745.56
33667772000130;2026-03-12;40973280.57
33688868000185;2026-03-13;40052147.66
33688910000168;2026-03-13;10152155.69
33689069000123;2026-03-13;23051031.19
33701422000143;2026-03-13;1200638.07
33701474000110;2026-03-13;19283071.92
33701534000102;2026-03-12;25309825.11
33701805000111;2026-03-12;184463029.22
33701820000160;2026-03-13;538892234.42
33701828000126;2026-03-13;1062750865.09
33736767000132;2026-03-13;96831669.90
33736782000180;2026-03-13;175876025.60
33736845000107;2026-03-13;3510230.29
33736873000116;2026-03-13;175883301.13
33755581000120;2026-03-03;0.00
33755672000166;2026-03-13;17906401.30
33755685000135;2026-03-13;4387634.53
33755708000101;2026-03-13;27450625.33
33755721000160;2026-03-13;91678675.10
33755733000195;2026-03-09;177864689.95
33768898000100;2026-03-13;1454157.13
33768907000154;2026-03-13;1433433.19
33768937000160;2026-03-12;26555120.62
33768941000129;2026-03-12;79961068.00
33768955000142;2026-03-12;148667393.44
33769046000129;2026-03-11;20662531.30
33769079000179;2026-03-13;2354491.42
33769090000139;2026-03-13;194046038.20
33769125000130;2026-03-12;20907851.72
33769135000175;2026-03-12;19396628.86
33769161000101;2026-03-13;37503924.79
33770627000180;2026-03-12;29787961.68
33784156000160;2026-03-13;136240962.61
33784170000163;2026-03-13;635763111.25
33784183000132;2026-03-13;35311505.21
33784231000192;2026-03-12;5081880648.14
33784263000198;2026-03-16;8604390145.65
33786226000119;2026-03-12;54825044.51
33795343000149;2026-03-13;66928923.78
33795466000180;2026-03-13;7885203.38
33796050000186;2026-03-13;465546225.17
33796084000170;2026-03-13;5124173.93
33796173000117;2026-03-13;29439152.40
33796273000143;2026-03-12;43731784.27
33796334000172;2026-03-13;91135938.73
33824062000177;2026-03-13;38462949.39
33824227000100;2026-03-13;199957500.58
33824260000130;2026-03-13;1675777.61
33824409000181;2026-03-13;30892522.16
33824468000150;2026-03-13;201400356.92
33824486000131;2026-03-13;24855717.72
33824511000187;2026-03-13;24899888.36
33824527000190;2026-03-13;328095249.03
33824549000150;2026-03-13;1491028124.51
33824820000157;2026-03-13;1061904.07
33824833000126;2026-03-13;117782457.46
33824854000141;2026-03-13;9035086.17
33824886000147;2026-03-13;4856350.03
33824906000180;2026-03-13;1830405437.59
33824925000106;2026-03-13;122488339.54
33824951000134;2026-03-13;11250853.24
33825012000104;2026-03-13;23129473.59
33827133000195;2026-03-13;32716806.02
33827655000197;2026-03-13;23864372.56
33840279000170;2026-03-13;318262003.77
33840326000186;2026-03-13;18992312.48
33840487000170;2026-03-13;5809173.45
33842492000111;2026-03-13;5768174989.19
33842540000171;2026-03-13;38031905.33
33842559000118;2026-03-13;65529555.22
33842579000199;2026-03-13;8203711.88
33842681000194;2026-03-13;7691217.50
33843005000135;2026-03-13;9673856.80
33843037000130;2026-03-13;166245281.18
33843057000101;2026-03-13;645457880.59
33843077000182;2026-03-13;26466598.30
33843108000103;2026-03-13;170556115.08
33843124000198;2026-03-13;3794816.86
33843168000118;2026-03-13;10855955.30
33843200000165;2026-03-13;41855339.03
33843220000136;2026-03-13;43902679.43
33843305000114;2026-03-13;13392567.63
33843317000149;2026-03-13;324470407.69
33843345000166;2026-03-13;856221492.79
33843360000104;2026-03-13;156833588.31
33843375000172;2026-03-13;2608549142.55
33843404000104;2026-03-13;86483201.82
33843428000155;2026-03-13;903792342.43
33863652000109;2026-03-13;6312300.63
33884185000101;2026-03-13;82414409.64
33897824000165;2026-03-13;1982808.25
33897997000183;2026-03-13;170885596.76
33898268000141;2026-03-13;2839160728.13
33898293000125;2026-03-13;543632676.15
33913516000186;2026-03-13;44470523.98
33913562000185;2026-03-13;452806650.90
33913568000152;2026-03-13;1023232.79
33913576000107;2026-03-13;310405697.43
33913584000145;2026-03-13;7371922.11
33913618000100;2026-03-13;21245196.90
33913620000170;2026-03-13;35654649.00
33913629000181;2026-03-13;26570354.94
33913638000172;2026-03-13;11177396.06
33913650000187;2026-03-13;1103082081.01
33913659000198;2026-03-13;72024812.69
33913663000156;2026-03-13;152419629.53
33913669000123;2026-03-13;114751606.58
33925125000181;2026-03-13;16515364.63
33925149000130;2026-03-13;115865780.18
33925162000190;2026-03-13;417619320.08
33925183000105;2026-03-13;37123220.36
33925189000182;2026-03-13;93073733.96
33925202000101;2026-03-13;965479.44
33952885000188;2026-03-13;5630080.52
33952911000178;2026-03-13;16839096.31
33952939000105;2026-03-13;43443037.98
33953056000110;2026-03-13;241910253.33
33953262000120;2026-03-13;33696604.00
33953284000190;2026-03-13;76822574.53
33953309000155;2026-03-13;112536147.31
33953325000148;2026-03-13;29869268.48
33953409000181;2026-03-13;48551099.61
33953485000197;2026-03-13;216981536.74
34012262000198;2026-03-13;15571364.14
34027731000142;2026-03-13;-376861.30
34028054000187;2026-03-13;74778227.34
34028082000102;2026-03-13;123854660.26
34028093000184;2026-03-12;462151917.56
34041503000127;2026-03-13;21600382.21
34048364000163;2026-03-12;6395150.77
34054867000141;2026-03-13;11514024.95
34054870000165;2026-03-13;65983864.69
34054872000154;2026-03-13;134028262.71
34054876000132;2026-03-12;1685301.94
34054886000178;2026-03-12;86341996.28
34054888000167;2026-03-12;150489742.40
34054923000148;2026-03-13;1660003880.44
34054934000128;2026-03-13;481235299.55
34080987000113;2026-03-13;186619244.48
34081002000174;2026-03-12;1598557.91
34081012000100;2026-03-12;16601237.17
34081022000145;2026-03-12;322148209.27
34081031000136;2026-03-12;2927309.51
34081041000171;2026-03-13;6297624044.48
34081049000138;2026-03-13;672213698.58
34081080000179;2026-03-13;19546672.95
34081155000111;2026-03-13;17247309.85
34081162000113;2026-03-13;14352035.93
34081172000159;2026-03-13;34552382.90
34081202000127;2026-03-12;932002896.02
34081211000118;2026-03-12;2417082314.37
34081223000142;2026-03-13;108402564.54
34081230000144;2026-03-13;4052246.83
34081238000100;2026-03-12;35859976.78
34081246000157;2026-03-13;2408903.62
34081274000174;2026-03-13;1721783.92
34081286000107;2026-03-13;71527493.25
34081311000144;2026-03-13;2884002.10
34081444000110;2026-03-13;447992396.76
34081456000145;2026-03-13;136605057.58
34081462000100;2026-03-13;13659050.60
34081583000144;2026-03-12;18939978.16
34081651000175;2026-03-12;779306105.21
34081680000137;2026-03-12;483473704.01
34096089000153;2026-03-13;394760173.53
34096098000144;2026-03-12;29300295.71
34096113000154;2026-03-13;26583000.10
34096196000181;2026-03-13;20925508.60
34096201000156;2026-03-13;11274062.28
34096211000191;2026-03-13;8513213.62
34096221000127;2026-03-13;28608753.13
34096235000140;2026-03-13;276138519.64
34108933000119;2026-03-13;474262579.94
34108986000130;2026-03-13;233052688.65
34109625000108;2026-03-13;11383080.03
34109636000198;2026-03-13;1513936.18
34109650000191;2026-03-12;3881272.44
34109663000160;2026-03-13;43402058.01
34109668000193;2026-03-13;39219597.86
34109677000184;2026-03-13;7927880.06
34109690000133;2026-03-13;24750165.54
34109704000119;2026-03-13;36814778.81
34109711000110;2026-03-13;43902057.39
34109730000147;2026-03-13;52603557.12
34109746000150;2026-03-12;16042095.66
34109756000195;2026-03-12;272693530.44
34109764000131;2026-03-12;1650366.36
34109771000133;2026-03-12;14352597.46
34109794000148;2026-03-13;7279905.19
34109803000109;2026-03-13;18963214.14
34109809000178;2026-03-13;3835956318.49
34109825000160;2026-03-13;1312776101.19
34109837000195;2026-03-12;106970728.60
34109838000130;2026-03-12;5890118.48
34109840000109;2026-03-12;67880124.86
34109912000118;2026-03-12;25018050.52
34109921000109;2026-03-12;4152621.99
34109940000135;2026-03-13;1133730547.73
34109945000168;2026-03-12;32830969.72
34109948000100;2026-03-12;8226092.54
34109961000150;2026-03-12;6671703.38
34123524000191;2026-03-12;783939.47
34123529000114;2026-03-13;7150989.08
34123534000127;2026-03-13;50717843.10
34123537000160;2026-03-13;44472388.73
34123543000118;2026-03-13;7201731.45
34123546000151;2026-03-13;14782704.99
34123555000142;2026-03-13;26851594.72
34123557000131;2026-03-13;46554580.53
34123564000133;2026-03-13;19975252.67
34123568000111;2026-03-12;155021530.53
34123575000113;2026-03-13;55499787.77
34123581000170;2026-03-12;92286181.29
34123584000104;2026-03-12;46208794.99
34123589000137;2026-03-13;177185491.64
34123593000103;2026-03-13;11888413.83
34123602000158;2026-03-12;782491847.18
34123613000138;2026-03-13;2525712749.81
34143732000152;2026-03-13;32165971.94
34143748000165;2026-03-13;30714950.10
34143760000170;2026-03-13;35502479.06
34143783000184;2026-03-13;32583970.23
34143832000189;2026-03-13;32513714.73
34143871000186;2026-03-13;37091275.63
34143959000106;2026-03-13;98526707.14
34143987000115;2026-03-13;23788509.51
34172417000153;2026-03-13;99211079.19
34172458000140;2026-03-13;28734639.64
34172479000165;2026-03-12;244420577.84
34172497000147;2026-03-13;1019496250.72
34172515000190;2026-03-13;5193693.18
34172617000106;2026-03-13;276219564.34
34172637000187;2026-03-13;3533498943.90
34172683000186;2026-03-13;52415792.85
34172705000108;2026-03-13;71983707.25
34185781000158;2026-03-13;30235591.61
34186116000189;2026-03-13;32064452.89
34186156000120;2026-03-13;33836343.43
34186291000176;2026-03-13;55421851.07
34186614000121;2026-03-13;2826618.38
34186631000169;2026-03-13;81558964.02
34187026000102;2026-03-11;30385526.15
34187244000147;2026-03-13;848366221.27
34187279000186;2026-03-13;50025127.07
34200554000154;2026-03-12;55959272.74
34200585000105;2026-03-13;117012729.49
34200640000167;2026-03-13;17040389.71
34218331000114;2026-03-13;135381036.15
34218355000173;2026-03-12;52494317.85
34218574000152;2026-03-13;146491843.05
34218592000134;2026-03-11;52272586.88
34218601000197;2026-03-13;28575190.58
34218639000160;2026-03-13;15669948.03
34218678000167;2026-03-13;215960321.61
34218692000160;2026-03-13;93955775.81
34218723000183;2026-03-13;99218409.91
34218752000145;2026-03-13;8233992.00
34218763000125;2026-03-13;44419476.65
34218789000173;2026-03-04;6665897.96
34231810000170;2026-03-13;50346524.51
34231820000106;2026-03-13;32431607.95
34231958000105;2026-03-13;14870912.39
34231962000173;2026-03-13;16068729.33
34231973000153;2026-03-13;82499667.93
34231995000113;2026-03-13;311021391.21
34232072000186;2026-03-13;40667112.59
34232089000133;2026-03-13;435023727.45
34232118000167;2026-03-13;179492295.97
34232127000158;2026-03-13;2010139764.33
34246343000152;2026-03-13;50274905.04
34246353000198;2026-03-13;1494870076.56
34246364000178;2026-03-13;7814057.02
34246372000114;2026-03-13;19405193.50
34246376000100;2026-03-13;95756797.75
34246380000160;2026-03-13;1710029380.37
34246384000149;2026-03-13;34393743.45
34246392000195;2026-03-13;1801062170.07
34246398000162;2026-03-13;31521236.71
34246402000192;2026-03-13;3084921.74
34246418000103;2026-03-13;40456260.29
34246432000107;2026-03-13;3706979.98
34246448000101;2026-03-13;4964925405.10
34246474000130;2026-03-13;8642839.29
34246519000176;2026-03-13;14174272110.88
34246525000123;2026-03-13;93172335.99
34246534000114;2026-03-13;542616270.46
34246543000105;2026-03-13;6034359.80
34258120000105;2026-03-13;62734235.07
34258142000175;2026-03-13;54727389.20
34258198000120;2026-03-13;6196169.81
34258264000161;2026-03-13;3387189.99
34258329000179;2026-03-13;2997105.04
34258351000119;2026-03-13;496780985.69
34258680000160;2026-03-13;52362266.15
34258697000117;2026-03-13;887847964.56
34258729000184;2026-03-13;87746733.77
34258751000124;2026-03-13;119173807.86
34258782000185;2026-03-13;409144524.89
34270943000156;2026-03-13;111657106.51
34270949000123;2026-03-13;70246581.51
34270957000170;2026-03-13;15612342.85
34270985000197;2026-03-13;322986028.91
34271051000170;2026-03-13;17296777.86
34271065000193;2026-03-13;18486511.70
34271091000111;2026-03-13;37785823.82
34286506000120;2026-03-13;348662772.59
34286521000179;2026-03-13;38961984.00
34286544000183;2026-03-13;38972775.91
34286558000105;2026-03-13;5110158.17
34286570000101;2026-03-13;11488661.69
34286706000183;2026-03-13;151818293.84
34286727000107;2026-03-12;12059990.08
34287118000164;2026-03-13;16297752.58
34287126000100;2026-03-13;186290274.05
34287172000100;2026-03-13;14084345.70
34287184000134;2026-03-13;18412985.20
34287194000170;2026-03-13;22149988.32
34309530000138;2026-03-13;15984613.78
34309535000160;2026-03-13;28211548.04
34309549000184;2026-03-13;57018695.78
34309551000153;2026-03-13;417123853.14
34309552000106;2026-03-13;37367187.59
34337085000110;2026-03-13;34197759.05
34337236000130;2026-03-13;353581006.47
34337307000102;2026-03-13;497651854.41
34337334000177;2026-03-13;74287093.70
34337391000156;2026-03-13;53346082.20
34337546000154;2026-03-13;27486426.15
34337739000105;2026-03-13;23916925.72
34337882000105;2026-03-12;27002402.31
34369940000174;2026-03-13;5394478.35
34370376000100;2026-03-13;60848763.76
34370568000116;2026-03-13;30728823.69
34370592000155;2026-03-13;22701438.77
34370624000112;2026-03-13;204465626.85
34370663000110;2026-03-13;42898444.11
34370754000155;2026-03-13;26648410.28
34370777000160;2026-03-13;625326142.03
34370880000100;2026-03-13;0.00
34370910000188;2026-03-13;0.00
34400188000187;2026-03-12;21551868.69
34400220000124;2026-03-12;196107587.26
34400268000132;2026-03-11;27083405.42
34400301000124;2026-03-13;31802502.88
34400351000101;2026-03-12;274944675.40
34427811000195;2026-03-13;142322779.06
34427869000139;2026-03-13;95117005.31
34428006000186;2026-03-13;37219470.04
34429865000190;2026-03-13;142356188.56
34429929000152;2026-03-13;82203447.43
34429957000170;2026-03-13;24280798.45
34430477000129;2026-03-13;204842853.35
34430550000162;2026-03-13;3577237.47
34430623000116;2026-03-13;8201904.16
34430732000133;2026-03-16;294045559.44
34430866000154;2026-03-13;262029644.99
34431065000103;2026-03-13;175468868.35
34431229000100;2026-03-13;52935734.59
34431415000131;2026-03-13;856701043.01
34431462000185;2026-03-13;48396271.22
34431537000128;2026-03-13;9704213.61
34431610000161;2026-03-13;595673342.66
34431868000168;2026-03-13;1454726435.10
34432014000104;2026-03-13;9759312.65
34432116000111;2026-03-13;5238528.73
34441812000194;2026-03-13;58760626.15
34442059000151;2026-03-13;13314091.25
34447278000123;2026-03-13;49243603.27
34447345000100;2026-03-13;90139628.06
34447385000151;2026-03-13;41127298.55
34447420000132;2026-03-13;170603467.01
34447439000189;2026-03-13;19292448.03
34447464000162;2026-03-13;39894681.46
34461635000108;2026-03-13;174151433.37
34461733000145;2026-03-13;57656767.60
34461754000160;2026-03-13;16410959.68
34461768000184;2026-03-13;22195835.18
34461856000186;2026-03-13;119184998.66
34461874000168;2026-03-13;45002640.72
34461886000192;2026-03-13;15149760.84
34461903000191;2026-03-13;44297360.91
34461914000171;2026-03-12;45985637.86
34461969000181;2026-03-13;21284808.89
34461994000165;2026-03-13;12397260.31
34462068000104;2026-03-13;16071671.17
34462096000121;2026-03-13;78097161.31
34462109000162;2026-03-13;186654025.81
34462132000157;2026-03-13;19692176.89
34462142000192;2026-03-13;75617219.79
34473526000100;2026-03-13;29021197.68
34474470000109;2026-03-13;2728254167.60
34474500000187;2026-03-13;75846512.01
34474531000138;2026-03-13;141827245.15
34474567000111;2026-03-13;141804570.66
34474863000112;2026-03-13;28807958.73
34474917000140;2026-03-13;16686675.70
34474989000197;2026-03-13;2792001119.97
34475029000141;2026-03-13;26509767.86
34475044000190;2026-03-13;7962491.87
34475149000149;2026-03-13;5863320.77
34475199000126;2026-03-13;22254738.42
34475217000170;2026-03-12;73354008.13
34475378000163;2026-03-13;10353997.73
34475424000124;2026-03-12;272282851.71
34475439000192;2026-03-13;399793765.06
34475447000139;2026-03-13;2945135.27
34475471000178;2026-03-13;274951715.57
34475482000158;2026-03-13;8360433.79
34475511000181;2026-03-13;11108900.52
34475528000139;2026-03-13;20386643.34
34475592000110;2026-03-13;182265677.30
34475777000124;2026-03-13;24348805.47
34476006000151;2026-03-13;596050833.22
34476012000109;2026-03-13;4368631.31
34476038000157;2026-03-13;21763833.34
34476048000192;2026-03-13;83254116.62
34488907000163;2026-03-13;13161052403.53
34489041000105;2026-03-13;29736140.55
34489079000188;2026-03-13;13064652.17
34497937000136;2026-03-13;23935056.30
34502777000176;2026-03-13;293492544.33
34502790000125;2026-03-13;12435242.62
34502862000134;2026-03-13;3350348.41
34502938000121;2026-03-13;21215302.41
34507447000173;2026-03-13;51698761.71
34507804000101;2026-03-13;85406326.77
34508014000132;2026-03-13;14924559.49
34508094000126;2026-03-13;8077079.50
34508181000183;2026-03-13;17019362.32
34508205000102;2026-03-13;7842938.23
34508396000102;2026-03-12;150630859.08
34508815000106;2026-03-13;8036913.18
34525023000131;2026-03-13;166461452.11
34525051000159;2026-03-12;1430053450.44
34525068000106;2026-03-13;7330244.65
34546288000116;2026-03-13;223911138.36
34546313000161;2026-03-12;152113028.87
34546336000176;2026-03-12;136312101.60
34546404000105;2026-03-12;1619387128.92
34546439000136;2026-03-12;93540592.09
34554339000151;2026-03-13;106345980.83
34555157000103;2026-03-13;92822994.25
34555204000100;2026-03-13;40758996.10
34555222000192;2026-03-13;19878649.77
34555249000185;2026-03-13;708710309.28
34567300000179;2026-03-12;22432647.59
34567868000190;2026-03-13;490800394.93
34568020000185;2026-03-13;170688018.31
34568351000115;2026-03-13;676719206.63
34568373000185;2026-03-13;89862037.58
34568421000135;2026-03-13;336389575.57
34568450000105;2026-03-13;1450351.91
34568536000120;2026-03-13;1321947576.15
34568557000145;2026-03-13;128660027.37
34579213000131;2026-03-13;124664756.43
34579584000113;2026-03-13;12674747.59
34580935000106;2026-03-13;24503374.27
34581178000195;2026-03-13;87765747.46
34581222000167;2026-03-13;37064832.73
34581406000127;2026-03-13;130630645.71
34582493000137;2026-03-13;2983917.00
34599295000186;2026-03-13;353149726.19
34606424000116;2026-03-13;454859655.52
34606588000143;2026-03-13;301854883.61
34609906000120;2026-03-13;17394626.92
34611432000150;2026-03-13;60101542.86
34613727000166;2026-03-13;127637064.37
34616681000139;2026-03-13;120451041.20
34616735000166;2026-03-13;231906296.52
34616750000104;2026-03-13;5689714.24
34616774000163;2026-03-13;118634852.28
34616794000134;2026-03-13;276366741.67
34616823000168;2026-03-13;91850390.09
34616836000137;2026-03-13;62371541.93
34616859000141;2026-03-13;120050237.29
34617239000127;2026-03-12;78237832.32
34617252000186;2026-03-12;102489924.51
34617263000166;2026-03-12;172706099.11
34617276000135;2026-03-12;17895422.13
34617343000111;2026-03-13;157353036.60
34617361000101;2026-03-13;1256174359.81
34626038000196;2026-03-12;13781998.36
34626088000173;2026-03-13;926080863.45
34626114000163;2026-03-12;41995344.07
34626161000107;2026-03-12;54794635.45
34626178000164;2026-03-13;9436921.94
34626199000180;2026-03-13;2407642.92
34626238000149;2026-03-12;27884227.85
34626369000126;2026-03-12;23864285.34
34626400000129;2026-03-13;30896643.39
34626548000163;2026-03-12;31341593.94
34626618000183;2026-03-12;23421035.39
34633357000129;2026-03-13;79649399.77
34633386000190;2026-03-13;8499820.13
34633393000192;2026-03-13;2386054.45
34633411000136;2026-03-13;14226918.72
34633416000169;2026-03-12;143040069.54
34633424000105;2026-03-12;98321710.49
34633510000118;2026-03-13;1558191613.05
34643801000197;2026-03-13;12390511.79
34643894000150;2026-03-13;13192162.18
34643910000104;2026-03-13;8649961.17
34643990000106;2026-03-13;165845430.29
34644032000141;2026-03-13;7676197.78
34644255000109;2026-03-12;7473026.67
34644298000194;2026-03-12;7811025.93
34644314000149;2026-03-12;20231983.83
34644327000118;2026-03-12;11369675.68
34656410000107;2026-03-13;35734356.83
34656796000157;2026-03-13;35888036.65
34657939000145;2026-03-13;20526038.98
34658060000118;2026-03-13;20491080.08
34658129000103;2026-03-13;11483397.76
34658282000130;2026-03-13;20537077.47
34658702000189;2026-03-13;91762082.71
34658753000100;2026-03-13;51273753.68
34658789000194;2026-03-13;3188600571.65
34658859000104;2026-03-13;1341151655.22
34659785000120;2026-03-13;534762543.15
34659858000184;2026-03-12;23138759.24
34659901000101;2026-03-13;65313335.85
34660200000192;2026-03-12;260224130.90
34660276000118;2026-03-13;130548956.11
34660333000169;2026-03-13;118425429.37
34660403000189;2026-03-12;1482563487.02
34660453000166;2026-03-13;178102504.61
34660496000141;2026-03-13;3133336626.23
34660534000166;2026-03-12;46978913.97
34660587000187;2026-03-12;10429034.93
34660719000170;2026-03-12;292808903.35
34660799000164;2026-03-13;65331891.78
34666775000112;2026-03-13;19468250.33
34666840000100;2026-03-12;28071982.57
34674497000145;2026-03-13;7424635.69
34674552000105;2026-03-13;30744610.49
34681760000123;2026-03-13;27195916.49
34687399000142;2026-03-13;497685606.21
34687428000176;2026-03-13;16599681.36
34687441000125;2026-03-13;448477597.19
34687460000151;2026-03-13;49026737.23
34687488000199;2026-03-13;53941531.79
34687510000109;2026-03-13;2703307581.85
34687549000118;2026-03-13;667040781.19
34687581000101;2026-03-13;447849631.46
34687600000191;2026-03-13;635870622.83
34687633000131;2026-03-13;2491757271.11
34689139000106;2026-03-13;16801633.80
34689178000103;2026-03-13;58711350.43
34689200000115;2026-03-13;59161596.92
34689243000109;2026-03-13;238183460.15
34689278000130;2026-03-13;14603408.61
34689418000170;2026-03-13;34016739.92
34689476000101;2026-03-13;168166960.32
34691579000106;2026-03-13;3909605.43
34693089000130;2026-03-12;1103677529.51
34701977000158;2026-03-13;55303663.47
34702572000134;2026-03-13;64640994.63
34702622000183;2026-03-13;53724591.29
34702702000139;2026-03-13;6656034.13
34706401000183;2026-03-13;22016016.38
34706514000189;2026-03-13;16145693.27
34706548000173;2026-03-12;25881799.58
34706586000126;2026-03-12;3563082.15
34706623000104;2026-03-13;100777218.36
34706691000165;2026-03-13;30805437.78
34706787000123;2026-03-13;29362787.90
34712965000129;2026-03-13;17844847.78
34712993000146;2026-03-13;15132176.39
34713026000107;2026-03-13;261368598.00
34714155000101;2026-03-13;30255420.51
34714223000132;2026-03-13;128622538.91
34714241000114;2026-03-13;29260589.55
34714404000169;2026-03-13;117624379.33
34718468000138;2026-03-13;24852731.69
34718807000186;2026-03-13;12394702.37
34718844000194;2026-03-13;73476119.26
34719487000189;2026-03-13;65708931.02
34719516000102;2026-03-13;40812132.33
34719539000117;2026-03-13;6126049.65
34719586000160;2026-03-12;221141942.00
34719644000156;2026-03-13;258075079.53
34736040000118;2026-03-13;14197742.11
34736220000108;2026-03-13;4289006.99
34736255000139;2026-03-13;186676967.20
34736294000136;2026-03-13;9489183.52
34738019000151;2026-03-13;215353225.16
34738037000133;2026-03-13;12050018.32
34738114000155;2026-03-13;56786082.50
34738165000187;2026-03-13;17743613.32
34738200000168;2026-03-13;201161030.78
34738221000183;2026-03-13;237849620.36
34738232000163;2026-03-13;1714153.64
34738254000123;2026-03-13;1702973.40
34738269000191;2026-03-13;88484228.98
34738303000128;2026-03-12;8177226.99
34738332000190;2026-03-13;47256698.50
34771627000168;2026-03-13;89031710.71
34771678000190;2026-03-13;88239242.09
34771700000100;2026-03-13;55079890.89
34771724000150;2026-03-13;34120098.80
34771755000101;2026-03-13;109208656.14
34771804000106;2026-03-13;65671390.53
34771888000188;2026-03-13;47317745.07
34774288000173;2026-03-13;132161489.51
34774303000183;2026-03-13;42565737.85
34774322000100;2026-03-13;16954370.76
34774472000113;2026-03-13;74353380.72
34774491000140;2026-03-13;10179881.63
34774515000160;2026-03-13;195932330.13
34774627000111;2026-03-13;72004296.22
34774642000160;2026-03-13;170615086.56
34774662000130;2026-03-13;124140253.06
34780375000133;2026-03-13;8223847843.16
34780432000184;2026-03-13;217271054.53
34780641000128;2026-03-12;30123982.34
34781162000126;2026-03-13;112391459.25
34781204000129;2026-03-13;24469181.01
34781249000101;2026-03-13;710925017.33
34781259000139;2026-03-13;711430646.21
34781329000159;2026-03-13;189187890.02
34790765000194;2026-03-13;107478016.06
34791108000161;2026-03-13;415746788.80
34791324000107;2026-03-12;154712686.65
34791348000166;2026-03-12;30077573.89
34791397000107;2026-03-12;143428213.51
34791421000108;2026-03-13;144783140.92
34791444000104;2026-03-13;5286175.07
34791543000196;2026-03-12;1092995.76
34791568000190;2026-03-12;15737390551.83
34791655000147;2026-03-12;9999205.11
34791680000120;2026-03-13;25050676.85
34791788000113;2026-03-12;15103419.42
34791820000160;2026-03-13;280592729.53
34792037000111;2026-03-13;545326411.38
34792708000144;2026-03-13;11276758.03
34792724000137;2026-03-13;183756456.89
34792742000119;2026-03-13;27604940.26
34792761000145;2026-03-13;2365460.32
34792778000100;2026-03-13;2308317.24
34792784000150;2026-03-13;69099172.84
34792798000173;2026-03-13;156610925.55
34792818000106;2026-03-13;88515961.26
34792842000145;2026-03-13;2430719.67
34792991000104;2026-03-12;135443744.54
34793027000109;2026-03-12;21888565.64
34793038000180;2026-03-12;21871339.58
34793078000122;2026-03-13;5442565.61
34793093000170;2026-03-13;26653195.35
34793104000112;2026-03-12;43733860.86
34793111000114;2026-03-13;221557582.88
34793138000107;2026-03-12;1146010194.28
34793170000192;2026-03-12;30988432.22
34793178000159;2026-03-12;20580512.08
34798753000106;2026-03-12;21720168.95
34798905000170;2026-03-12;38888744.72
34799129000123;2026-03-13;638043085.15
34799162000153;2026-03-13;236725209.44
34799186000102;2026-03-13;142176864.46
34799393000167;2026-03-13;638312932.61
34799423000135;2026-03-13;39497631.19
34799490000150;2026-03-13;50726659.51
34799517000104;2026-03-13;12298174.13
34803891000136;2026-03-13;193272600.38
34803920000160;2026-03-13;216611098.75
34803938000161;2026-03-13;9417711333.88
34803996000195;2026-03-13;163542754.83
34804026000104;2026-03-10;120894428.76
34804063000112;2026-03-13;27291404.69
34808989000186;2026-03-13;279194697.30
34830675000180;2026-03-13;38670484.96
34831155000191;2026-03-13;82035785.73
34831200000108;2026-03-13;5776366.81
34831235000147;2026-03-06;339438271.09
34832962000129;2026-03-13;72411501.52
34838733000111;2026-03-12;11037053.25
34839385000105;2026-03-13;190948268.50
34839786000157;2026-03-13;12171181.34
34839814000136;2026-03-13;6926914.40
34839865000168;2026-03-13;47982981.26
34849937000158;2026-03-13;39686171.97
34866645000123;2026-03-13;213642096.79
34867202000157;2026-03-12;53611161.59
34867290000197;2026-03-13;19392049.09
34867354000150;2026-03-12;1017229137.48
34867403000154;2026-03-13;5359770.26
34867657000172;2026-03-13;26213838.47
34867706000177;2026-03-13;399192114.99
34867766000190;2026-03-13;26668560.44
34867778000114;2026-03-13;26066541.32
34867797000140;2026-03-12;1608832568.26
34867805000159;2026-03-13;775392572.82
34867818000128;2026-03-12;261567930.70
34867829000108;2026-03-13;245450242.65
34867860000149;2026-03-13;81731086.77
34887306000123;2026-03-13;108056526.12
34887320000127;2026-03-13;9866384.91
34887335000195;2026-03-13;44249090.83
34887367000190;2026-03-13;5004949.65
34887385000172;2026-03-13;13291091.97
34887393000119;2026-03-13;20660455.80
34887425000186;2026-03-13;88926859.77
34887437000100;2026-03-13;19563510.15
34887461000140;2026-03-13;119286914.67
34896516000188;2026-03-13;120355031.21
34896679000160;2026-03-13;23504283.91
34896709000139;2026-03-13;26570857.53
34896872000100;2026-03-12;59531016.88
34897039000175;2026-03-13;3793434.40
34957512000162;2026-03-13;210814030.72
34957816000120;2026-03-13;183485677.50
34962302000162;2026-03-13;730078112.48
34964461000104;2026-03-13;19116084.43
34979664000166;2026-03-11;571613269.97
34979790000110;2026-03-13;19799440.54
34979818000110;2026-03-13;213317071.78
34979840000160;2026-03-13;43641052.92
34979857000117;2026-03-13;32026096.22
34979876000143;2026-03-13;19383335.80
34979903000188;2026-03-13;374859862.08
35001143000100;2026-03-13;225365939.25
35001193000180;2026-03-12;83144183.11
35001225000147;2026-03-13;43238898.89
35001250000120;2026-03-11;324405852.48
35001339000197;2026-03-09;195540921.24
35001372000117;2026-03-13;731983.02
35001422000166;2026-03-13;1765500876.37
35001472000143;2026-03-13;176469616.98
35001522000192;2026-03-13;8612191.27
35001550000100;2026-03-13;239314368.82
35001591000104;2026-03-13;52386643.64
35002455000120;2026-03-13;61513168.45
35002463000177;2026-03-13;61595071.29
35002473000102;2026-03-13;150626659.57
35002482000101;2026-03-13;150548842.65
35002510000182;2026-03-13;295248779.26
35002519000193;2026-03-13;33687425.91
35002571000140;2026-03-13;208896462.07
35002734000194;2026-03-13;19449545.60
35002795000151;2026-03-13;65680856.81
35002894000133;2026-03-13;6074989.06
35002927000145;2026-03-13;96920447.25
35020115000122;2026-03-13;33194035.90
35020129000146;2026-03-13;11624215.31
35020145000139;2026-03-13;21657500.67
35020190000193;2026-03-13;46694922.95
35020227000183;2026-03-13;494624218.29
35036182000135;2026-03-13;321568638.88
35036203000112;2026-03-13;196953454.18
35036223000193;2026-03-13;24013608.12
35036244000109;2026-03-13;24105500.42
35088081000108;2026-03-13;16007053.69
35088089000174;2026-03-12;24240502.04
35088108000162;2026-03-13;176356099.12
35088117000153;2026-03-13;161069595.66
35101715000115;2026-03-13;9466949.84
35101822000143;2026-03-13;7516791.93
35109389000192;2026-03-13;20638465.66
35109694000184;2026-03-13;45997407.34
35110367000142;2026-03-13;23590608.70
35110510000104;2026-03-13;279615729.50
35120080000101;2026-03-13;33133025.44
35120235000100;2026-03-13;18795751.59
35121365000159;2026-03-13;49582371.36
35121563000112;2026-03-13;9170634.98
35136940000197;2026-03-12;710844317.56
35137067000157;2026-03-12;76424274.46
35142453000137;2026-03-13;25126821.18
35153518000140;2026-03-13;441601480.35
35162383000189;2026-03-13;542040335.89
35162484000150;2026-03-05;171240280.68
35162598000108;2026-03-13;233023240.70
35162628000178;2026-03-13;26731030.91
35162746000186;2026-03-13;1431254.84
35162764000168;2026-03-13;1726973.16
35167346000163;2026-03-13;3999459.13
35174701000121;2026-03-13;321717391.25
35174775000168;2026-03-13;673568628.43
35174866000101;2026-03-13;2196290302.16
35174956000194;2026-03-13;63182805.04
35175035000146;2026-03-13;654621967.18
35175122000101;2026-03-13;218526561.48
35178253000134;2026-03-13;405667170.48
35179107000123;2026-03-13;264071206.73
35190337000193;2026-03-13;109495333.57
35190506000195;2026-03-13;80642692.40
35191056000155;2026-03-13;22605479.75
35255308000162;2026-03-13;48270599.78
35271414000130;2026-03-13;5686608.33
35292588000189;2026-03-13;4724755026.94
35292597000170;2026-03-13;80344414.16
35292610000190;2026-03-13;23828189.22
35302796000111;2026-03-13;1449418638.30
35314682000191;2026-03-13;12518158.74
35314803000103;2026-03-13;10223120.96
35342887000180;2026-03-13;33850887.83
35342938000174;2026-03-13;10595054.06
35342982000184;2026-03-13;4524570.17
35343073000160;2026-03-13;251303526.46
35343158000149;2026-03-13;43263482.29
35343590000130;2026-03-13;549332378.75
35343618000139;2026-03-13;0.00
35343900000116;2026-03-13;85506055.22
35345170000192;2026-03-13;714416640.67
35345268000140;2026-03-13;33177176.38
35348787000161;2026-03-13;1035864841.22
35354655000142;2026-03-13;34942513.16
35354896000191;2026-03-13;2903653.94
35354934000106;2026-03-13;2895555.31
35354967000156;2026-03-13;80228641.83
35362856000191;2026-03-13;207544304.94
35362865000182;2026-03-13;29292176.92
35362877000107;2026-03-12;1347585888.09
35362902000152;2026-03-13;20718556.10
35363428000183;2026-03-12;2905739.29
35363728000162;2026-03-12;12687985.62
35363737000153;2026-03-13;12466205.32
35363972000125;2026-03-13;40270839.24
35364091000129;2026-03-13;43412671.62
35364125000185;2026-03-13;2521839914.89
35371106000186;2026-03-13;2248066.50
35372139000140;2026-03-13;60116950.16
35372302000175;2026-03-13;40663693.40
35372771000194;2026-03-13;637676.91
35373724000165;2026-03-13;75023187.88
35373791000180;2026-03-13;19736348.24
35377390000106;2026-03-16;7448778781.01
35377402000194;2026-03-13;33579518.79
35377516000134;2026-03-13;587960358.96
35377557000120;2026-03-13;72135886.35
35377687000163;2026-03-13;183048858.38
35377709000195;2026-03-13;136856268.81
35377796000180;2026-03-13;577895147.90
35377997000188;2026-03-11;533409.44
35378075000195;2026-03-13;161578785.79
35378098000108;2026-03-13;48727564.21
35378376000119;2026-03-13;550803272.22
35383739000104;2026-03-13;15203163.42
35385336000102;2026-03-12;63181689.07
35386842000108;2026-03-13;13678837.53
35386946000112;2026-03-13;1483778.02
35386995000155;2026-03-13;2291959.64
35387055000180;2026-03-13;5309987.27
35387081000109;2026-03-12;61916337.14
35395606000158;2026-03-13;823758722.24
35395663000137;2026-03-13;23396644.76
35395895000195;2026-03-13;16588221.36
35399404000184;2026-03-13;1338720350.98
35400868000163;2026-03-13;157402092.20
35408329000170;2026-03-13;1339779612.55
35408377000169;2026-03-13;9216675.03
35410788000199;2026-03-13;5105894.20
35411154000150;2026-03-13;237956387.93
35411535000130;2026-03-13;19090093.28
35411828000117;2026-03-13;18912811.13
35412094000190;2026-03-13;8119951.98
35412313000131;2026-03-13;103474207.62
35415829000130;2026-03-13;103748347.86
35415852000124;2026-03-13;112970563.43
35415889000152;2026-03-13;27129758.60
35415929000166;2026-03-13;24793009.56
35416040000101;2026-03-13;39028765.04
35420532000162;2026-03-12;3123486069.50
35420569000190;2026-03-13;486612870.12
35420644000113;2026-03-13;14736219.27
35420664000194;2026-03-13;35338295.42
35420709000120;2026-03-13;106208108.65
35420731000170;2026-03-13;22114491.50
35420830000152;2026-03-13;27272419.50
35420913000141;2026-03-13;10140160.10
35420957000171;2026-03-13;13022367.98
35432124000120;2026-03-12;20902606.79
35432385000140;2026-03-13;105807365.15
35432506000154;2026-03-13;137331448.38
35435027000191;2026-03-13;112513850.03
35435878000134;2026-03-13;12400685.15
35471498000155;2026-03-13;161477252.14
35471548000102;2026-03-13;18518007.39
35477226000162;2026-03-12;1962426.51
35487344000151;2026-03-13;16391261.55
35488313000115;2026-03-13;55486271.82
35491073000108;2026-03-13;84947790.34
35491120000113;2026-03-13;47056730.83
35491165000198;2026-03-13;22997030.86
35491217000126;2026-03-13;3996961430.80
35491278000193;2026-03-12;463842347.46
35492154000122;2026-03-13;2060539184.25
35492257000192;2026-03-13;25840804.52
35492316000122;2026-03-13;16739079.08
35492361000187;2026-03-13;280647717.73
35492558000116;2026-03-13;345779668.80
35492709000136;2026-03-13;353150007.15
35495250000124;2026-03-13;12174539.31
35495342000104;2026-03-13;14350683.85
35495418000100;2026-03-13;226894939.29
35495576000151;2026-03-13;2310471799.25
35495676000188;2026-03-13;85250447.82
35495706000156;2026-03-13;85628085.22
35500650000180;2026-03-13;2750386745.83
35501512000116;2026-03-13;381349537.63
35501619000164;2026-03-13;1798250.23
35502474000116;2026-03-13;14565128.34
35502481000118;2026-03-13;9303531.69
35502496000186;2026-03-13;1520774.86
35502503000140;2026-03-13;121420007.59
35504030000110;2026-03-13;17747103.14
35504094000110;2026-03-13;72882128.62
35504342000123;2026-03-13;36856359.25
35504728000135;2026-03-11;40551728.85
35504874000160;2026-03-13;91584861.74
35505781000150;2026-03-13;20593354.18
35505835000188;2026-03-12;13010281.91
35505971000178;2026-03-13;1362028390.85
35505993000138;2026-03-13;133691012.13
35506020000113;2026-03-13;23456026.80
35506067000187;2026-03-13;40469004.23
35506100000179;2026-03-13;35700583.49
35506137000105;2026-03-13;29456333.56
35535409000197;2026-03-13;7375181.91
35535607000150;2026-03-13;7537090.46
35535700000165;2026-03-13;162347610.02
35535754000120;2026-03-13;29916333.55
35535785000181;2026-03-13;32281883.70
35536305000105;2026-03-12;31761545.33
35536329000156;2026-03-12;56013310.23
35536379000133;2026-03-12;95061781236.48
35536472000148;2026-03-13;15892860.52
35536497000141;2026-03-13;10735589.74
35536520000106;2026-03-13;455415559.15
35536532000122;2026-03-13;455368463.81
35536542000168;2026-03-13;134568405.25
35551330000150;2026-03-12;141921289.29
35551437000106;2026-03-13;3643122.34
35551526000144;2026-03-12;93434579.57
35556444000192;2026-03-13;163956306.71
35556516000100;2026-03-13;254908862.57
35578709000153;2026-03-13;72469670.47
35580122000189;2026-03-13;40656842.04
35580324000120;2026-03-13;103171504.86
35580389000176;2026-03-13;3600847.52
35587465000175;2026-03-12;25024347.36
35587562000168;2026-03-13;7136019.58
35587673000174;2026-03-13;3951364.16
35589502000184;2026-03-12;188192964.01
35591322000137;2026-03-13;27176647.28
35591357000176;2026-03-13;5703537.17
35591389000171;2026-03-13;8588988.11
35591433000143;2026-03-13;10792909.97
35591455000103;2026-03-13;6021198.19
35591489000106;2026-03-13;11061624.82
35591513000107;2026-03-12;34014439.75
35591542000160;2026-03-13;105439746.75
35600750000189;2026-03-12;2932310.64
35600762000103;2026-03-12;485814666.28
35600771000102;2026-03-13;205262502.93
35600780000195;2026-03-12;18971839.83
35600794000109;2026-03-12;50146663.04
35602471000154;2026-03-13;25244347.05
35603488000126;2026-03-13;11842643.84
35603568000181;2026-03-13;121662627.82
35603587000108;2026-03-13;1079743601.52
35609248000139;2026-03-12;161473184.85
35609382000130;2026-03-12;811708425.36
35609786000123;2026-03-13;483451667.68
35610342000108;2026-03-13;91083712.68
35610398000162;2026-03-13;91738557.30
35610530000136;2026-03-12;185399953.32
35610581000168;2026-03-12;32050543.70
35610832000104;2026-03-12;262911742.80
35610861000176;2026-03-12;61275962.98
35610878000123;2026-03-12;44281492.96
35610924000194;2026-03-13;18227576.27
35617342000130;2026-03-13;39581050.71
35617377000179;2026-03-13;50870319.83
35617395000150;2026-03-13;25547439.10
35617421000140;2026-03-13;25873312.61
35617440000177;2026-03-13;29301725.75
35617451000157;2026-03-13;27696229.87
35617468000104;2026-03-13;36199223.30
35617475000106;2026-03-13;30691875.67
35617938000130;2026-03-13;42261345.31
35618006000101;2026-03-13;1806720.72
35618031000195;2026-03-13;5204170.91
35618044000164;2026-03-13;14403343.72
35618055000144;2026-03-13;171741371.32
35618078000159;2026-03-13;18870219.45
35618088000194;2026-03-13;227325744.69
35625272000161;2026-03-13;56590904.92
35625686000190;2026-03-13;8964070.84
35625784000128;2026-03-13;32670961.65
35625840000124;2026-03-13;30212903.16
35636610000160;2026-03-13;16539967.86
35636731000102;2026-03-12;8350984.42
35636871000180;2026-03-12;83143134.11
35636909000115;2026-03-12;75853164.78
35637038000154;2026-03-13;19077960.13
35637079000140;2026-03-12;14394236.32
35637122000178;2026-03-12;15797144.89
35637151000130;2026-03-12;575995077.45
35637197000159;2026-03-13;29139388.10
35645040000175;2026-03-13;40904091.09
35645082000106;2026-03-11;17384308.17
35645137000188;2026-03-13;57333527.13
35646072000195;2026-03-13;167773176.10
35646238000173;2026-03-13;197077261.43
35646445000128;2026-03-12;396458949.15
35646471000156;2026-03-13;104384380.95
35648976000150;2026-03-13;38840225.28
35648999000164;2026-03-13;1466945686.45
35649038000174;2026-03-12;29513013.55
35649679000129;2026-03-13;192918708.74
35649712000110;2026-03-13;20428232.82
35650398000196;2026-03-13;619963448.98
35650487000132;2026-03-12;90236340.83
35650540000103;2026-03-13;7350460.71
35650636000163;2026-03-12;620980825.57
35650677000150;2026-03-13;110457003.08
35650703000140;2026-03-13;25122155.72
35650759000102;2026-03-13;9359282.06
35651177000132;2026-03-13;37423811.40
35651404000120;2026-03-13;15363050.12
35651477000111;2026-03-13;36828822.97
35651599000108;2026-03-13;1441202.08
35654756000139;2026-03-13;557854981.24
35660986000100;2026-03-12;23684336.67
35662353000131;2026-03-13;87351271.77
35670169000133;2026-03-13;11430152.51
35670344000192;2026-03-13;750930612.25
35670625000145;2026-03-13;77268589.23
35670654000107;2026-03-13;133341799.82
35670667000186;2026-03-13;49544501.92
35670705000109;2026-03-13;31948179.95
35672024000171;2026-03-13;47021178.77
35672165000194;2026-03-13;12391429.51
35672208000131;2026-03-13;50373705.59
35684491000111;2026-03-13;5652550.21
35689410000176;2026-03-13;10328107.75
35689888000104;2026-03-13;147283519.11
35689945000147;2026-03-13;33468595.72
35690218000108;2026-03-13;5026104450.69
35690456000105;2026-03-13;2989054.33
35690473000142;2026-03-13;14992596.06
35690507000107;2026-03-13;102392456.00
35690521000100;2026-03-13;637532800.55
35690590000106;2026-03-13;30073445.07
35690625000107;2026-03-13;26412977.43
35690647000177;2026-03-13;68718654.51
35690701000184;2026-03-13;8157565.89
35693759000181;2026-03-13;3416107.00
35693816000122;2026-03-13;17242038.14
35693823000124;2026-03-13;55290383.73
35698881000140;2026-03-13;26714964.70
35698940000180;2026-03-13;22360440.16
35699157000131;2026-03-13;81438468.67
35699184000104;2026-03-12;19109777.54
35699279000128;2026-03-13;12035738.42
35699303000129;2026-03-13;0.00
35699585000164;2026-03-13;31566551.17
35700232000137;2026-03-13;156695606.00
35700369000191;2026-03-13;229055215.18
35700393000120;2026-03-13;22985846.08
35704405000195;2026-03-13;23115701.51
35704492000180;2026-03-13;1464552.98
35704530000103;2026-03-13;1465594.61
35704552000165;2026-03-13;643968.08
35704569000112;2026-03-13;108321556.26
35705240000176;2026-03-13;378734823.18
35705281000162;2026-03-13;34562028.26
35711596000112;2026-03-13;94856173.58
35711629000124;2026-03-13;10849160.11
35712424000163;2026-03-12;16288004.29
35712437000132;2026-03-13;177405343.94
35712515000107;2026-03-13;142307137.54
35712941000132;2026-03-13;42131438.31
35714550000157;2026-03-13;2757506.75
35715030000169;2026-03-13;15687303.86
35716198000199;2026-03-13;15692725.04
35717624000109;2026-03-13;90533080.33
35717650000137;2026-03-13;30657161.26
35717663000106;2026-03-13;176258523.26
35717688000100;2026-03-13;201735023.64
35717700000186;2026-03-12;256652406.56
35717715000144;2026-03-13;7953629.76
35717740000128;2026-03-13;51326176.64
35721830000192;2026-03-13;46860542.64
35721852000152;2026-03-13;48315568.67
35721870000134;2026-03-13;81539050.24
35722121000121;2026-03-13;49713370.48
35725311000100;2026-03-13;26018453.77
35725321000138;2026-03-13;37081336.04
35725330000129;2026-03-13;10810208.80
35725802000143;2026-03-13;23333985.35
35726054000113;2026-03-13;78595638.78
35726367000171;2026-03-13;84441096.83
35726416000176;2026-03-13;12370725.19
35726503000123;2026-03-13;51350444.66
35726581000128;2026-03-13;1844532.04
35726601000160;2026-03-13;77798914.24
35726620000197;2026-03-13;21531843.18
35726628000153;2026-03-13;8564944.16
35726638000199;2026-03-13;1695568.71
35726741000139;2026-03-13;722424698.11
35726772000190;2026-03-13;57264621.55
35726822000139;2026-03-13;2790901.45
35726908000161;2026-03-13;765712117.69
35726949000158;2026-03-13;134765860.41
35727113000178;2026-03-13;74891103.45
35727209000136;2026-03-13;48475657.20
35727276000150;2026-03-13;52215398.82
35727340000101;2026-03-13;1984597.31
35727377000121;2026-03-13;150454902.47
35727406000155;2026-03-13;444568604.34
35727449000130;2026-03-13;100727450.18
35727513000183;2026-03-13;75849718.44
35727535000143;2026-03-13;8129789.38
35727555000114;2026-03-13;13243797.69
35727628000178;2026-03-13;8138647.62
35727655000140;2026-03-13;8800363.01
35727674000177;2026-03-13;69965397.29
35727696000137;2026-03-13;16711232.17
35727715000125;2026-03-13;27186147.39
35727760000180;2026-03-13;12416723.51
35727788000117;2026-03-13;83223410.75
35744196000103;2026-03-13;18750916.28
35744266000123;2026-03-13;85462708.61
35744790000102;2026-03-13;245080576.57
35753908000150;2026-03-13;26906376.28
35754107000100;2026-03-13;19372552.18
35754330000157;2026-03-13;3160186457.12
35755062000198;2026-03-13;37946954.03
35755210000174;2026-03-13;8437214.63
35755281000177;2026-03-13;42525814.11
35755558000161;2026-03-13;193142606.47
35755734000165;2026-03-11;127152202.97
35755797000111;2026-03-11;190973433.94
35755861000164;2026-03-11;186458535.66
35765045000131;2026-03-13;3974134.64
35765249000172;2026-03-13;1993105.55
35765444000100;2026-03-13;33208461.89
35765633000175;2026-03-13;43661013.07
35765772000107;2026-03-13;314478815.47
35765946000123;2026-03-13;35265609.29
35769107000183;2026-03-13;427053239.44
35769127000154;2026-03-13;72203811.68
35779763000167;2026-03-13;47222336.97
35779861000102;2026-03-13;523092577.96
35779924000112;2026-03-13;0.00
35779996000160;2026-03-13;40003367.85
35780021000151;2026-03-13;2859050.58
35780039000153;2026-03-13;40736435.19
35780086000105;2026-03-13;16038089.28
35780106000130;2026-03-11;22559044.56
35789436000196;2026-03-13;455837917.98
35803178000155;2026-03-13;45502831.09
35803200000167;2026-03-13;13878092.53
35803219000103;2026-03-13;100743839.46
35803277000137;2026-03-13;177050778.30
35803288000117;2026-03-13;11623291429.63
35806167000129;2026-03-13;9130624.62
35806221000136;2026-03-13;11467594.61
35807745000141;2026-03-13;2501356.72
35807793000130;2026-03-13;6416226.45
35812870000140;2026-03-12;329958847.31
35812956000172;2026-03-13;53056537.47
35812980000101;2026-03-13;155617604.36
35813012000110;2026-03-13;91865566.18
35813066000185;2026-03-12;751221265.00
35813083000112;2026-03-13;68323457.89
35813170000170;2026-03-13;23238175.72
35813216000150;2026-03-13;49000666.71
35813308000130;2026-03-13;1680114.85
35816121000190;2026-03-13;27813046.85
35816166000165;2026-03-11;181911698.50
35816194000182;2026-03-13;26265237.39
35816816000172;2026-03-13;205420007.98
35816850000147;2026-03-13;42672122.31
35816893000122;2026-03-13;818950147.91
35819063000159;2026-03-13;193408205.36
35819148000137;2026-03-12;4180803612.52
35819219000100;2026-03-13;1005597032.87
35819274000191;2026-03-13;1580263932.49
35819455000118;2026-03-02;3353292905.03
35819666000150;2026-03-13;1580095165.10
35819708000153;2026-03-13;2599188037.18
35820534000149;2026-03-13;18447152.65
35820586000115;2026-03-13;19377777.01
35820597000103;2026-03-13;44320790.43
35820605000103;2026-03-13;0.00
35820622000140;2026-03-13;3566232.18
35820670000139;2026-03-13;45561690.81
35820685000105;2026-03-13;376364710.58
35822722000106;2026-03-13;6855631.25
35822736000120;2026-03-13;17895807.62
35822752000112;2026-03-13;25920725.45
35822770000102;2026-03-13;73106033.92
35822791000110;2026-03-12;1702482.38
35822842000103;2026-03-12;16261774.94
35823082000159;2026-03-13;16831311.70
35823098000161;2026-03-13;1394002.94
35823433000121;2026-03-13;14959810556.87
35825021000120;2026-03-13;4865471854.12
35825030000111;2026-03-13;49354132.52
35828652000101;2026-03-13;4748629928.40
35828684000107;2026-03-13;469495757.45
35828689000121;2026-03-13;49561172.28
35828705000186;2026-03-13;28378802.34
35828721000179;2026-03-13;176531159.77
35828736000137;2026-03-13;42954914.31
35844780000130;2026-03-13;27780823.10
35844884000145;2026-03-12;7739413.66
35844894000180;2026-03-12;115754631.64
35844914000113;2026-03-12;11079749.91
35844917000157;2026-03-13;19408250.00
35844920000170;2026-03-12;10056375.87
35844928000137;2026-03-13;183386322.86
35844941000196;2026-03-13;48970436.69
35844946000119;2026-03-12;82642943.54
35844947000163;2026-03-13;9632531.00
35844956000154;2026-03-12;27098448.50
35844963000156;2026-03-13;229097769.72
35844969000123;2026-03-13;24335170.75
35844973000191;2026-03-13;41461081.89
35844975000180;2026-03-13;41478730.42
35844983000127;2026-03-12;231875694.38
35844987000105;2026-03-12;404482382.27
35844989000102;2026-03-12;8731995706.35
35844993000162;2026-03-12;1678763505.26
35844998000195;2026-03-12;20755924.70
35845001000111;2026-03-12;8740752.52
35845002000166;2026-03-02;0.00
35845004000155;2026-03-13;42048018.89
35845010000102;2026-03-13;28369390.36
35845020000148;2026-03-13;51759508.21
35845046000196;2026-03-12;30842463.09
35847484000193;2026-03-12;44023813.82
35847497000162;2026-03-12;60468387.12
35847501000192;2026-03-12;29316939.47
35847502000137;2026-03-12;1136826.89
35847505000170;2026-03-13;117749947.13
35847518000140;2026-03-12;13912841.33
35847519000194;2026-03-12;161804765.61
35847520000119;2026-03-12;44539705.26
35847533000198;2026-03-13;3210737.85
35847901000106;2026-03-13;18525552.85
35847960000176;2026-03-13;2081379.07
35847968000132;2026-03-12;197242017.31
35848011000100;2026-03-12;148493074.36
35848014000144;2026-03-12;31763117.48
35848026000179;2026-03-12;3115190.54
35848055000130;2026-03-12;2358687.19
35848058000174;2026-03-12;3555347.92
35848062000132;2026-03-12;4337188.54
35848079000190;2026-03-12;3014339.03
35865460000167;2026-03-13;282425284.35
35865499000184;2026-03-13;13545802.04
35865538000143;2026-03-13;142515037.77
35865554000136;2026-03-11;40310248.43
35865579000130;2026-03-11;26306465.39
35865582000153;2026-03-10;99846125.59
35868755000197;2026-03-13;5496409.84
35868808000170;2026-03-13;985822983.00
35871400000157;2026-03-13;163437139.77
35880858000172;2026-03-13;227880142.79
35915515000104;2026-03-13;7836265.46
35916230000180;2026-03-13;6656750.19
35916259000161;2026-03-13;195080784.59
35916343000185;2026-03-13;105429802.32
35916390000129;2026-03-13;49116335.93
35916447000190;2026-03-13;498478599.00
35916475000107;2026-03-13;3895328.98
35916505000185;2026-03-13;65704771.16
35916528000190;2026-03-13;44975928.75
35927084000198;2026-03-13;55738482.57
35927091000190;2026-03-12;29762043.15
35927113000111;2026-03-13;4012136.45
35927167000187;2026-03-13;37234274.66
35927261000136;2026-03-13;22205479.51
35927302000194;2026-03-13;112665342.21
35927312000120;2026-03-13;7587156.32
35927331000156;2026-03-13;276553183.74
35927347000169;2026-03-13;119076379.10
35927377000175;2026-03-13;4902939.87
35927503000191;2026-03-12;9339126.15
35939458000195;2026-03-13;201573314.84
35939471000144;2026-03-13;26165011.77
35939526000116;2026-03-13;88396549.93
35939645000179;2026-03-13;4664470.10
35939700000120;2026-03-13;60435969.60
35939779000190;2026-03-13;15058578.43
35939801000100;2026-03-13;41958281.39
35939822000117;2026-03-13;46431469.16
35939847000110;2026-03-13;51760189.75
35939857000156;2026-03-13;49097462.05
35939983000100;2026-03-13;642351914.65
35940129000164;2026-03-13;111036739.76
35940219000155;2026-03-13;155262191.94
35940266000107;2026-03-13;95927993.74
35948858000167;2026-03-13;4150670.09
35950535000108;2026-03-13;960183530.46
35955906000144;2026-03-12;11408759.54
35955948000185;2026-03-13;21662405.48
35955960000190;2026-03-13;74533633.14
35955975000158;2026-03-13;26466400.34
35956031000103;2026-03-13;4518258.78
35956046000163;2026-03-13;9918893.70
35956270000155;2026-03-13;4522783.08
35956326000171;2026-03-13;13723126.54
35956385000140;2026-03-13;125305685.47
35956420000120;2026-03-13;30078814.96
35956587000191;2026-03-13;5699991.59
35956625000106;2026-03-13;295055376.23
35956641000107;2026-03-13;192530667.60
35956669000136;2026-03-13;10536674.31
35956743000114;2026-03-13;6545710.33
35956778000153;2026-03-13;5424784.14
35956890000194;2026-03-13;19728962.90
35956906000169;2026-03-13;3873688.82
35957054000124;2026-03-13;16960086.77
35957092000187;2026-03-13;19188490.50
35957112000110;2026-03-13;8675338.26
35957144000115;2026-03-13;51252954.60
35957156000140;2026-03-13;31549255.04
35957175000176;2026-03-13;16931837.24
35998413000191;2026-03-13;9449998.90
36010002000109;2026-03-13;106215699.75
36010053000130;2026-03-13;-189186271.54
36013998000106;2026-03-13;118082870.46
36014032000193;2026-03-13;2907119.37
36014054000153;2026-03-13;24786547.02
36015100000139;2026-03-13;2615273.20
36015218000167;2026-03-13;13325239.07
36015789000100;2026-03-13;12485956.78
36016436000116;2026-03-13;23622539.58
36016468000111;2026-03-13;8208861.24
36016508000125;2026-03-12;94539280.21
36016565000104;2026-03-13;9286505.18
36017195000120;2026-03-13;236476858.02
36017217000151;2026-03-13;136007509.66
36017245000179;2026-03-13;61714852.53
36017273000196;2026-03-13;34672840.38
36017289000107;2026-03-13;267343351.38
36017639000127;2026-03-12;79302872.44
36017669000133;2026-03-13;123010308.05
36017695000161;2026-03-13;94618787.56
36017731000197;2026-03-13;846679531.11
36017763000192;2026-03-13;49419821.98
36017786000105;2026-03-13;148192766.31
36017810000106;2026-03-13;352090396.51
36017828000108;2026-03-13;288410538.48
36017837000190;2026-03-13;129672971.85
36017851000194;2026-03-13;502017480.76
36017930000103;2026-03-13;230777234.46
36017941000185;2026-03-13;293296073.33
36017965000134;2026-03-13;16130679.87
36021733000150;2026-03-13;129246543.03
36046327000141;2026-03-13;12185473.12
36046438000158;2026-03-13;14820044.48
36079935000152;2026-03-12;383610354.67
36083237000120;2026-03-13;24742029.60
36083403000199;2026-03-13;14841912.97
36083510000117;2026-03-13;203750698.27
36083535000110;2026-03-13;3398785.32
36114636000101;2026-03-13;52451957.94
36114693000190;2026-03-13;767775227.02
36114737000182;2026-03-13;783492949.49
36114774000190;2026-03-13;58901457.84
36157723000146;2026-03-12;370073608.99
36165005000111;2026-03-13;169038195.76
36165028000126;2026-03-13;79901103.69
36165047000152;2026-03-13;110970193.57
36165084000160;2026-03-13;17214947.70
36165095000140;2026-03-13;8769556.82
36165170000173;2026-03-13;23360130.76
36165187000120;2026-03-12;216265128.14
36165245000116;2026-03-13;496357217.70
36165301000112;2026-03-13;41076767.22
36165320000149;2026-03-13;32863606.15
36165511000100;2026-03-13;112388669.51
36165525000124;2026-03-13;112424973.86
36165574000167;2026-03-12;8864430.75
36178376000138;2026-03-13;189138363.40
36178444000169;2026-03-13;83093316.83
36178520000136;2026-03-13;27221806.22
36178569000199;2026-03-13;1630606268.58
36178912000103;2026-03-13;10472743.40
36178962000182;2026-03-12;27337798.48
36179101000119;2026-03-13;12098515.12
36179341000113;2026-03-13;3539678.72
36180639000143;2026-03-13;13174402.36
36180672000173;2026-03-13;28715471.95
36180712000187;2026-03-13;16215756.40
36180787000168;2026-03-12;162527657.44
36180815000147;2026-03-13;96730697.94
36180871000181;2026-03-13;70562583.17
36180900000105;2026-03-13;84505571.39
36180954000170;2026-03-13;1101071.22
36181763000123;2026-03-13;33061703.46
36181795000129;2026-03-13;61322203.20
36181846000112;2026-03-13;11161442.19
36181909000130;2026-03-12;54297638.71
36181984000100;2026-03-11;533827754.28
36182047000160;2026-03-06;123289130.33
36182112000158;2026-03-12;29579994.53
36182205000182;2026-03-13;5268001.36
36182225000153;2026-03-13;51333133.81
36182250000137;2026-03-13;296754150.17
36182281000198;2026-03-13;128017627.79
36182298000145;2026-03-13;128073525.03
36182331000137;2026-03-13;12417130.44
36200502000103;2026-03-12;17684761.98
36233387000173;2026-03-13;16793949.32
36233545000195;2026-03-13;14848588.56
36233783000109;2026-03-13;69604863.88
36233817000157;2026-03-13;196434286.35
36233867000134;2026-03-13;15670157.44
36233888000150;2026-03-13;4982642.05
36233904000104;2026-03-13;1155116616.24
36233944000156;2026-03-13;23951837.04
36233973000118;2026-03-13;2207398810.39
36243631000189;2026-03-13;7605863.97
36243944000137;2026-03-12;304670716.51
36246557000154;2026-03-13;3706941.45
36246590000184;2026-03-13;0.01
36247102000153;2026-03-13;1790699260.13
36247150000141;2026-03-13;27705752652.86
36247487000159;2026-03-13;2056548.52
36247540000111;2026-03-13;3137494.13
36247593000132;2026-03-13;1792562417.94
36247640000148;2026-03-13;20785185.55
36247749000185;2026-03-13;96411202.39
36247795000184;2026-03-13;191231843.03
36247838000121;2026-03-13;55966501.01
36247862000160;2026-03-13;67540776.90
36247991000159;2026-03-13;812254999.74
36248247000179;2026-03-13;28755114.21
36248759000135;2026-03-13;246883829.12
36248791000110;2026-03-13;4382692799.50
36248815000131;2026-03-13;196380598.91
36248836000157;2026-03-12;69584171.82
36248855000183;2026-03-13;67953577.97
36248863000120;2026-03-13;209414010.65
36248874000100;2026-03-13;352633713.97
36248918000100;2026-03-13;182961721.11
36249188000153;2026-03-13;10789800.23
36249200000120;2026-03-13;588768486.45
36249230000136;2026-03-13;45087538.86
36249245000102;2026-03-13;307558830.76
36249256000184;2026-03-13;52945536.95
36249269000153;2026-03-13;37817613.33
36249277000108;2026-03-13;8878943.86
36249284000100;2026-03-13;2064074.15
36249291000101;2026-03-13;10137866.46
36249300000156;2026-03-13;30957748.48
36249317000103;2026-03-13;1011037463.96
36249328000193;2026-03-12;55792670.32
36249351000188;2026-03-13;28142905.54
36249375000137;2026-03-13;33785682.32
36249379000115;2026-03-13;346131438.33
36249385000172;2026-03-13;40937522.27
36259192000100;2026-03-13;55586860.35
36262300000196;2026-03-13;882990871.25
36262529000120;2026-03-13;43598134.50
36262564000140;2026-03-13;4530876.38
36295878000149;2026-03-12;319526737.59
36318363000117;2026-03-13;15525342.75
36318449000140;2026-03-13;14700494.62
36318470000145;2026-03-13;48145929.25
36318479000156;2026-03-13;1941990709.07
36318507000135;2026-03-13;3699296.33
36318534000108;2026-03-13;14335373.82
36318544000143;2026-03-13;5015422.05
36318591000197;2026-03-13;88998557.64
36326771000110;2026-03-13;838610473.78
36326860000167;2026-03-13;31986497.85
36326889000149;2026-03-13;14898775.78
36326980000164;2026-03-13;12976675.49
36327048000156;2026-03-13;32011801.76
36327079000107;2026-03-13;69641652.74
36327192000192;2026-03-13;107601033.45
36327214000114;2026-03-13;45059078.23
36327253000111;2026-03-13;1733079.25
36327292000119;2026-03-13;6174999.90
36327334000111;2026-03-13;7816757.35
36327365000172;2026-03-13;21151147.40
36327405000186;2026-03-13;4997688.75
36327455000163;2026-03-13;79696665.25
36327536000163;2026-03-13;9939531.85
36327555000190;2026-03-13;18157656.98
36327569000103;2026-03-13;33063326.35
36327745000107;2026-03-13;12391218.61
36327776000168;2026-03-13;4589808.67
36346292000166;2026-03-13;71909388.51
36346343000150;2026-03-13;93053508.18
36346365000110;2026-03-13;297397307.39
36346391000148;2026-03-12;294800023.21
36346477000170;2026-03-13;29695717.55
36347600000178;2026-03-13;365384826.32
36347678000192;2026-03-13;178805137.96
36347706000171;2026-03-13;1509219647.37
36347721000110;2026-03-13;1935684798.12
36347815000199;2026-03-13;40723447.20
36347890000150;2026-03-13;479561396.85
36348109000161;2026-03-13;27136630.70
36348138000123;2026-03-13;82737885.33
36348176000186;2026-03-13;178212140.46
36348219000123;2026-03-13;4484485.69
36348294000194;2026-03-13;87205675.07
36348364000104;2026-03-13;441269965.58
36348392000121;2026-03-13;86042820.26
36348428000177;2026-03-13;194240473.41
36348463000196;2026-03-13;2003660619.74
36348509000177;2026-03-13;26998371.58
36348543000141;2026-03-13;2163213.77
36349877000130;2026-03-13;385028418.02
36350655000137;2026-03-13;135604296.82
36350666000117;2026-03-13;26567477.26
36351361000120;2026-03-13;15711449.49
36351407000100;2026-03-13;146822331.62
36352241000147;2026-03-12;26436306.61
36352273000142;2026-03-13;12141275.63
36352287000166;2026-03-13;9411538.43
36352306000154;2026-03-13;20941204.59
36352346000104;2026-03-13;61969131.98
36352361000144;2026-03-13;793689409.70
36352376000102;2026-03-13;218111332.89
36352384000159;2026-03-13;4720764.22
36352410000149;2026-03-13;3974394.85
36352424000162;2026-03-12;377305.00
36352475000194;2026-03-13;2476969.49
36352492000121;2026-03-13;18228000.29
36352498000107;2026-03-13;640928375.23
36352509000140;2026-03-13;641063942.00
36352521000155;2026-03-13;834730184.71
36352539000157;2026-03-13;2683213048.09
36352554000103;2026-03-13;214651528.83
36352590000169;2026-03-03;0.00
36352596000136;2026-03-13;18072249.30
36352610000100;2026-03-12;403089677.59
36352636000140;2026-03-13;3290597.52
36352662000178;2026-03-13;391630414.05
36352677000136;2026-03-13;14518146.20
36352709000101;2026-03-13;4980850.13
36352721000108;2026-03-13;14532375.86
36352751000114;2026-03-13;11650336.21
36352767000127;2026-03-13;46431727.37
36368438000174;2026-03-13;221501993.44
36368646000173;2026-03-13;1547007237.99
36368689000159;2026-03-13;3702852.78
36380409000128;2026-03-13;43725065.40
36397280000160;2026-03-13;7735210.08
36399842000105;2026-03-13;79583256.80
36399936000184;2026-03-13;4110477.49
36400043000101;2026-03-13;24903859.13
36400100000152;2026-03-13;29745004.03
36400120000123;2026-03-13;25484621.13
36400147000116;2026-03-13;15849369.10
36400177000122;2026-03-13;65732183.73
36400207000109;2026-03-13;94838037.31
36400227000171;2026-03-13;5162606.22
36400291000152;2026-03-13;25735268.45
36400318000107;2026-03-13;845271.93
36401278000118;2026-03-13;52074049.96
36428288000147;2026-03-13;102402542.94
36428314000137;2026-03-13;5303525.98
36428957000180;2026-03-13;4041617.23
36429849000122;2026-03-13;2023137.29
36436773000162;2026-03-13;46854446.96
36436794000188;2026-03-13;93849802.31
36436803000130;2026-03-13;1065811859.44
36436823000101;2026-03-13;21828942.74
36436838000170;2026-03-13;1048370586.47
36436851000129;2026-03-13;7143639.25
36436860000110;2026-03-13;79792990.34
36436870000155;2026-03-13;933265448.57
36436903000167;2026-03-13;360882782.50
36436923000138;2026-03-13;71354507.17
36436936000107;2026-03-13;102903400.23
36436955000133;2026-03-13;163288513.04
36440003000193;2026-03-13;18116142.51
36440023000164;2026-03-13;40820463.94
36440094000167;2026-03-13;22372483.45
36440234000105;2026-03-13;53369949.01
36440277000182;2026-03-13;14516642.35
36440332000134;2026-03-13;20121500.04
36440431000116;2026-03-13;40585641.64
36440467000108;2026-03-13;42267023.88
36443490000148;2026-03-13;394577949.09
36443522000105;2026-03-13;1963166805.71
36443587000150;2026-03-13;19417780.02
36445140000110;2026-03-12;7615529.74
36484248000112;2026-03-13;10205609.27
36492413000188;2026-03-13;198630369.62
36492446000128;2026-03-13;58051910.25
36492461000176;2026-03-13;930748520.01
36498149000190;2026-03-13;155013173.52
36498197000188;2026-03-13;163865315.39
36498388000140;2026-03-13;83649068.13
36498594000150;2026-03-13;327044844.91
36498633000119;2026-03-13;19809295.77
36498670000127;2026-03-13;3999165084.44
36499040000177;2026-03-13;21836830.83
36499357000103;2026-03-13;6091204.07
36499448000149;2026-03-13;32921766.28
36499460000153;2026-03-13;120325514.08
36499594000174;2026-03-13;1269782187.85
36499625000197;2026-03-13;13034331.44
36517797000146;2026-03-13;12917300.37
36517830000138;2026-03-12;12607142.14
36517858000175;2026-03-12;417817810.33
36517954000113;2026-03-12;19409231.22
36517971000150;2026-03-13;20817753.01
36518029000107;2026-03-12;332601991.90
36518051000157;2026-03-13;673715465.20
36518079000194;2026-03-12;327451689.21
36518103000195;2026-03-13;34843839.46
36518167000196;2026-03-13;32699724.56
36518187000167;2026-03-12;17630550.00
36521616000155;2026-03-12;18901320.46
36521632000148;2026-03-12;15200388.96
36521640000194;2026-03-13;93022345.86
36521658000196;2026-03-12;43316575.32
36521667000187;2026-03-13;15127530.48
36521676000178;2026-03-12;591764209.79
36521686000103;2026-03-12;1236328027.49
36521702000168;2026-03-12;154759104.28
36521721000194;2026-03-12;369467826.61
36521727000161;2026-03-12;25516042.62
36521733000119;2026-03-12;69350641.95
36521750000156;2026-03-12;414459388.11
36521762000180;2026-03-12;2089543.02
36521777000149;2026-03-13;5474119.73
36521791000142;2026-03-13;109898546.69
36521804000183;2026-03-13;133511041.25
36532178000120;2026-03-13;17190978.53
36544747000158;2026-03-13;46367701.10
36554324000119;2026-03-13;155037983.58
36554406000163;2026-03-13;225922786.65
36554485000102;2026-03-13;9784210.38
36601879000174;2026-03-13;42167873.17
36601895000167;2026-03-13;32099927.39
36601918000133;2026-03-13;80068488.37
36601968000110;2026-03-13;61662436.29
36615983000118;2026-03-12;2528751752.09
36617506000191;2026-03-12;0.00
36617518000116;2026-03-13;1162089.41
36617669000174;2026-03-12;2867750.13
36617679000100;2026-03-13;332504913.34
36617752000143;2026-03-12;6122387116.44
36617800000101;2026-03-12;1527816.06
36617817000150;2026-03-12;509462085.22
36617839000110;2026-03-12;241100125.91
36617853000114;2026-03-12;18650477.73
36619752000182;2026-03-12;45584118.12
36619783000133;2026-03-12;26357999.53
36619802000121;2026-03-13;6353809.10
36619844000162;2026-03-12;8881443.36
36619937000197;2026-03-12;2787142.57
36620025000135;2026-03-12;12368890.47
36620345000195;2026-03-12;22189814.08
36620364000111;2026-03-12;7475089.96
36620612000124;2026-03-12;2384477446.74
36620660000112;2026-03-12;2132360.71
36620688000150;2026-03-12;1066587.21
36620745000109;2026-03-13;80500356.55
36620786000197;2026-03-13;154315593.89
36620815000110;2026-03-12;19084819.41
36620846000171;2026-03-13;40502387.56
36620874000199;2026-03-12;21283796.14
36620943000164;2026-03-12;996444477.88
36620991000152;2026-03-12;338883758.62
36643493000125;2026-03-13;94054279.83
36643527000181;2026-03-13;3490825273.14
36655944000144;2026-03-13;11482895.14
36656408000163;2026-03-13;29775158.87
36656529000105;2026-03-13;31262260.91
36656721000100;2026-03-09;173786950.62
36656777000156;2026-03-13;86402519.24
36671748000163;2026-03-13;63196707.21
36671831000132;2026-03-13;418316422.28
36671861000149;2026-03-13;268971834.61
36671926000156;2026-03-12;32045928.63
36672135000140;2026-03-12;37122120.52
36672171000104;2026-03-13;44483721.83
36672219000184;2026-03-13;146914340.26
36693119000134;2026-03-13;422136404.28
36693130000102;2026-03-13;413013212.14
36703712000114;2026-03-12;8167089774.77
36703762000100;2026-03-12;3481212585.98
36703821000131;2026-03-12;8964751488.16
36703864000117;2026-03-13;200991932.16
36727650000180;2026-03-13;63413673.93
36727910000118;2026-03-13;96536690.97
36727986000143;2026-03-13;188492924.27
36728127000179;2026-03-13;9925603.00
36729801000130;2026-03-13;10168079.27
36729859000183;2026-03-13;31796362.31
36729882000178;2026-03-13;62545986.31
36741090000119;2026-03-13;53797030.82
36764134000126;2026-03-13;28198402.76
36771013000101;2026-03-13;278859780.14
36771076000168;2026-03-13;2424842.47
36771600000109;2026-03-12;17707022.62
36771708000193;2026-03-12;8771034.70
36771719000173;2026-03-13;979492927.23
36771728000164;2026-03-13;1084259461.98
36775910000193;2026-03-12;29391967.10
36775982000130;2026-03-13;590831655.95
36775996000154;2026-03-13;52316683.47
36776013000102;2026-03-13;78040832.23
36776046000144;2026-03-13;39000419.21
36776059000113;2026-03-13;9854943.93
36813292000129;2026-03-13;1387681658.41
36814743000142;2026-03-12;1285130.86
36821794000100;2026-03-13;147923015.49
36828584000135;2026-03-13;69936705.43
36828620000160;2026-03-13;32520869.25
36828894000150;2026-03-13;4916571.43
36828933000119;2026-03-13;68035632.23
36854581000176;2026-03-12;488864690.70
36857756000107;2026-03-13;133604102.39
36858007000196;2026-03-13;56744663.25
36858224000186;2026-03-13;14171936.08
36863176000114;2026-03-13;8266101.32
36863750000134;2026-03-12;21533517.66
36863807000103;2026-03-13;80221656.78
36863845000158;2026-03-12;20144158.59
36874409000184;2026-03-09;2603131759.88
36874628000163;2026-03-13;346937062.64
36875152000185;2026-03-13;408931374.63
36875188000169;2026-03-13;394710282.44
36875563000170;2026-03-13;236315818.09
36875602000130;2026-03-13;34099569.57
36876030000103;2026-03-13;32597405.94
36878815000115;2026-03-13;38923002.61
36878914000105;2026-03-12;22784365.04
36881596000123;2026-03-13;34930526.87
36881620000124;2026-03-13;499935581.55
36886256000195;2026-03-13;196163008.32
36886292000159;2026-03-13;35092209.78
36886327000150;2026-03-13;2534136.82
36886352000133;2026-03-13;17128537.00
36886385000183;2026-03-13;1069173.10
36896028000104;2026-03-13;15710596.24
36896565000146;2026-03-13;467267023.03
36896616000130;2026-03-12;6563744.48
36896684000107;2026-03-12;1000582279.98
36918451000150;2026-03-12;5775944.48
36935458000180;2026-03-13;79961581.42
36935494000143;2026-03-13;11439082.17
36935858000195;2026-03-13;21318862.81
36941622000161;2026-03-13;419605628.43
36945569000177;2026-03-11;55078576.94
36947582000165;2026-03-13;48524776.12
36947635000148;2026-03-12;306128477.65
36954008000134;2026-03-13;106561132.72
36954454000149;2026-03-13;98095396.56
36954496000180;2026-03-13;3567807.42
36954526000158;2026-03-13;946350141.44
36956337000114;2026-03-13;106554558.86
36956387000100;2026-03-11;0.00
36956426000160;2026-03-13;40852086.74
36956446000131;2026-03-13;21748791.91
36956479000181;2026-03-13;21196604.39
36956812000152;2026-03-13;2490294.72
36958195000124;2026-03-13;65465498.31
36958226000147;2026-03-13;14721266.61
36965268000105;2026-03-13;40062073.51
36965294000133;2026-03-13;7944280.88
36966636000130;2026-03-13;242660996.30
36966666000146;2026-03-13;86903896.59
36966702000171;2026-03-13;11188382.06
36966890000138;2026-03-13;33280486.07
36966920000106;2026-03-13;439076314.24
36976640000189;2026-03-13;50056560.67
36976786000124;2026-03-13;96286089.97
36976820000160;2026-03-13;34294257.55
36977246000165;2026-03-12;318395790.53
36978726000140;2026-03-12;68883379.06
36980723000141;2026-03-13;15921532.07
36980755000147;2026-03-13;1238390.40
36980813000132;2026-03-13;1237454.78
36986488000115;2026-03-13;16521059.25
36986672000165;2026-03-13;443595086.83
36986717000100;2026-03-13;210682216.37
36986777000114;2026-03-13;16854744.26
36986798000130;2026-03-13;536619795.49
36986851000100;2026-03-13;13100441.57
36988916000149;2026-03-13;2012243.05
36988981000174;2026-03-13;2137882.78
36992919000156;2026-03-13;56186874.18
36996656000153;2026-03-13;17246940.75
36996913000157;2026-03-13;58433396.05
37008320000106;2026-03-13;20148821.73
37008365000172;2026-03-13;19158965.26
37008378000141;2026-03-13;16009532.81
37008548000198;2026-03-13;0.00
37008633000156;2026-03-13;16758467.85
37008673000106;2026-03-13;17050217.69
37008704000110;2026-03-13;52163224.85
37009380000135;2026-03-13;0.00
37011361000143;2026-03-13;5159707.57
37011641000151;2026-03-13;78217051.00
37012958000102;2026-03-13;19031184.12
37013129000144;2026-03-13;79592663.80
37013446000160;2026-03-13;130415670.22
37013480000135;2026-03-13;59212112.77
37018145000120;2026-03-13;11890431.20
37018202000170;2026-03-13;21468330.63
37019430000165;2026-03-13;17947475.47
37036451000199;2026-03-13;42239554.53
37037374000191;2026-03-13;208509606.14
37037432000187;2026-03-13;8124522.78
37037502000105;2026-03-13;48814978.80
37037679000101;2026-03-13;2869840702.66
37037866000187;2026-03-13;140683549.97
37037999000153;2026-03-13;141504174.24
37041238000175;2026-03-13;1231895.93
37041681000146;2026-03-13;8263559.03
37041842000100;2026-03-13;8288395.70
37041947000150;2026-03-13;5396425.27
37042136000174;2026-03-13;69470133.27
37052390000153;2026-03-13;29391742.49
37052397000175;2026-03-13;171264188.29
37052449000103;2026-03-13;539738116.52
37052702000129;2026-03-13;6101614.10
37052998000188;2026-03-13;16626733.60
37053502000190;2026-03-11;951838410.73
37053678000142;2026-03-12;45046968.96
37058929000181;2026-03-13;1414885.05
37059085000193;2026-03-13;1405984.55
37066850000100;2026-03-13;30707603.12
37067209000182;2026-03-13;32081170.62
37067920000137;2026-03-12;35332832.20
37069872000116;2026-03-13;42764224.71
37069932000109;2026-03-13;3683614.28
37073307000122;2026-03-13;120767369.88
37073344000130;2026-03-13;15348160.05
37073352000187;2026-03-13;195972291.34
37073393000173;2026-03-13;200144735.84
37073431000198;2026-03-13;76358668.19
37073463000193;2026-03-13;32088217.45
37073492000155;2026-03-13;13379571.51
37073963000125;2026-03-13;26324250.50
37092411000164;2026-03-12;165184344.47
37092980000100;2026-03-13;66603671.65
37093047000157;2026-03-13;36350411.45
37093314000196;2026-03-13;4465648101.96
37093442000130;2026-03-12;164845798.79
37093744000108;2026-03-13;28530237.33
37098710000106;2026-03-13;89760790.60
37098846000116;2026-03-13;93980914.31
37098871000108;2026-03-13;68116158.65
37098885000113;2026-03-13;25032479.89
37098935000162;2026-03-13;1716343916.57
37099037000129;2026-03-13;291784313.05
37099054000166;2026-03-13;66724831.04
37099085000117;2026-03-12;38274208.86
37108062000121;2026-03-13;110174502.53
37108124000103;2026-03-13;71978470.36
37108151000178;2026-03-13;40179299.07
37110110000116;2026-03-13;2717278997.57
37110309000144;2026-03-13;428392610.63
37110572000133;2026-03-13;318179785.57
37116138000160;2026-03-13;29698755.89
37116197000139;2026-03-13;15608272.27
37116220000195;2026-03-13;43499611.13
37116296000110;2026-03-13;42605464.45
37116319000197;2026-03-13;13424295.48
37116351000172;2026-03-13;18328052.39
37116385000167;2026-03-13;18409564.42
37122145000175;2026-03-13;205683931.03
37122336000137;2026-03-13;12849688.02
37124118000131;2026-03-13;11833378.91
37124143000115;2026-03-13;34055485.23
37124157000139;2026-03-13;11841008.76
37128109000119;2026-03-13;14310106.49
37128202000123;2026-03-13;15961976.91
37164676000120;2026-03-13;32266278.98
37174205000101;2026-03-13;105519473.62
37174238000143;2026-03-13;16956021.83
37174262000182;2026-03-13;3795874.01
37179044000130;2026-03-13;101344959.81
37179079000170;2026-03-13;49475893.45
37179120000108;2026-03-13;137695127.99
37179162000149;2026-03-13;20628460.77
37179245000138;2026-03-13;9352228.95
37179339000107;2026-03-13;5664087.55
37179395000141;2026-03-13;894213809.23
37179450000101;2026-03-13;10340232.75
37179518000144;2026-03-13;2835393.34
37204746000127;2026-03-13;13859758.11
37204754000173;2026-03-13;1674365.82
37204759000104;2026-03-13;125664241.44
37204764000109;2026-03-13;166074775.45
37204791000181;2026-03-13;3375414.22
37204800000134;2026-03-13;4139047.89
37204806000101;2026-03-13;19434084.78
37204827000127;2026-03-13;24531683.82
37227760000146;2026-03-13;31566280.88
37227781000161;2026-03-13;82798898.73
37227791000105;2026-03-13;14919964.60
37228338000105;2026-03-13;23531251.27
37229215000199;2026-03-13;6379158.79
37230938000108;2026-03-13;5667274.32
37231005000135;2026-03-13;68173377.38
37231046000121;2026-03-13;159593141.36
37231240000107;2026-03-13;28056248.86
37231262000177;2026-03-13;1771784.24
37231455000128;2026-03-13;3204766.54
37235518000114;2026-03-13;36822372.75
37235748000183;2026-03-13;288903396.54
37235773000167;2026-03-13;954651923.98
37235820000172;2026-03-13;288967822.15
37235861000169;2026-03-13;954854785.24
37235948000136;2026-03-13;27795618424.69
37240404000162;2026-03-13;13707941.34
37240569000134;2026-03-13;208425593.77
37240599000140;2026-03-13;48028934.49
37240631000198;2026-03-13;47020288.76
37240657000136;2026-03-13;9060218.79
37240673000129;2026-03-13;53359679.39
37240709000174;2026-03-13;16212589.15
37240838000162;2026-03-13;13710850.26
37240874000126;2026-03-13;187650573.43
37240914000130;2026-03-13;824410331.99
37242190000163;2026-03-13;115048975.53
37242288000110;2026-03-13;16399701.66
37242321000102;2026-03-13;18324964.70
37242345000161;2026-03-13;23948556.73
37242677000146;2026-03-13;194343545.45
37243087000138;2026-03-13;22591388.88
37243130000165;2026-03-13;20555658.56
37243154000114;2026-03-13;16000408.52
37243191000122;2026-03-13;256087766.18
37243703000150;2026-03-13;13355453.04
37243770000175;2026-03-13;53078843.30
37247949000109;2026-03-13;2092307104.39
37248090000144;2026-03-12;72920349.88
37248108000108;2026-03-13;1561230970.82
37251421000103;2026-03-13;22015964.40
37253989000155;2026-03-13;28926567.06
37254045000100;2026-03-13;4427630.24
37254061000195;2026-03-13;8085019.19
37254131000105;2026-03-13;39499846.54
37254163000100;2026-03-13;12897635.69
37255480000141;2026-03-13;116740509.68
37257281000172;2026-03-13;11576120.86
37257316000173;2026-03-13;76822599.26
37258197000173;2026-03-13;30575078.62
37258318000187;2026-03-13;40106766.33
37258362000197;2026-03-13;39919738.50
37258432000107;2026-03-13;106027706.81
37258625000168;2026-03-13;13751090.56
37258646000183;2026-03-13;203813205.92
37262972000164;2026-03-13;15966693.59
37266789000137;2026-03-13;18297996.89
37266832000164;2026-03-13;30273968.55
37266971000198;2026-03-13;25183984.45
37267042000101;2026-03-13;170853754.16
37267094000170;2026-03-13;59966661.49
37267132000194;2026-03-13;18161791.32
37278433000113;2026-03-13;49828494.23
37278450000150;2026-03-13;8130791.66
37278510000135;2026-03-13;325005347.78
37278685000142;2026-03-13;28325970.35
37279388000111;2026-03-13;61046413.55
37279427000180;2026-03-13;12411462.27
37280124000188;2026-03-12;9249703.64
37280163000185;2026-03-12;57008507.63
37280206000122;2026-03-12;4122941.69
37280263000101;2026-03-12;6421636.12
37282299000124;2026-03-12;1012597.45
37282459000135;2026-03-13;51330891.48
37287382000196;2026-03-13;101221866.60
37287419000186;2026-03-13;426281795.37
37287572000103;2026-03-13;6980265.21
37298350000196;2026-03-13;19011641.56
37298928000104;2026-03-12;6234916.83
37299026000192;2026-03-12;1435170.45
37299261000164;2026-03-12;15682788.49
37300397000147;2026-03-13;154222026.98
37306443000115;2026-03-13;58048490.56
37306507000188;2026-03-13;183117982.54
37306536000140;2026-03-13;638594149.18
37306612000117;2026-03-13;315621694.49
37307077000119;2026-03-13;53539803.94
37307475000135;2026-03-13;351358900.88
37307534000175;2026-03-13;65445551.16
37308317000108;2026-03-13;299406214.85
37308394000150;2026-03-13;186919186.33
37310314000109;2026-03-13;9843358.59
37310657000165;2026-03-13;1135524881.34
37310847000182;2026-03-13;44084203.58
37311726000155;2026-03-12;72727576.81
37313900000107;2026-03-13;28486611.49
37319367000182;2026-03-13;419536340.39
37319460000197;2026-03-13;38217479.08
37319496000170;2026-03-13;13810705.57
37319827000172;2026-03-13;556267957.79
37319862000191;2026-03-13;176015938.80
37319911000196;2026-03-13;379874834.44
37320765000119;2026-03-13;72012575.91
37320831000150;2026-03-13;64748048.06
37322048000126;2026-03-13;1279388675.20
37322097000169;2026-03-13;49723745.09
37324862000180;2026-03-13;404615675.83
37331175000191;2026-03-13;97220751.37
37331214000150;2026-03-13;24921396.12
37331231000198;2026-03-13;31473347.65
37331285000153;2026-03-13;55704254.57
37331299000177;2026-03-13;98116633.33
37331322000123;2026-03-13;3293125.37
37331342000102;2026-03-13;55755917.20
37331365000109;2026-03-13;98143438.50
37332430000110;2026-03-12;1203135.59
37332474000140;2026-03-12;49763073.28
37332530000147;2026-03-12;44743427.88
37332601000101;2026-03-12;455377236.25
37332819000166;2026-03-13;7654538842.25
37333215000134;2026-03-13;17048712.86
37333734000100;2026-03-13;18786577.83
37333779000177;2026-03-13;45860701.69
37333875000115;2026-03-13;2016692.23
37333930000177;2026-03-13;0.00
37333961000128;2026-03-13;91665572.79
37333999000109;2026-03-13;36627148.04
37334028000175;2026-03-13;83929706.07
37334118000166;2026-03-13;61521547.19
37347946000139;2026-03-13;776895594.84
37347996000116;2026-03-13;1055778406.05
37348021000102;2026-03-13;30300238.33
37348037000115;2026-03-13;279655456.20
37348061000154;2026-03-13;16861366.89
37348087000100;2026-03-13;194045575.72
37348103000157;2026-03-13;20747866.30
37348143000107;2026-03-13;4062043.08
37348176000149;2026-03-13;93367367.69
37351284000170;2026-03-13;233750605.96
37351324000184;2026-03-13;25123446.11
37355272000114;2026-03-13;16157599.19
37355327000196;2026-03-13;4923748.60
37355378000118;2026-03-13;160992638.58
37355533000104;2026-03-13;20552432.15
37355605000105;2026-03-13;20902603.83
37355672000120;2026-03-13;17849522.21
37361858000191;2026-03-12;2282583.04
37366939000184;2026-03-13;59885356.44
37367003000178;2026-03-13;17454355.10
37367039000151;2026-03-13;203291363.03
37367078000159;2026-03-13;22817593.44
37367841000141;2026-03-13;66590672.82
37367891000129;2026-03-13;8576987.90
37367980000175;2026-03-13;64658097.65
37368078000173;2026-03-13;244881648.37
37368116000198;2026-03-13;131612308.77
37368165000120;2026-03-13;963686117.47
37379155000190;2026-03-13;6000871.81
37380811000175;2026-03-13;4922517494.17
37388215000131;2026-03-13;20812444.68
37388260000196;2026-03-13;9462773.72
37388322000160;2026-03-13;168286796.39
37388333000140;2026-03-13;63302225.91
37396696000127;2026-03-13;283984881.17
37404832000183;2026-03-12;12141328.96
37404867000112;2026-03-13;284288901.69
37405108000174;2026-03-13;15059502.06
37405165000153;2026-03-13;28442733.36
37405187000113;2026-03-13;3350359956.45
37405212000169;2026-03-13;319355414.90
37406920000114;2026-03-13;16916694.49
37414159000162;2026-03-13;10997189.92
37428260000172;2026-03-13;752330472.39
37428823000122;2026-03-13;32447370.27
37429324000150;2026-03-13;14430296.32
37429375000181;2026-03-13;25362234.20
37429540000103;2026-03-13;15590376.25
37429725000100;2026-03-13;10067707.02
37437010000107;2026-03-12;6591217.71
37439845000198;2026-03-12;9075456.00
37439899000153;2026-03-12;9250330.53
37439967000184;2026-03-13;72592871.02
37440121000164;2026-03-13;149612081.50
37440165000194;2026-03-13;75408425.54
37440769000130;2026-03-13;17030627.45
37443361000112;2026-03-13;172329757.26
37443548000116;2026-03-13;1266510223.76
37443599000148;2026-03-13;29055693.75
37452344000141;2026-03-13;63695580.73
37452388000171;2026-03-13;29893105.90
37452759000115;2026-03-13;29455906.25
37452819000108;2026-03-13;216338205.67
37454321000176;2026-03-13;21818189.33
37457182000134;2026-03-13;28231103.37
37467376000110;2026-03-13;114492372.66
37467474000158;2026-03-13;188234719.88
37467515000106;2026-03-13;87195343.59
37467600000174;2026-03-13;0.00
37467645000149;2026-03-13;209032506.48
37483037000128;2026-03-13;32548715.88
37483089000102;2026-03-12;34469550.18
37483133000176;2026-03-13;5243995.28
37483144000156;2026-03-13;1587248.06
37483238000125;2026-03-13;65613878.96
37487351000189;2026-03-13;67191423.50
37487439000109;2026-03-13;13742645.02
37487500000100;2026-03-13;94239382.61
37487547000173;2026-03-13;13598752.35
37487612000160;2026-03-13;92106041.68
37487768000141;2026-03-13;49608643.31
37487877000169;2026-03-13;123197798.70
37489109000144;2026-03-13;23098158.63
37489180000127;2026-03-13;25026138.29
37495195000106;2026-03-13;46229141.31
37495352000175;2026-03-13;33890822.23
37495383000126;2026-03-13;83272567.37
37503400000120;2026-03-13;64995050.28
37503473000111;2026-03-13;40499999.83
37503518000158;2026-03-13;32491179.64
37504028000176;2026-03-13;11564343.48
37504085000155;2026-03-13;696758.87
37510387000136;2026-03-12;1950570.70
37510628000147;2026-03-12;823066.32
37511023000170;2026-03-12;122118669.17
37511911000193;2026-03-13;34415319.18
37514855000140;2026-03-13;22097631.93
37514937000195;2026-03-13;1695219.86
37514976000192;2026-03-13;101361310.53
37515014000158;2026-03-13;28243856.93
37525819000182;2026-03-13;32765462.63
37525998000158;2026-03-13;5350714769.68
37526588000121;2026-03-12;7941634.02
37527569000110;2026-03-12;184492302.24
37532786000106;2026-03-13;665491950.52
37532821000189;2026-03-13;84383929.18
37532896000160;2026-03-13;7262486.05
37539419000126;2026-03-13;87724678.70
37539489000184;2026-03-13;29137438.47
37539519000152;2026-03-13;57067937.89
37539581000144;2026-03-13;992667457.48
37539994000129;2026-03-13;32372726.76
37540016000105;2026-03-13;66581855.67
37540038000167;2026-03-13;86357553.53
37541342000129;2026-03-13;38372816.91
37541379000157;2026-03-13;38378391.53
37541412000149;2026-03-13;62451333.75
37541542000181;2026-03-12;69250074.53
37552904000130;2026-03-13;3065169.64
37553253000100;2026-03-05;34940766227.03
37553317000165;2026-03-13;16421892.01
37553464000135;2026-03-13;78223593.46
37553499000174;2026-03-12;36695862.30
37554220000177;2026-03-12;2536528.81
37554255000106;2026-03-12;1656012.56
37554478000173;2026-03-12;22988248.69
37555061000125;2026-03-13;32534847.19
37555088000118;2026-03-13;303608321.21
37555105000117;2026-03-13;28981370.63
37555124000143;2026-03-13;10186434.19
37555151000116;2026-03-13;25537802.14
37555170000142;2026-03-13;328994105.10
37555192000102;2026-03-13;448551579.63
37555214000134;2026-03-13;34318620.21
37555290000140;2026-03-13;70345904.73
37557820000199;2026-03-13;4953840.27
37563720000175;2026-03-13;17552189.97
37564486000109;2026-03-13;94237629.60
37564839000162;2026-03-13;89210470.58
37565155000185;2026-03-12;237298.30
37565243000187;2026-03-12;12303714.02
37565324000187;2026-03-12;84249272.72
37567174000140;2026-03-13;92103309.99
37567202000120;2026-03-13;33166949.74
37567326000105;2026-03-13;15551483.89
37567352000133;2026-03-13;4798834.76
37567365000102;2026-03-13;25167078.61
37567399000105;2026-03-13;2345022.47
37569678000108;2026-03-13;4925520.55
37569846000157;2026-03-13;338924022.71
37569931000115;2026-03-13;21025612.42
37569990000193;2026-03-13;8900861.15
37571475000148;2026-03-13;34793401.89
37577028000104;2026-03-12;72481131.05
37577218000113;2026-03-12;104521383.07
37577371000140;2026-03-12;77800969.14
37577523000105;2026-03-13;11739127.13
37577675000108;2026-03-13;10324382.16
37583188000158;2026-03-13;2774737.23
37584079000155;2026-03-13;74762926.13
37590561000106;2026-03-12;9492738.88
37591185000166;2026-03-12;79892892.78
37591275000157;2026-03-13;39156999.77
37591444000159;2026-03-13;2983347688.10
37606527000174;2026-03-13;32708597.94
37606634000100;2026-03-13;28109427.39
37608715000131;2026-03-13;1822354023.51
37608764000174;2026-03-12;8643628.87
37623383000164;2026-03-13;151230734.59
37623464000164;2026-03-13;15067596.42
37623549000142;2026-03-13;250252802.61
37623588000140;2026-03-13;702321568.30
37623616000129;2026-03-13;1859076.09
37626598000139;2026-03-13;238560458.31
37626651000100;2026-03-13;280073934.87
37626750000183;2026-03-13;24163860.44
37626796000100;2026-03-13;70592675.61
37626895000184;2026-03-13;62648490.65
37627843000122;2026-03-13;4541357.65
37627900000173;2026-03-13;523828.77
37627950000150;2026-03-13;16920865.33
37645515000159;2026-03-13;82991610.82
37646439000104;2026-03-13;3918639186.62
37649607000107;2026-03-13;19202537.94
37649652000161;2026-03-13;10133853655.86
37649673000187;2026-03-13;3805637022.81
37649691000169;2026-03-13;319694860.85
37649713000190;2026-03-13;2728004809.33
37649728000159;2026-03-13;120890345.59
37650394000133;2026-03-13;108140912.97
37650426000109;2026-03-13;5019654953.52
37650461000110;2026-03-13;130532552.34
37650770000190;2026-03-13;15750853.42
37650802000157;2026-03-13;8078395.14
37650998000180;2026-03-13;255297668.14
37651083000199;2026-03-13;35695409.80
37651140000130;2026-03-13;12152147.18
37651174000124;2026-03-13;25081545.83
37653673000150;2026-03-13;3804874.73
37653701000130;2026-03-13;37447104.05
37653910000183;2026-03-12;105472595.47
37663066000171;2026-03-13;52196163.62
37663329000142;2026-03-13;1240000.64
37663456000141;2026-03-13;46492251.77
37663536000105;2026-03-06;5012609.80
37663616000152;2026-03-13;247033193.34
37680936000110;2026-03-13;1862648.79
37680982000110;2026-03-13;18659947.46
37681022000174;2026-03-12;23984693.94
37681077000184;2026-03-13;11206194.32
37681117000198;2026-03-13;36691348.23
37681176000166;2026-03-13;12402170.15
37681265000102;2026-03-13;56387570.33
37681308000150;2026-03-13;36840619.34
37683508000141;2026-03-12;34817671.03
37695697000172;2026-03-13;486351119.59
37695837000102;2026-03-13;163600626.25
37695866000174;2026-03-13;252065292.45
37695914000124;2026-03-13;2030541.17
37695975000191;2026-03-13;9561803.48
37703536000183;2026-03-12;14898526.27
37703644000156;2026-03-12;5520644.63
37706676000105;2026-03-13;623815672.00
37714624000180;2026-03-13;834327592.68
37715244000160;2026-03-13;3870731.33
37715302000156;2026-03-12;32427164.50
37715344000197;2026-03-13;314420220.19
37715390000196;2026-03-12;18607202.33
37715506000197;2026-03-13;9006707.87
37715552000196;2026-03-13;120237619.88
37719396000131;2026-03-13;195576794.94
37719452000138;2026-03-13;197597690.76
37728016000125;2026-03-13;109371653.65
37728047000186;2026-03-13;14367531.83
37728756000161;2026-03-13;113690606.06
37728799000147;2026-03-10;229660790.41
37729228000127;2026-03-13;857675029.95
37730471000165;2026-03-13;464049547.19
37734608000150;2026-03-13;549055102.67
37743584000103;2026-03-13;124583581.33
37743633000108;2026-03-13;36828465.23
37743657000159;2026-03-13;4273192.91
37743784000158;2026-03-13;36521242.44
37743823000117;2026-03-13;191391288.89
37743868000191;2026-03-13;7891361.46
37750319000144;2026-03-12;24776714.89
37750431000185;2026-03-12;15496362.79
37750485000140;2026-03-12;531494523.46
37750625000180;2026-03-12;31201409.18
37750682000160;2026-03-12;54426964.68
37751366000102;2026-03-13;29927639.75
37751417000104;2026-03-13;136051615.65
37751822000114;2026-03-13;13002881.37
37758648000131;2026-03-12;24280443.66
37758656000188;2026-03-13;1299997906.94
37758662000135;2026-03-13;36235628.86
37758827000179;2026-03-13;74280549.51
37758882000169;2026-03-13;265572830.87
37759170000164;2026-03-13;15217244.63
37759821000116;2026-03-13;25904496.86
37759860000113;2026-03-12;10406420.76
37759937000155;2026-03-13;61056620.03
37760091000173;2026-03-12;21615052.53
37760129000108;2026-03-13;39564181.86
37760167000160;2026-03-13;72073336.14
37780270000172;2026-03-13;64813740.06
37782470000164;2026-03-13;18667224.65
37801056000155;2026-03-13;19007432.80
37801249000106;2026-03-12;43248526.45
37801363000136;2026-03-13;42445795.61
37802039000132;2026-03-13;6403179.81
37802092000133;2026-03-13;6403058.68
37805659000125;2026-03-13;103081117.53
37805765000109;2026-03-13;30537980.42
37805877000160;2026-03-13;46772813.17
37805950000101;2026-03-13;22507031.98
37805999000156;2026-03-13;16216335.26
37821575000185;2026-03-13;2886835.15
37821672000178;2026-03-12;1240414.05
37821719000101;2026-03-13;153687526.78
37828196000117;2026-03-13;742917209.45
37828367000108;2026-03-13;151996371.40
37828413000179;2026-03-13;4020855.28
37828457000107;2026-03-13;59168477.75
37828502000115;2026-03-13;12819395.77
37828591000108;2026-03-13;37212018.39
37828851000137;2026-03-12;67208450.65
37828947000103;2026-03-13;8329026.00
37829187000140;2026-03-13;249149342.09
37829233000101;2026-03-13;130605577.95
37829269000195;2026-03-13;1106201.48
37829310000123;2026-03-13;15860763.85
37829833000170;2026-03-12;42135422.02
37830134000140;2026-03-13;5853604.97
37830181000193;2026-03-13;5855562.79
37842935000125;2026-03-13;29686586.86
37842970000144;2026-03-13;53144685.53
37843023000178;2026-03-11;1480350.97
37843050000140;2026-03-13;51877083.29
37843177000160;2026-03-13;41938424.26
37843206000193;2026-03-13;693206.22
37843320000113;2026-03-13;117710519.83
37844389000161;2026-03-13;582802647.73
37844799000102;2026-03-12;207105177.65
37844900000125;2026-03-13;1829999.19
37844994000132;2026-03-13;9741596.35
37867404000197;2026-03-13;26112170.90
37867754000153;2026-03-13;109493177.39
37868028000155;2026-03-13;26565144.22
37868086000189;2026-03-13;32907665.69
37887306000111;2026-03-13;896386962.01
37887412000103;2026-03-13;22374318.54
37887638000104;2026-03-13;13827985.31
37887733000108;2026-03-13;293912603.61
37887798000145;2026-03-13;90226129.38
37887913000181;2026-03-13;63400431.16
37887955000112;2026-03-13;38633729.38
37893242000161;2026-03-13;77102137.30
37893248000139;2026-03-13;3750251.05
37893251000152;2026-03-13;22133505.11
37893263000187;2026-03-13;121142760.95
37893304000135;2026-03-13;14093829.10
37893331000108;2026-03-13;1402918.82
37893354000112;2026-03-13;55996627.32
37895276000195;2026-03-13;176071125.59
37895385000102;2026-03-13;121017868.86
37899720000140;2026-03-13;141289410.05
37900124000133;2026-03-13;1881403.20
37900216000113;2026-03-13;519632271.02
37910132000160;2026-03-16;559145906.48
37910181000101;2026-03-13;2251286.59
37910253000102;2026-03-13;28063508.64
37911384000104;2026-03-12;33861428.03
37916879000126;2026-03-13;10238088974.04
37917725000159;2026-03-13;2215393.45
37927502000172;2026-03-13;30008532.90
37927544000103;2026-03-13;11177439.04
37927600000100;2026-03-13;49419896.70
37927641000104;2026-03-13;305546612.09
37927677000180;2026-03-13;81324060.69
37927707000158;2026-03-13;4225939899.29
37927930000103;2026-03-13;8226992.56
37928209000120;2026-03-13;15809194.65
37929918000120;2026-03-13;110768087.67
37931426000179;2026-03-12;12361582.56
37944482000148;2026-03-13;814991.57
37944516000102;2026-03-13;7197468.07
37953191000116;2026-03-13;113618264.26
37953241000165;2026-03-13;3161104.19
37953365000140;2026-03-13;1344545056.66
37953484000101;2026-03-13;92799668.50
37967685000150;2026-03-13;60951006.06
37967744000190;2026-03-13;208684840.88
37967972000160;2026-03-13;15593298.69
37969015000172;2026-03-13;20898676.49
37970246000104;2026-03-13;30197430.74
37978642000170;2026-03-13;321868.35
37979878000120;2026-03-13;51244432.57
37985709000101;2026-03-13;45277682.23
37987367000150;2026-03-12;44078662.72
37987887000163;2026-03-12;16452076.94
37988056000106;2026-03-12;26116290.71
37988084000123;2026-03-12;17011796.34
37993822000120;2026-03-12;35964786.34
37993866000150;2026-03-12;40082268.78
37993924000146;2026-03-13;260197.49
37994251000149;2026-03-13;1662760.95
38000771000151;2026-03-13;4581627490.25
38001966000116;2026-03-13;16041534.66
38010510000112;2026-03-13;35304525.55
38012975000102;2026-03-13;15736783.20
38013106000100;2026-03-12;351397585.70
38015623000100;2026-03-13;49777873.88
38015671000107;2026-03-13;7537368.23
38015697000147;2026-03-12;3397090.08
38015734000117;2026-03-13;15992506.91
38015773000114;2026-03-13;16602407.04
38025634000171;2026-03-13;87264558.59
38025711000193;2026-03-13;2051243.76
38026392000130;2026-03-13;12069931.10
38026540000117;2026-03-13;1584326.17
38026664000100;2026-03-13;3856111.54
38026814000178;2026-03-13;131096794.25
38026869000188;2026-03-13;449568692.70
38026926000129;2026-03-13;457105430.13
38027087000163;2026-03-13;10579606.59
38027135000113;2026-03-13;221010400.27
38027169000108;2026-03-13;149274123.98
38027859000167;2026-03-13;14501554.28
38028730000173;2026-03-13;43490776.46
38028763000113;2026-03-12;19519882.12
38028868000172;2026-03-13;8305545.71
38028896000190;2026-03-13;8303899.25
38028983000147;2026-03-13;8717292.20
38029012000111;2026-03-13;8717326.61
38029078000101;2026-03-12;352447651.17
38032334000110;2026-03-13;6894487.81
38032394000132;2026-03-13;529228.11
38032483000189;2026-03-13;5564224.43
38032588000138;2026-03-13;190017468.77
38032670000162;2026-03-13;5563355.80
38033115000155;2026-03-13;6273417.55
38033417000123;2026-03-12;37901325.51
38034398000150;2026-03-12;201220245.64
38034896000100;2026-03-13;3446008.81
38034988000182;2026-03-13;45350976.96
38035023000104;2026-03-13;3491508.41
38035064000109;2026-03-13;1176525.43
38035110000161;2026-03-13;8279788.93
38035151000158;2026-03-13;3466843.70
38048663000159;2026-03-13;9496012.64
38048764000120;2026-03-13;11797829.38
38048878000170;2026-03-13;18989799.98
38048972000129;2026-03-13;79072928.45
38049038000121;2026-03-13;32510988.68
38049108000141;2026-03-13;217885594.23
38049229000193;2026-03-13;260388738.40
38049303000171;2026-03-13;147990276.22
38049520000161;2026-03-13;558121421.99
38049769000177;2026-03-12;3412861.08
38050042000100;2026-03-13;316048374.05
38050099000109;2026-03-16;0.00
38050451000106;2026-03-13;2325850.00
38050501000155;2026-03-13;53607406.44
38051463000155;2026-03-13;16436153.09
38057590000161;2026-03-13;26549064.08
38057973000130;2026-03-12;10981958.12
38060123000190;2026-03-13;9726566.10
38064830000155;2026-03-13;46986773.27
38065012000177;2026-03-12;1270047257.61
38065123000183;2026-03-13;109143254.24
38065484000120;2026-03-13;19701961.34
38065581000112;2026-03-13;24542489.21
38066095000119;2026-03-13;75001726.29
38066425000176;2026-03-12;167470219.08
38066549000151;2026-03-12;83617520.13
38068830000123;2026-03-13;2626402605.71
38068926000191;2026-03-13;1451051687.34
38069079000180;2026-03-13;1104041688.07
38069102000136;2026-03-13;94877182.14
38069214000197;2026-03-13;32035779.23
38074718000103;2026-03-12;16583604.26
38075290000105;2026-03-12;25397786.39
38075576000190;2026-03-13;1504986.26
38075802000133;2026-03-12;12155121.89
38077221000130;2026-03-13;43133840.31
38082337000168;2026-03-13;2451852.23
38082377000100;2026-03-13;22500266.96
38082515000150;2026-03-13;11978712.46
38082985000114;2026-03-12;3876588.37
38090040000144;2026-03-12;51640693.64
38090070000150;2026-03-13;334003562.28
38090099000132;2026-03-13;301652331.31
38090128000166;2026-03-13;163679307.20
38090170000187;2026-03-13;192722453.45
38098526000129;2026-03-13;27294916.54
38108832000107;2026-03-13;104737395.93
38108848000101;2026-03-13;11300933.50
38108949000182;2026-03-13;42133970.36
38108976000155;2026-03-13;149437572.46
38109944000174;2026-03-13;12324341.53
38109969000178;2026-03-13;1263674407.59
38110005000140;2026-03-13;28762534.88
38110038000190;2026-03-13;28983323.53
38110528000196;2026-03-13;74371747.20
38110562000160;2026-03-13;17311848.50
38110600000185;2026-03-13;81746197.46
38110643000160;2026-03-13;42253790.98
38111943000164;2026-03-13;74527220.73
38112077000126;2026-03-13;111583308.13
38120661000123;2026-03-13;20875311.75
38120748000109;2026-03-13;13622918.75
38120809000120;2026-03-13;71482558.30
38120857000118;2026-03-13;53088092.51
38120941000131;2026-03-13;108414844.65
38130358000101;2026-03-13;11972680.77
38130390000197;2026-03-13;371009373.60
38132757000101;2026-03-12;24033840.18
38132871000131;2026-03-12;12486631.15
38134833000118;2026-03-12;2024558.64
38134900000102;2026-03-12;60382374.59
38136661000111;2026-03-13;37524440.43
38136756000135;2026-03-12;38811042.03
38136992000151;2026-03-11;483176913.22
38150305000152;2026-03-13;13208447.99
38150388000180;2026-03-13;23037637.48
38150724000194;2026-03-11;11757198.32
38150783000162;2026-03-13;6932750.48
38150833000101;2026-03-13;58318601.95
38163592000135;2026-03-13;23885281.34
38163629000125;2026-03-13;25185110.90
38167819000110;2026-03-13;443510164.01
38173724000100;2026-03-13;109237708.18
38173750000138;2026-03-13;13108357.37
38173778000175;2026-03-13;28965389.30
38180248000154;2026-03-13;249995046.07
38180332000178;2026-03-13;51001782.76
38180387000188;2026-03-13;2347381.11
38195181000121;2026-03-12;4509579.70
38195315000104;2026-03-12;22631023.60
38195704000130;2026-03-12;10541020.42
38195760000174;2026-03-13;35292968.29
38195881000116;2026-03-12;57063597.34
38195945000189;2026-03-12;2998604.97
38196095000133;2026-03-13;33621807.74
38196165000153;2026-03-12;39920410.90
38196502000102;2026-03-12;4394955.25
38221572000173;2026-03-13;4516988.50
38221605000185;2026-03-13;4655928.89
38226052000153;2026-03-13;4794052.54
38226078000100;2026-03-13;153772401.17
38226584000190;2026-03-13;80655754.78
38228369000129;2026-03-13;3409919.53
38230040000100;2026-03-13;292555905.17
38236215000189;2026-03-13;103228658.42
38236242000151;2026-03-13;103219016.20
38236291000194;2026-03-13;41459777.25
38243460000113;2026-03-13;55818378.19
38243520000106;2026-03-13;106595637.81
38243964000133;2026-03-13;28020161.79
38248976000150;2026-03-13;9125088.90
38249045000177;2026-03-13;7076730.75
38249176000154;2026-03-13;7021211.69
38249250000132;2026-03-13;132182516.39
38249303000115;2026-03-13;4259469.14
38250028000150;2026-03-13;16227385.18
38250097000163;2026-03-13;56574026.23
38251322000186;2026-03-13;56622407.85
38251507000190;2026-03-13;809458559.86
38251735000160;2026-03-13;15861854.46
38251875000139;2026-03-13;16027088.99
38252499000105;2026-03-13;15098849.73
38252543000179;2026-03-13;40446469.76
38262364000112;2026-03-13;8042726.19
38262397000162;2026-03-13;37585211.53
38263020000128;2026-03-13;481685570.64
38263078000171;2026-03-13;478684027.89
38263269000133;2026-03-13;7767837.29
38263360000159;2026-03-12;6909773.77
38263435000100;2026-03-12;29352078.36
38267707000131;2026-03-13;64402778.68
38267814000160;2026-03-13;13925310.40
38267841000132;2026-03-13;15111396.25
38267899000186;2026-03-13;13774053.65
38267929000154;2026-03-13;353447733.21
38267965000118;2026-03-13;350983412.15
38267982000155;2026-03-13;3366671.85
38280382000127;2026-03-13;1210909.46
38280851000108;2026-03-13;13215882.45
38280883000103;2026-03-13;875587769.04
38280927000103;2026-03-13;25548899.54
38281055000190;2026-03-13;1184401.79
38281141000100;2026-03-13;29341675.58
38281263000199;2026-03-13;11562877.39
38281316000171;2026-03-13;13596562.60
38281372000106;2026-03-13;32902994.61
38281397000100;2026-03-13;11419526.85
38281419000131;2026-03-13;35872062.41
38281448000101;2026-03-13;128452270.84
38281467000120;2026-03-13;117182726.78
38281496000191;2026-03-13;237680028.15
38287055000105;2026-03-13;24988339.66
38287137000141;2026-03-13;4390602.57
38287187000129;2026-03-13;21098019.59
38287841000102;2026-03-13;579887628.10
38306109000124;2026-03-13;12823163.59
38306125000117;2026-03-12;3786386.23
38306308000132;2026-03-12;2714624.54
38306388000126;2026-03-13;1532549.85
38306746000109;2026-03-13;70691285.26
38306843000193;2026-03-12;104717802.23
38306860000120;2026-03-13;612259012.27
38314962000198;2026-03-12;76806916.90
38315403000100;2026-03-12;50523611.12
38315430000175;2026-03-12;15019635.61
38315464000160;2026-03-12;21922630.27
38315700000148;2026-03-12;332817.34
38315724000105;2026-03-12;1889335.32
38315751000170;2026-03-12;2271394.18
38315787000153;2026-03-12;25481856.61
38317872000150;2026-03-13;16866453.76
38318061000174;2026-03-13;195969025.93
38318112000168;2026-03-13;873559.81
38318178000158;2026-03-13;16800407.65
38318232000165;2026-03-13;36415370.54
38318335000125;2026-03-13;29745975.05
38330278000108;2026-03-12;52538124.04
38330325000105;2026-03-12;83895128.76
38330383000139;2026-03-12;5020541.24
38330501000109;2026-03-12;2606589.27
38331169000105;2026-03-13;1750599.62
38331410000198;2026-03-13;314365273.13
38331457000151;2026-03-13;135006847.69
38348815000139;2026-03-06;0.00
38350520000105;2026-03-13;152890511.43
38350584000106;2026-03-12;1984946.67
38350760000100;2026-03-13;41176095.48
38350833000155;2026-03-13;41193564.15
38351057000108;2026-03-13;228128875.78
38351097000150;2026-03-13;88377068.03
38351158000189;2026-03-13;2821137.01
38351399000128;2026-03-13;32133457.21
38351476000140;2026-03-13;80040109.29
38351701000148;2026-03-12;1140618.73
38351758000147;2026-03-13;30035462.84
38351815000198;2026-03-13;32267322.93
38351875000100;2026-03-13;13435701.63
38354790000186;2026-03-13;19782762.24
38355041000173;2026-03-13;59697465.32
38376552000171;2026-03-13;70523687.05
38376702000147;2026-03-13;86865477.04
38376731000109;2026-03-13;31537514.53
38376759000146;2026-03-13;169221208.80
38377114000128;2026-03-13;6320958.29
38377290000160;2026-03-12;88044554.02
38377384000139;2026-03-13;6534371.25
38377471000196;2026-03-13;112697354.98
38377512000144;2026-03-13;40384947.46
38377524000179;2026-03-13;21127864.45
38386517000133;2026-03-13;3581457.44
38386893000128;2026-03-13;11157000.15
38386961000159;2026-03-13;487717493.62
38387107000107;2026-03-12;6308792.59
38388984000100;2026-03-13;212268448.50
38389079000167;2026-03-12;83637735.88
38389372000124;2026-03-13;22111940.90
38389944000175;2026-03-13;42148658.36
38390298000166;2026-03-13;10251313.90
38390486000194;2026-03-13;33696952.28
38390537000188;2026-03-12;7762186.10
38393824000141;2026-03-13;3793457.28
38393959000107;2026-03-11;112554195.97
38394200000149;2026-03-13;69551421.47
38401374000191;2026-03-13;8050798.95
38417126000139;2026-03-13;28939563.65
38418180000107;2026-03-13;837319.65
38421363000173;2026-03-12;276771322.02
38421462000155;2026-03-13;71164234.06
38421502000169;2026-03-13;27342608.19
38427986000153;2026-03-13;158253003.54
38428050000147;2026-03-13;11679280.21
38428104000174;2026-03-13;4237230.77
38428156000140;2026-03-13;41696724.01
38439643000109;2026-03-13;24357067.05
38439714000173;2026-03-13;26951815.46
38439827000179;2026-03-13;18145995.24
38439950000190;2026-03-12;149262483.42
38440107000123;2026-03-13;17597112.03
38442982000144;2026-03-13;85236486.99
38443033000189;2026-03-13;62817946.95
38443068000118;2026-03-13;90739807.54
38443120000136;2026-03-13;57627411.36
38443675000188;2026-03-13;25396704.40
38443755000133;2026-03-13;44331569.08
38443832000155;2026-03-13;6554615.62
38443937000104;2026-03-13;51647470.28
38444001000106;2026-03-13;4168186.47
38452175000102;2026-03-13;5109847.14
38452194000139;2026-03-13;54364116.92
38452278000172;2026-03-13;28288981.90
38452529000119;2026-03-13;14227334.10
38452593000108;2026-03-12;139270671.30
38452613000132;2026-03-12;87844608.37
38455869000101;2026-03-13;442460541.23
38464015000183;2026-03-13;207879902.11
38489240000174;2026-03-13;59932774.09
38489326000105;2026-03-13;1256740.77
38489401000120;2026-03-13;362044960.17
38498987000199;2026-03-04;216492306.47
38527201000114;2026-03-12;19742029.89
38527235000109;2026-03-12;7392991.17
38527272000117;2026-03-12;179287890.66
38537579000107;2026-03-13;208959833.54
38537602000155;2026-03-12;83731772.87
38537652000132;2026-03-11;140985447.73
38537664000167;2026-03-13;9169465.19
38542415000160;2026-03-12;23131572.57
38542735000110;2026-03-13;16289465.81
38542842000148;2026-03-12;63283360.22
38542963000190;2026-03-13;12295984.47
38542997000184;2026-03-13;4193047.23
38593971000165;2026-03-13;235486892.32
38594026000188;2026-03-11;12236501.78
38595665000168;2026-03-12;21596414.96
38596843000175;2026-03-13;18836688.86
38596967000150;2026-03-12;73237515.92
38597119000166;2026-03-13;8051343.99
38597170000178;2026-03-13;74731057.32
38597202000135;2026-03-13;15387506.04
38597349000125;2026-03-12;83045185.34
38597384000144;2026-03-13;30428770.22
38597583000152;2026-03-13;235920593.94
38648041000161;2026-03-13;87732885.48
38648522000177;2026-03-13;214792104.55
38649102000105;2026-03-13;351898934.88
38653552000171;2026-03-13;22006688.88
38653627000114;2026-03-13;1879710587.29
38653658000175;2026-03-13;25870205.36
38653941000105;2026-03-13;1990648925.63
38654019000124;2026-03-13;2813596.88
38657612000124;2026-03-12;9740532.60
38658114000104;2026-03-13;11778003091.54
38658204000197;2026-03-11;862357587.44
38658541000184;2026-03-12;36173829.38
38709239000108;2026-03-12;83683491.33
38710803000102;2026-03-12;3604340.07
38715895000113;2026-03-12;3074717.77
38728990000151;2026-03-13;7177513.01
38729027000192;2026-03-13;33567493.77
38821172000107;2026-03-12;94482963.42
38821445000105;2026-03-13;8498775.41
38821741000106;2026-03-13;210006356.72
38860380000107;2026-03-12;42840785.83
38860415000108;2026-03-12;68642157.99
38860451000171;2026-03-12;13221717.77
38860525000170;2026-03-12;52856675.79
38860552000142;2026-03-13;347636236.84
38860746000148;2026-03-12;111516987.68
38860776000154;2026-03-13;12967407.76
38860801000108;2026-03-12;24658889.78
38860836000139;2026-03-12;10762850.93
38860877000125;2026-03-13;3802746.97
38903455000190;2026-03-13;9115767.39
38903485000104;2026-03-13;2643069.72
38903533000156;2026-03-13;15067319.68
38903564000107;2026-03-13;69002892.66
38903595000168;2026-03-13;74072342.32
38903617000190;2026-03-13;298274035.56
38903685000159;2026-03-05;43817494.19
38904441000190;2026-03-12;161758929.04
38945561000136;2026-03-12;26244626.10
38948507000144;2026-03-13;1801599.24
38948616000161;2026-03-13;14721575.85
38948658000100;2026-03-12;34111038.99
38948814000125;2026-03-13;27602504.65
38948845000186;2026-03-13;270986032.30
38949009000116;2026-03-13;571730060.87
38949124000190;2026-03-13;4384850.68
38954217000103;2026-03-13;146065140.22
38971881000160;2026-03-13;47961695.24
38971922000119;2026-03-13;36598805.17
38971939000176;2026-03-11;70608809.28
39150932000156;2026-03-13;154754230.88
39151551000191;2026-03-12;9156041.51
39152991000163;2026-03-13;337098150.22
39153340000198;2026-03-13;285754480.08
39226123000180;2026-03-13;15987565.22
39226126000114;2026-03-13;9088586.43
39226128000103;2026-03-13;20779297.93
39226133000116;2026-03-13;40387738.85
39227204000103;2026-03-13;48239668.41
39227424000129;2026-03-13;17528485.56
39240107000142;2026-03-13;415243210.67
39240204000135;2026-03-13;113069176.47
39240267000191;2026-03-13;42381845.72
39240301000128;2026-03-13;109480778.01
39240355000193;2026-03-13;183216702.45
39240394000190;2026-03-13;41011306.97
39240464000100;2026-03-13;205748907.15
39247602000183;2026-03-13;16223659.19
39254233000156;2026-03-13;10164154.72
39254283000133;2026-03-13;2858787.16
39254409000170;2026-03-12;262582428.47
39254593000158;2026-03-13;5835529.93
39254635000150;2026-03-13;8043464.77
39255695000198;2026-03-13;468073555.17
39255739000180;2026-03-13;1333410105.17
39255769000196;2026-03-13;104750738.14
39255834000183;2026-03-13;80257146.25
39255868000178;2026-03-13;5368989.94
39256001000137;2026-03-13;94525923.28
39256244000175;2026-03-13;51026171.19
39258446000156;2026-03-13;26182516.38
39258698000185;2026-03-13;19506812.94
39258739000133;2026-03-13;52963988.39
39267732000188;2026-03-13;10865595.74
39272622000104;2026-03-12;2669339.94
39272666000134;2026-03-12;29962898.47
39272865000142;2026-03-13;94517151.38
39272928000160;2026-03-13;517557202.15
39281097000193;2026-03-13;2368759.60
39281106000146;2026-03-12;2112919.63
39281116000181;2026-03-13;6562026.33
39281125000172;2026-03-13;24985159.18
39281137000105;2026-03-11;156639871.70
39285785000121;2026-03-13;2470385.65
39285822000100;2026-03-13;1324192.97
39285862000143;2026-03-13;40683284.75
39286515000135;2026-03-13;19224154.68
39286538000140;2026-03-13;6021999.36
39286634000198;2026-03-11;161471094.61
39286683000120;2026-03-13;26169362.87
39293607000142;2026-03-13;1456931.08
39293641000117;2026-03-13;1268328.72
39293657000120;2026-03-13;42520833.14
39293666000110;2026-03-13;10026705.37
39293743000132;2026-03-13;15001240.23
39293789000151;2026-03-13;14296849.76
39303141000119;2026-03-12;38380753.87
39303182000105;2026-03-13;2002915.58
39303192000140;2026-03-13;3000459.98
39303195000184;2026-03-13;1543874611.42
39316270000141;2026-03-12;111662146.70
39316607000110;2026-03-13;331068319.48
39316768000104;2026-03-12;50765904.08
39316888000101;2026-03-13;55483341.71
39317006000122;2026-03-13;109322673.00
39317019000100;2026-03-13;72561192.09
39317048000163;2026-03-13;25866337.87
39322485000175;2026-03-13;225961923.62
39322561000142;2026-03-13;3916035.45
39322671000104;2026-03-13;58744628.30
39330050000172;2026-03-13;16660106.08
39330087000109;2026-03-13;18979555.33
39330557000126;2026-03-12;139209338.18
39331785000110;2026-03-13;11992387.33
39331853000141;2026-03-13;43980502.36
39337342000137;2026-03-12;31695104.89
39337958000108;2026-03-12;77192088.87
39342722000160;2026-03-13;1977215593.19
39344744000169;2026-03-13;1443074395.66
39344840000107;2026-03-13;35898699.20
39344972000139;2026-03-13;364469033.68
39345047000122;2026-03-13;2398970.53
39345935000145;2026-03-13;6224746.88
39346123000114;2026-03-13;1441741868.59
39354713000199;2026-03-13;277956362.90
39354724000179;2026-03-13;216122370.39
39354762000121;2026-03-13;407519620.03
39354775000109;2026-03-13;18610454.13
39354788000170;2026-03-13;47245460.04
39354799000150;2026-03-13;112548873.15
39354818000148;2026-03-13;22147259.79
39354842000187;2026-03-13;48175448.74
39362976000140;2026-03-13;37740219.70
39363051000113;2026-03-13;286469109.29
39363249000105;2026-03-13;58905489.43
39363458000140;2026-03-13;81176631.74
39371546000194;2026-03-13;53019787.26
39371564000176;2026-03-13;14024941.05
39375158000181;2026-03-13;2587157.43
39375554000109;2026-03-16;463599937.32
39377954000153;2026-03-13;155949404.33
39378022000125;2026-03-13;18731789.51
39378051000197;2026-03-13;36330918.79
39379715000132;2026-03-13;12459575.32
39379775000155;2026-03-13;38043321.78
39379846000110;2026-03-13;116159413.89
39380333000129;2026-03-13;13403736.18
39380392000105;2026-03-13;13477831.37
39401067000173;2026-03-13;21537114.65
39401219000138;2026-03-13;127910559.76
39401308000184;2026-03-13;8448898432.83
39413178000108;2026-03-13;30377856.57
39429032000142;2026-03-13;7330208.86
39429129000155;2026-03-13;23015110.27
39429348000134;2026-03-13;9047418.33
39429635000144;2026-03-13;13509622.04
39430024000116;2026-03-13;46233151.68
39430163000140;2026-03-13;24119072.13
39430324000103;2026-03-13;20265562.20
39432540000180;2026-03-13;51942615.70
39432913000112;2026-03-13;19913159.48
39436070000122;2026-03-13;21924891.38
39449207000183;2026-03-13;2787666.73
39456646000113;2026-03-13;11988213.17
39466261000137;2026-03-13;25499935.85
39466301000140;2026-03-13;19606527.73
39466384000178;2026-03-13;488580365.65
39466597000108;2026-03-13;64521822.95
39466638000158;2026-03-13;12989655.10
39466946000183;2026-03-13;9350782.41
39470241000130;2026-03-11;36802873.98
39471141000128;2026-03-13;2829658.42
39471188000191;2026-03-13;1643298.71
39471368000173;2026-03-13;96673416.12
39471486000181;2026-03-13;93601481.87
39471547000100;2026-03-13;20286816.21
39485827000178;2026-03-13;0.00
39485936000195;2026-03-13;7167505.98
39486319000104;2026-03-13;157348743.98
39487617000119;2026-03-13;55557125.75
39488674000112;2026-03-13;111737699.32
39488907000187;2026-03-13;68440053.12
39489005000165;2026-03-13;5120513.25
39489139000186;2026-03-13;121102513.07
39490897000114;2026-03-13;8060964.75
39491027000160;2026-03-13;53603343.11
39502502000156;2026-03-13;6659138.33
39502594000174;2026-03-13;664642699.45
39503484000127;2026-03-13;135226471.61
39503585000106;2026-03-13;53525424.02
39503903000120;2026-03-13;112204450.50
39504822000145;2026-03-13;54540964.09
39505814000113;2026-03-13;260368329.36
39509911000184;2026-03-13;32782673.26
39511382000153;2026-03-16;762952519.65
39511606000127;2026-03-13;5432091.15
39511694000167;2026-03-13;14257933.12
39511976000164;2026-03-13;162909393.30
39512176000168;2026-03-13;204856890.90
39518356000157;2026-03-13;4252847.27
39518559000143;2026-03-13;2674076.30
39518636000165;2026-03-13;8298042.90
39528038000177;2026-03-13;36416922.43
39540405000158;2026-03-13;21804391.23
39540780000106;2026-03-13;37779530.63
39545580000138;2026-03-13;25393329.69
39545795000159;2026-03-13;196427135.81
39556443000107;2026-03-13;17024208.04
39560553000134;2026-03-13;2659958.11
39560658000193;2026-03-13;63143127.09
39560944000159;2026-03-13;53177392.16
39562577000122;2026-03-13;42205511.87
39566551000152;2026-03-13;3915479.80
39566584000100;2026-03-13;647865926.14
39566623000161;2026-03-13;42152819.50
39566676000182;2026-03-13;6623072936.31
39566711000163;2026-03-13;30834592.68
39566756000138;2026-03-13;6475139369.49
39566824000169;2026-03-13;26029156.13
39568954000130;2026-03-13;13381374.96
39572895000174;2026-03-12;51744865.06
39572994000156;2026-03-09;0.00
39573262000180;2026-03-12;21124352.10
39573508000114;2026-03-12;36572396.59
39573599000198;2026-03-12;7142849.40
39573804000115;2026-03-13;27558709.93
39573883000164;2026-03-13;100980813.14
39580984000162;2026-03-13;37975750.69
39586700000145;2026-03-13;168371762.04
39586768000124;2026-03-13;289078640.08
39586784000117;2026-03-13;158745471.07
39586858000115;2026-03-13;104619.65
39593288000190;2026-03-12;15767302913.74
39594772000134;2026-03-12;13378456833.72
39594941000136;2026-03-13;223464092.09
39598122000167;2026-03-13;33506487.66
39598187000102;2026-03-12;1209263.64
39598239000140;2026-03-12;3760419.41
39599579000196;2026-03-12;3868169.85
39599654000119;2026-03-12;3385527.29
39600768000131;2026-03-13;18030308.70
39602857000117;2026-03-13;18540234.60
39602877000198;2026-03-13;2666473.24
39618013000164;2026-03-12;14864092588.17
39618868000195;2026-03-13;55163228.80
39619076000135;2026-03-13;74029709.41
39642728000152;2026-03-13;17234687.25
39642895000101;2026-03-13;21352854.08
39642925000171;2026-03-13;1665114024.99
39643362000136;2026-03-13;438212247.10
39643450000138;2026-03-13;239530828.04
39665916000104;2026-03-12;58609906.32
39668711000174;2026-03-12;10426041.93
39668765000130;2026-03-12;81684829.72
39669345000178;2026-03-13;228794736.65
39670040000186;2026-03-12;17824746.77
39682049000107;2026-03-12;32124717.63
39682282000190;2026-03-12;71460427.03
39682337000161;2026-03-12;115295178.72
39682386000102;2026-03-12;380479415.74
39687526000127;2026-03-13;34429781.87
39687555000199;2026-03-12;1196359.57
39687570000137;2026-03-12;1255013.27
39687606000182;2026-03-12;513926.96
39687666000103;2026-03-12;22600197.34
39687877000138;2026-03-13;14897899.74
39687929000176;2026-03-12;14841099.49
39703177000190;2026-03-13;152022385.34
39703198000105;2026-03-13;12107572.60
39703207000168;2026-03-13;40103579.32
39703214000160;2026-03-12;230142847.42
39723078000170;2026-03-13;15278136.24
39723106000159;2026-03-13;1567439768.20
39723146000109;2026-03-13;4366226.16
39723229000190;2026-03-13;77970820.62
39723244000138;2026-03-13;0.00
39723347000106;2026-03-13;67664096.68
39723369000168;2026-03-13;0.00
39723384000106;2026-03-13;38926015.33
39723613000192;2026-03-13;41761765.07
39723636000105;2026-03-13;33716741.84
39723660000136;2026-03-13;18468592.40
39725887000110;2026-03-13;299196945.40
39725985000158;2026-03-13;13788565.84
39726030000115;2026-03-13;2225745.38
39726057000108;2026-03-13;27563568.40
39731692000183;2026-03-13;27826837.75
39737007000126;2026-03-11;61243794.20
39737043000190;2026-03-13;11458040.82
39737075000195;2026-03-13;93233374.38
39737225000160;2026-03-13;8536877.11
39741161000171;2026-03-13;3585231.14
39741188000164;2026-03-13;163567419.82
39741199000144;2026-03-13;106224222.96
39753015000166;2026-03-12;13655703.10
39753076000123;2026-03-12;3373896.32
39753127000117;2026-03-12;40705799.54
39753377000157;2026-03-12;4272039.45
39768839000100;2026-03-12;31710149.71
39773578000116;2026-03-13;13918922.05
39773639000145;2026-03-13;271554277.92
39773725000158;2026-03-13;159935446.44
39773766000144;2026-03-13;2504737.60
39774017000131;2026-03-12;21754613.12
39774164000101;2026-03-13;83067970.01
39774320000134;2026-03-13;771965.81
39774367000106;2026-03-13;24634025.53
39774521000131;2026-03-12;21211366.22
39793194000165;2026-03-12;152902413.90
39794518000180;2026-03-13;17433882.14
39794549000130;2026-03-13;20131678.98
39794644000134;2026-03-13;7257087.11
39794739000158;2026-03-13;27315884.62
39800432000112;2026-03-13;986741.77
39800464000118;2026-03-13;25753553.35
39800501000198;2026-03-13;4151402.83
39800539000160;2026-03-13;21789077.66
39800579000102;2026-03-13;2027614.52
39800632000175;2026-03-13;42412045.47
39807251000118;2026-03-12;1500478.46
39807296000192;2026-03-12;16700872.63
39807335000151;2026-03-12;170257886.11
39807355000122;2026-03-13;443138687.60
39807395000174;2026-03-12;3538313.76
39809279000194;2026-03-13;28601847.62
39816705000117;2026-03-12;19990047.26
39816790000113;2026-03-12;58038043.88
39816837000149;2026-03-12;1047106.57
39817321000119;2026-03-13;62807003.93
39817883000162;2026-03-13;2022491867.99
39818102000154;2026-03-13;3987432.35
39818122000125;2026-03-13;3984728.94
39818151000197;2026-03-13;95189952.47
39834711000105;2026-03-13;15306945.87
39835826000106;2026-03-13;145949337.61
39836064000162;2026-03-13;8612161.72
39846732000132;2026-03-13;16930757.26
39846861000120;2026-03-13;37902348.49
39851702000114;2026-03-12;5064374.93
39851719000171;2026-03-13;624453960.75
39851730000131;2026-03-12;24551610.19
39851744000155;2026-03-13;478765468.41
39851775000106;2026-03-13;35006480.55
39851789000120;2026-03-13;70675698.82
39851981000116;2026-03-13;46756631.70
39857617000163;2026-03-12;38289242.48
39862824000106;2026-03-13;1013747586.46
39862862000169;2026-03-13;117020185.56
39862869000180;2026-03-13;2057402682.98
39863036000134;2026-03-13;15436968.73
39876865000151;2026-03-13;1320606307.72
39895070000190;2026-03-13;16266316.29
39895205000118;2026-03-13;23523015.38
39895244000115;2026-03-13;36116780.26
39895323000126;2026-03-13;36644272.10
39895367000156;2026-03-13;135305963.35
39895582000157;2026-03-12;17316639.22
39896366000126;2026-03-12;5003698.88
39913591000123;2026-03-13;19770566.82
39913648000194;2026-03-13;28634384.37
39913763000169;2026-03-13;18566998.26
39913788000162;2026-03-13;3365772.79
39913917000112;2026-03-13;202242502.82
39914028000170;2026-03-13;3034834.10
39914053000153;2026-03-13;36835742.05
39914112000193;2026-03-13;7585422.72
39937518000191;2026-03-12;42404258.39
39937544000110;2026-03-12;6546679.37
39937566000180;2026-03-13;71354262.16
39943023000175;2026-03-13;10450071.13
39943042000100;2026-03-13;20410339.33
39958394000120;2026-03-13;1163724.03
39958420000110;2026-03-09;65108218.44
39958460000162;2026-03-13;394867506.48
39958567000100;2026-03-13;3981562.58
39959025000152;2026-03-13;1598194865.16
39959156000130;2026-03-13;114216215.18
39959272000159;2026-03-13;89544452.60
39959422000124;2026-03-13;383805099.98
39959460000187;2026-03-13;383904727.08
39959611000105;2026-03-13;17570758.69
39959660000130;2026-03-13;19471281.74
39959730000150;2026-03-13;33880072.98
39959828000107;2026-03-13;16457463.60
39959871000172;2026-03-13;51587313.14
39959914000110;2026-03-13;181869387.56
39964273000191;2026-03-13;39399486.35
39964295000151;2026-03-13;291253503.85
39964350000103;2026-03-13;16741743.34
39970084000121;2026-03-06;56392692.32
39970216000115;2026-03-13;49087453.96
39973408000185;2026-03-13;73916337.08
39973483000146;2026-03-12;15199970.16
39973629000153;2026-03-13;2881564072.16
39973671000174;2026-03-13;2147159.11
39973740000140;2026-03-13;17223832.69
39973872000171;2026-03-13;7194239.96
39973967000195;2026-03-12;24871473.93
39974064000129;2026-03-13;8050304.81
39974143000130;2026-03-13;58047420.59
39974174000190;2026-03-13;7228212.52
39974272000128;2026-03-13;3770018.86
39977227000127;2026-03-13;37221334.56
39977267000179;2026-03-13;13800184.39
39977310000104;2026-03-13;21069153.28
39977447000150;2026-03-13;1114038.30
39977487000100;2026-03-06;3466572.34
39977678000164;2026-03-13;1049545.72
39978178000147;2026-03-12;42783592.83
39978940000195;2026-03-13;150660689.96
39990372000148;2026-03-13;37306940.57
39990423000131;2026-03-13;200150108.44
39990594000160;2026-03-13;3922802.82
39990724000165;2026-03-13;7092375.35
39991549000120;2026-03-13;775133601.22
39991941000170;2026-03-13;2169292.92
39992349000192;2026-03-13;15544013.56
39992645000193;2026-03-13;3748910.61
39992830000188;2026-03-13;2962846.64
39992868000150;2026-03-13;12575726.66
39992897000112;2026-03-10;102797875.64
39992931000159;2026-03-13;81024799.51
39992990000127;2026-03-13;32145485.18
39993363000100;2026-03-13;414420280.17
39993664000134;2026-03-13;712188965.12
39996320000189;2026-03-13;22499487.42
39996336000191;2026-03-13;36097583.66
39996353000129;2026-03-13;54473019.42
39996362000110;2026-03-13;28630927.48
39997959000189;2026-03-12;2505873469.42
39997963000147;2026-03-12;78151376.79
40005625000160;2026-03-13;258260443.94
40005743000179;2026-03-13;66495424.63
40005789000198;2026-03-13;13736131.42
40005818000111;2026-03-13;110883553.04
40005903000180;2026-03-12;8140546.20
40005937000174;2026-03-12;2094324911.51
40006007000135;2026-03-12;151117337.04
40006318000102;2026-03-13;26939065.42
40006395000154;2026-03-13;65445168.09
40009750000149;2026-03-13;70927887.26
40021645000125;2026-03-13;701228543.39
40021666000140;2026-03-13;34751868.43
40021710000112;2026-03-13;3275416770.30
40021734000171;2026-03-13;118439617.48
40021803000147;2026-03-13;119561991.61
40021828000140;2026-03-13;104527513.51
40021855000113;2026-03-13;9236343.91
40022460000135;2026-03-13;259265172.53
40022500000149;2026-03-13;3697750.88
40022536000122;2026-03-12;160595468.73
40022653000196;2026-03-12;261352314.76
40022670000123;2026-03-12;37786329.27
40023553000184;2026-03-13;11944597.51
40023576000199;2026-03-12;12503017.73
40023580000157;2026-03-13;1634641220.17
40023588000113;2026-03-13;1434095758.99
40023595000115;2026-03-13;11081138.12
40040288000142;2026-03-13;15345399.02
40040616000100;2026-03-12;2048901.47
40040641000194;2026-03-12;10658666.00
40040714000148;2026-03-12;386986895.73
40041192000107;2026-03-13;0.00
40041237000135;2026-03-13;10929422.47
40054258000195;2026-03-13;359144125.65
40054269000175;2026-03-13;49642975.93
40054275000122;2026-03-13;894433777.60
40054288000100;2026-03-13;20143351.81
40054357000177;2026-03-13;105819596.39
40054367000102;2026-03-13;107267967.73
40054469000128;2026-03-13;13914991.88
40054478000119;2026-03-12;5127720.49
40054529000102;2026-03-13;28692092.05
40054695000109;2026-03-13;474451349.91
40054757000182;2026-03-13;502743808.40
40054766000173;2026-03-13;34258483.41
40054845000184;2026-03-13;50809212.77
40063576000112;2026-03-11;37184068.36
40067748000126;2026-03-13;69815460.59
40101166000119;2026-03-13;3085633573.23
40101519000180;2026-03-13;125049746.78
40101796000193;2026-03-12;59506104.33
40101857000112;2026-03-12;45459155.60
40102096000113;2026-03-13;13583890.59
40102125000147;2026-03-13;1766624.05
40102227000162;2026-03-13;39070703.09
40102910000108;2026-03-13;5148726.53
40103126000106;2026-03-13;5134849.44
40108313000182;2026-03-12;60004267.35
40121890000104;2026-03-13;51680300.07
40122173000105;2026-03-11;57788469.54
40127685000156;2026-03-12;89275003.05
40129641000165;2026-03-12;30506390.32
40140470000175;2026-03-13;46503716.38
40140595000103;2026-03-13;51989936.89
40140652000146;2026-03-13;52940478.00
40140932000154;2026-03-13;4895956277.65
40140961000116;2026-03-13;239052539.96
40140986000110;2026-03-13;46450316.29
40141002000115;2026-03-13;124589124.27
40141299000119;2026-03-11;49930869.82
40141374000141;2026-03-13;87812786.22
40141444000161;2026-03-13;998911.52
40141547000121;2026-03-13;14970096.04
40141685000100;2026-03-06;167597172.87
40141885000163;2026-03-12;3121840.77
40142060000163;2026-03-13;152959600.97
40142095000100;2026-03-10;0.00
40151212000194;2026-03-13;4121662.31
40151315000154;2026-03-13;322497460.99
40151745000176;2026-03-13;49512960.45
40152515000121;2026-03-13;59238608.16
40152869000176;2026-03-13;95544027.35
40152982000151;2026-03-13;21433773.44
40153085000162;2026-03-13;36600917.39
40154989000102;2026-03-13;33489393.25
40156155000136;2026-03-13;25807202.11
40156215000110;2026-03-13;33406018.11
40156258000104;2026-03-13;5108173.19
40156299000192;2026-03-13;52934039.42
40156669000191;2026-03-13;44220641.44
40156727000187;2026-03-12;1154353.69
40170879000134;2026-03-12;47242942.43
40170889000170;2026-03-12;25259659.51
40171038000141;2026-03-13;0.00
40171073000160;2026-03-13;162539740.77
40171101000140;2026-03-13;84460693.42
40181400000165;2026-03-13;70038970.68
40182106000178;2026-03-13;24205711.49
40182179000160;2026-03-13;53775995.38
40187070000115;2026-03-13;63799586.55
40187090000196;2026-03-13;47060140.51
40187334000130;2026-03-13;2677986.10
40188712000109;2026-03-13;13551632.07
40188751000106;2026-03-13;30012768.98
40189032000100;2026-03-12;187714615.21
40189280000142;2026-03-12;1816998916.06
40189629000146;2026-03-12;207100216.63
40189662000176;2026-03-13;3019627.14
40190375000186;2026-03-12;88921016.69
40190534000142;2026-03-11;10605272.93
40190576000183;2026-03-13;2269793.32
40190953000184;2026-03-13;29342409.39
40190965000109;2026-03-13;11016299.45
40190995000115;2026-03-13;34023870.03
40191037000169;2026-03-13;2003706.54
40191130000173;2026-03-13;20437149.04
40194274000183;2026-03-13;159775691.23
40194279000106;2026-03-13;88299661.72
40194309000184;2026-03-13;95040379.27
40194314000197;2026-03-13;172670461.62
40204523000174;2026-03-13;30417710.67
40204531000110;2026-03-13;4681547.14
40204540000101;2026-03-13;53024774.20
40204592000188;2026-03-13;5186242.14
40204635000125;2026-03-11;2724489.73
40204710000158;2026-03-13;63456472.83
40209029000100;2026-03-13;32290604.59
40209061000188;2026-03-13;15111941.23
40209071000113;2026-03-13;91225603.26
40209086000181;2026-03-13;86830263.08
40209105000170;2026-03-13;3395852079.80
40209117000102;2026-03-13;49484957.17
40209139000164;2026-03-13;1471283.63
40209151000179;2026-03-13;3626433558.63
40209153000168;2026-03-13;110664086.89
40209167000181;2026-03-13;19247970.11
40209182000120;2026-03-13;28692788.35
40209225000177;2026-03-13;35367581.07
40209243000159;2026-03-12;12887409731.06
40209257000172;2026-03-13;189329631.18
40209279000132;2026-03-13;27980221.76
40209313000179;2026-03-13;100913154.27
40209320000170;2026-03-13;2091979.37
40209339000117;2026-03-13;51668894.83
40209362000101;2026-03-13;22398546.33
40209377000170;2026-03-13;4763958.56
40209417000183;2026-03-13;331443019.16
40209436000100;2026-03-13;299902162.58
40209451000158;2026-03-13;464078335.87
40209460000149;2026-03-13;463931216.00
40209501000105;2026-03-13;5377891.95
40209534000147;2026-03-12;38429562.17
40209566000142;2026-03-13;700403966.19
40209607000109;2026-03-12;128747371.63
40209621000102;2026-03-12;193504945.41
40209653000108;2026-03-12;17771359.12
40209700000105;2026-03-12;14628746.25
40210435000185;2026-03-11;1521066.52
40212661000103;2026-03-10;28801943.33
40212702000153;2026-03-13;5496737.11
40212715000122;2026-03-13;138548961.98
40212753000185;2026-03-13;27552053.45
40212781000100;2026-03-13;5612932.69
40212788000114;2026-03-12;60064205.81
40212803000124;2026-03-13;30701502.98
40212817000148;2026-03-13;24517539.40
40212883000118;2026-03-13;80793224.88
40212899000120;2026-03-13;42756554.62
40212923000121;2026-03-13;9755799.06
40212940000169;2026-03-13;4206203.45
40213005000117;2026-03-13;155409231.70
40213012000119;2026-03-13;148285452.76
40213404000188;2026-03-12;17042605.97
40219167000162;2026-03-13;22357559.89
40219177000106;2026-03-13;29414302.79
40219186000199;2026-03-13;22662338.55
40219190000157;2026-03-12;44271160.11
40219215000112;2026-03-13;2092410.58
40219231000105;2026-03-13;49998979.18
40225969000185;2026-03-12;26159779.73
40226000000129;2026-03-12;102871422.40
40226010000164;2026-03-12;199263005.50
40226014000142;2026-03-12;2369219.43
40226025000122;2026-03-12;139018644.38
40226038000100;2026-03-13;97738921.69
40226050000106;2026-03-13;17737314.49
40226055000139;2026-03-12;3904458.44
40226075000100;2026-03-12;14646387.52
40226091000100;2026-03-12;22327696.93
40226101000108;2026-03-12;724855126.46
40226109000166;2026-03-12;24365621.04
40226113000124;2026-03-12;247880738.78
40226121000170;2026-03-13;150173263.19
40226126000101;2026-03-13;99459703.38
40226140000105;2026-03-12;23970492.78
40226150000132;2026-03-12;22179495.70
40226816000152;2026-03-13;16134014.68
40226824000107;2026-03-13;4070704.63
40265107000186;2026-03-13;23698142.07
40265128000100;2026-03-13;110010568.76
40265153000185;2026-03-13;23533914.83
40265199000102;2026-03-13;6131131.07
40265489000148;2026-03-13;44118458.79
40265582000152;2026-03-04;212664544.00
40265599000100;2026-03-13;154064832.16
40265699000136;2026-03-13;7873617.41
40266018000154;2026-03-13;55626526.56
40266051000184;2026-03-13;19094835.70
40269217000116;2026-03-13;24862155.39
40269271000161;2026-03-11;75129184.86
40269280000152;2026-03-13;146443102.73
40296722000150;2026-03-13;41736086.61
40319200000126;2026-03-13;1414628.05
40319276000151;2026-03-13;7280979.15
40319284000106;2026-03-13;9385122.52
40319306000120;2026-03-13;24381332.62
40319318000154;2026-03-13;17157783.07
40334931000140;2026-03-13;225519945.39
40345708000107;2026-03-13;1639127.24
40345772000180;2026-03-13;41069324.32
40345843000144;2026-03-13;100689060.71
40345870000117;2026-03-13;2046867.44
40345892000187;2026-03-13;3640773.13
40345907000107;2026-03-13;1865628794.37
40345929000177;2026-03-13;70130486.52
40345964000196;2026-03-13;229423015.06
40345989000190;2026-03-13;6963368189.69
40366225000180;2026-03-13;12675859.11
40386403000135;2026-03-13;107583635.16
40386417000159;2026-03-13;145462862.85
40386431000152;2026-03-13;438736013.09
40386473000193;2026-03-13;8142652.21
40386490000120;2026-03-13;28253676.58
40386505000150;2026-03-12;12795928.07
40413592000198;2026-03-13;44678825.30
40413612000120;2026-03-13;582377584.86
40413669000120;2026-03-13;431408560.19
40413765000178;2026-03-13;22600718519.87
40413790000151;2026-03-13;15833853.34
40413936000169;2026-03-13;49461658.36
40428039000129;2026-03-13;9683692.80
40438389000176;2026-03-12;28378994.37
40438419000144;2026-03-12;29177796.11
40438556000189;2026-03-12;6765869.56
40438651000182;2026-03-10;0.00
40439280000153;2026-03-13;1038822.77
40456216000180;2026-03-13;2519241.44
40456260000190;2026-03-13;441143107.35
40456283000103;2026-03-13;124530267.58
40456434000115;2026-03-13;1526380.42
40457506000149;2026-03-12;53515987.15
40457859000149;2026-03-13;4989102.96
40457904000165;2026-03-13;2583437388.45
40463869000197;2026-03-12;394748897.23
40475292000133;2026-03-12;9246301.24
40475385000168;2026-03-12;34830468.79
40475472000115;2026-03-12;29072955.98
40476059000175;2026-03-13;40284582.63
40479429000128;2026-03-13;1070569628.33
40498100000104;2026-03-12;185029935.86
40498121000120;2026-03-12;84141256.07
40498142000145;2026-03-12;22030915.47
40498166000102;2026-03-12;36883213.51
40498244000160;2026-03-13;25743446.91
40498341000153;2026-03-13;83727267.97
40498472000130;2026-03-13;4492522332.41
40498488000143;2026-03-13;34915905.48
40498514000133;2026-03-13;7589506.28
40498539000137;2026-03-13;2382647315.23
40498574000156;2026-03-13;3601847.51
40502607000194;2026-03-11;1515580176.02
40502694000180;2026-03-13;74964306.91
40502962000163;2026-03-13;1049870.06
40503042000160;2026-03-13;57526556.66
40503169000189;2026-03-13;41581397.35
40507474000149;2026-03-13;149153079.45
40507513000108;2026-03-13;104679943.78
40526650000190;2026-03-13;61520646.46
40526664000103;2026-03-13;30034984.30
40526710000174;2026-03-13;706268050.53
40526730000145;2026-03-13;18638468.41
40526764000130;2026-03-10;131987366.93
40526801000100;2026-03-13;93820732.77
40575693000165;2026-03-13;334157603.32
40575765000174;2026-03-13;204358120.63
40575794000136;2026-03-13;210552649.65
40575834000140;2026-03-13;74962443.73
40575889000150;2026-03-13;178625539.11
40575910000117;2026-03-13;61145536.90
40575978000104;2026-03-13;37934802.89
40597472000198;2026-03-13;25009319.11
40616111000141;2026-03-13;4306481782.96
40616132000167;2026-03-13;266829411.81
40616164000162;2026-03-13;156065739.15
40616180000155;2026-03-13;1553750412.48
40634794000160;2026-03-13;5868522.97
40634839000104;2026-03-12;328870385.72
40634854000144;2026-03-13;10984425.01
40634864000180;2026-03-13;10988778.79
40634878000101;2026-03-13;26963486.62
40634952000181;2026-03-13;321542542.35
40634975000196;2026-03-13;0.00
40635009000193;2026-03-13;3691873.62
40635035000111;2026-03-13;61335629.50
40635061000140;2026-03-13;874320160.99
40635079000141;2026-03-13;913287762.45
40635093000145;2026-03-13;194524552.87
40635100000109;2026-03-13;147391338.56
40650535000122;2026-03-13;225494034.11
40652724000134;2026-03-12;10300416.14
40653167000176;2026-03-13;872260662.23
40660810000199;2026-03-13;58606453.11
40667499000100;2026-03-13;381663170.76
40668627000130;2026-03-13;47321741.39
40668849000152;2026-03-13;2418109687.82
40669341000179;2026-03-13;414119867.44
40671706000108;2026-03-13;647921404.80
40671799000162;2026-03-13;1377159735.69
40674516000136;2026-03-13;75874902.88
40675261000126;2026-03-13;18852884.69
40677666000101;2026-03-13;2026881542.34
40679129000192;2026-03-11;2471897480.98
40681526000107;2026-03-13;101855008.68
40682081000171;2026-03-13;31295473.95
40682105000192;2026-03-13;62211286.51
40682131000110;2026-03-13;21098662.68
40692052000190;2026-03-13;1469550994.90
40694524000144;2026-03-13;18316407.57
40695974000151;2026-03-13;17034654.08
40697729000183;2026-03-13;5507962.89
40697810000163;2026-03-13;153756612.81
40697917000101;2026-03-11;97423145.00
40698426000185;2026-03-13;41410267.95
40698601000134;2026-03-13;60741458.60
40715901000184;2026-03-13;23018241.96
40716424000171;2026-03-13;17300549.20
40716583000176;2026-03-13;132616070.81
40725831000145;2026-03-13;27987383.26
40726138000197;2026-03-13;12588172.85
40726529000101;2026-03-13;16601781.96
40727145000103;2026-03-13;44034942.29
40727926000106;2026-03-13;18732339.72
40729342000161;2026-03-13;219986912.33
40730916000111;2026-03-13;95709941.24
40750123000164;2026-03-13;20872829767.06
40755252000145;2026-03-13;74659414.44
40755318000105;2026-03-13;34152323.44
40764095000134;2026-03-13;26119332.39
40764138000181;2026-03-12;183502767.17
40772272000124;2026-03-13;6694365.87
40772461000105;2026-03-13;75698062.13
40774409000180;2026-03-13;23722080.03
40774561000162;2026-03-13;14374461.23
40774768000137;2026-03-13;245368116.29
40774839000100;2026-03-13;6466312.08
40775415000151;2026-03-13;136206647.82
40778096000138;2026-03-13;94714400.97
40778303000154;2026-03-13;31133593.28
40778598000169;2026-03-13;120405337.20
40779216000111;2026-03-13;30494120.69
40779573000180;2026-03-13;7403017.98
40779790000170;2026-03-13;90031819.55
40780337000183;2026-03-13;24778144.22
40780508000174;2026-03-12;14926337.86
40780979000182;2026-03-13;4331789.96
40781137000145;2026-03-11;1852225102.87
40781292000161;2026-03-06;4464784.64
40781467000130;2026-03-11;71565457.86
40781657000158;2026-03-13;52133829.18
40783237000100;2026-03-13;11918980.84
40792737000109;2026-03-13;11957849.95
40793724000154;2026-03-13;234131330.58
40795564000182;2026-03-13;25978538.33
40796008000120;2026-03-13;55983548.88
40799759000109;2026-03-05;12263646.24
40800107000139;2026-03-13;19923583.46
40801033000155;2026-03-13;28222351.51
40801830000132;2026-03-13;14443669.99
40811350000152;2026-03-13;0.00
40811455000101;2026-03-13;11519161.23
40812328000127;2026-03-13;4675108.88
40812643000154;2026-03-13;558721145.74
40813191000125;2026-03-13;63427091.12
40813368000193;2026-03-13;2087970.00
40813959000160;2026-03-13;224594263.02
40814456000100;2026-03-13;2334209.28
40814893000123;2026-03-12;17573917.50
40815071000167;2026-03-13;137911566.30
40815159000189;2026-03-12;23708617.25
40815506000173;2026-03-12;63331104.64
40815606000108;2026-03-13;16304586.22
40826574000138;2026-03-12;221566844.75
40829884000106;2026-03-13;16507482.02
40830170000118;2026-03-13;9915125.81
40830356000177;2026-03-13;9913848.14
40830482000121;2026-03-13;304459179.11
40831062000160;2026-03-12;67367377.54
40832258000179;2026-03-12;4132024035.86
40832863000140;2026-03-12;10095005495.42
40841650000184;2026-03-12;24235921.63
40881689000125;2026-03-12;26196335.83
40881814000105;2026-03-13;50863782.41
40881921000125;2026-03-13;137632702.52
40882081000115;2026-03-13;30296292.70
40882496000199;2026-03-11;615647632.62
40883432000102;2026-03-12;146240258.08
40884718000102;2026-03-12;23098185.73
40885815000110;2026-03-12;22199028.53
40886133000121;2026-03-12;11315685.35
40896582000150;2026-03-13;10412187.08
40897052000127;2026-03-13;12443771.30
40897437000194;2026-03-12;15716759.54
40897658000162;2026-03-13;28262661.90
40899683000185;2026-03-13;72583599.98
40901205000162;2026-03-12;307161046.66
40903923000178;2026-03-13;27130126.54
40904119000103;2026-03-13;49394110.35
40904510000108;2026-03-13;12459615.84
40904778000140;2026-03-13;8198147.28
40904961000145;2026-03-13;4315734.27
40905447000124;2026-03-13;65333320.82
40905462000172;2026-03-13;90745631.52
40905566000187;2026-03-13;33390417.52
40905681000151;2026-03-13;141822470.22
40910469000182;2026-03-13;29208224.56
40910731000199;2026-03-12;21377863.65
40911324000104;2026-03-13;7868152.31
40912220000106;2026-03-12;13065489.22
40914407000149;2026-03-13;10556017.57
40914477000105;2026-03-13;10593060.77
40914501000106;2026-03-13;28349164.46
40914546000172;2026-03-13;2376483.85
40916679000188;2026-03-13;484920866.13
40916758000199;2026-03-13;15533086.95
40917442000111;2026-03-13;4356278.10
40917990000141;2026-03-13;44537376.14
40919348000100;2026-03-12;2689548.47
40919969000185;2026-03-13;2675006.59
40920005000157;2026-03-13;216342333.37
40920036000108;2026-03-13;12867747.82
40920066000114;2026-03-13;112041859.23
40920201000121;2026-03-13;12014689.81
40920230000193;2026-03-13;3839624.57
40920257000186;2026-03-13;14111020.44
40920815000103;2026-03-13;66163234.24
40920863000100;2026-03-13;447308925.62
40920980000165;2026-03-13;170835296.11
40921027000131;2026-03-13;0.00
40921061000106;2026-03-13;1069826255.01
40921195000127;2026-03-13;2740351386.97
40932241000193;2026-03-13;1235652.60
40935385000101;2026-03-13;1219515.75
40936530000160;2026-03-13;4707046.03
40938560000106;2026-03-13;22104447.89
40938662000121;2026-03-13;16570725.86
40942883000173;2026-03-13;1467935.41
40943157000175;2026-03-13;828202001.71
40943192000194;2026-03-13;8390152.57
40946686000122;2026-03-12;121226759.38
40946785000104;2026-03-13;24473472.53
40946818000116;2026-03-13;7968993.71
40950417000130;2026-03-13;10804582.04
40954546000104;2026-03-13;40099176.42
40954854000121;2026-03-13;3288722558.62
40955907000129;2026-03-13;21613975.50
40955930000113;2026-03-13;21614072.37
40962876000133;2026-03-13;20393027.81
40963283000191;2026-03-05;255994845.94
40963311000170;2026-03-13;61377139.75
40963403000150;2026-03-12;110767372.16
40969886000109;2026-03-04;348527610.47
40969960000189;2026-03-04;44919609.40
40970159000153;2026-03-13;4854595.37
40970256000146;2026-03-13;35880578.96
40970298000187;2026-03-13;12499003.92
40977453000197;2026-03-12;13499267.66
40978416000101;2026-03-13;76123963.77
40978491000164;2026-03-13;24432435.14
40978540000169;2026-03-13;118806218.85
40978632000149;2026-03-13;253032840.18
40979341000175;2026-03-13;278321859.75
40981699000132;2026-03-13;12917838.62
40982078000173;2026-03-05;10450910.09
40982780000137;2026-03-13;46532961.59
40982906000173;2026-03-13;1025630.25
40982939000113;2026-03-13;1744429.67
40982986000167;2026-03-13;166078019.94
40983021000199;2026-03-13;42823183.97
40988642000165;2026-03-13;51883518.64
40989420000167;2026-03-13;844564916.53
40992756000189;2026-03-13;18615373.56
40994846000109;2026-03-13;298334429.30
40996782000185;2026-03-13;50154461.64
40997857000142;2026-03-13;319090819.34
40998764000132;2026-03-13;19679576.66
40999141000184;2026-03-13;1952865.30
41000705000196;2026-03-12;2468507.69
41002421000139;2026-03-13;19658152.42
41012270000108;2026-03-13;377901690.76
41012632000152;2026-03-13;28544456.95
41012681000195;2026-03-13;9449886.14
41019748000113;2026-03-13;60263254.03
41033303000198;2026-03-13;30865699.28
41033372000100;2026-03-13;197409479.04
41033469000104;2026-03-13;160365916.38
41033539000124;2026-03-13;737718559.05
41033604000111;2026-03-13;96765326.40
41033759000158;2026-03-13;12205742.51
41033806000163;2026-03-13;86456371.12
41035308000150;2026-03-13;52281017.01
41035892000143;2026-03-13;50680909.60
41035946000170;2026-03-11;1665970870.10
41035989000156;2026-03-05;413361912.42
41036040000170;2026-03-13;23640842.31
41036099000169;2026-03-13;16612361.89
41036158000107;2026-03-13;201208832.04
41036284000153;2026-03-13;64887154.70
41036490000163;2026-03-13;40893411.42
41045966000122;2026-03-12;112701459.85
41046175000117;2026-03-13;92823370.95
41054541000180;2026-03-13;16170078.08
41054588000143;2026-03-13;766095154.05
41054616000122;2026-03-13;828615892.00
41054683000147;2026-03-12;73871961.61
41054780000130;2026-03-13;4996965.07
41054795000106;2026-03-13;6967401.13
41054831000123;2026-03-13;14987967.81
41054936000182;2026-03-13;6458929.85
41054988000159;2026-03-13;409973962.43
41055218000120;2026-03-12;1581331951.77
41055241000115;2026-03-13;6854513.31
41063234000165;2026-03-13;101376598.58
41063457000122;2026-03-13;24828328.11
41063625000180;2026-03-13;14745966.62
41065226000158;2026-03-13;3915099.03
41065254000175;2026-03-13;5618416.37
41065281000148;2026-03-13;51084563.69
41075440000195;2026-03-13;12421797.95
41075514000193;2026-03-13;37279127.30
41075582000152;2026-03-13;14869024.11
41075637000124;2026-03-13;96878218.96
41075676000121;2026-03-13;20496828.82
41075713000100;2026-03-13;31165089.22
41081041000137;2026-03-13;1383529.10
41081070000107;2026-03-13;310674481.91
41081606000186;2026-03-13;47344892.95
41082829000168;2026-03-13;13337543.31
41082908000179;2026-03-13;8208204.06
41083018000181;2026-03-13;36524431.04
41083033000120;2026-03-13;50466784.00
41087645000190;2026-03-13;5084838.92
41088059000160;2026-03-13;23527202.74
41088110000134;2026-03-13;5245942.06
41088640000182;2026-03-13;5799998.44
41088728000102;2026-03-13;15151425.47
41090889000122;2026-03-13;99541110.41
41090953000175;2026-03-13;3816723.56
41090990000183;2026-03-12;12371208.01
41091044000151;2026-03-13;40409270.84
41091092000140;2026-03-13;12470761.12
41096829000117;2026-03-13;649484574.77
41097037000167;2026-03-13;43074627.49
41098736000121;2026-03-13;10945749.72
41098915000169;2026-03-13;23113022.54
41098949000153;2026-03-13;84383076.91
41099012000100;2026-03-13;66113888.34
41099080000161;2026-03-13;95705999.07
41111319000171;2026-03-13;24789154.10
41111482000134;2026-03-13;197892010.93
41111557000187;2026-03-12;83909508.74
41112910000143;2026-03-12;337739754.43
41113864000105;2026-03-12;341699519.14
41113925000126;2026-03-12;50577084.02
41113957000121;2026-03-12;53211304.52
41114002000199;2026-03-12;6679324042.83
41114051000121;2026-03-12;10946093838.47
41124610000184;2026-03-13;112086787.39
41124614000162;2026-03-13;34428827.72
41124621000164;2026-03-13;1263067.68
41124628000186;2026-03-13;5393953.22
41124638000111;2026-03-13;171032414.04
41127188000110;2026-03-13;377495502.36
41127260000100;2026-03-13;9809722.98
41127344000143;2026-03-13;10894031.79
41127450000127;2026-03-13;26037947.74
41128024000108;2026-03-13;6141328.54
41128218000103;2026-03-13;28725713.01
41128259000108;2026-03-13;51668688.27
41128345000102;2026-03-13;95714705.74
41128444000194;2026-03-13;2080556191.87
41132765000162;2026-03-13;31799409.72
41132979000139;2026-03-13;923838.87
41140365000107;2026-03-13;13379793.48
41140451000101;2026-03-13;22869455.24
41140524000165;2026-03-13;37296462.57
41140623000147;2026-03-13;57394062.40
41141363000124;2026-03-13;19401654.42
41143311000197;2026-03-13;26006020.13
41153205000194;2026-03-13;38496806.17
41153217000119;2026-03-13;20409551.65
41153236000145;2026-03-13;14209132.72
41153284000133;2026-03-13;2833470.20
41153336000171;2026-03-13;6660796.71
41153399000128;2026-03-13;71371212.14
41163354000134;2026-03-13;39828412.18
41163364000170;2026-03-13;40178920.61
41163374000105;2026-03-13;28609932.38
41163505000154;2026-03-13;80785869.96
41163511000101;2026-03-13;18144784.14
41163523000136;2026-03-13;351123789.48
41163524000180;2026-03-13;110090334.05
41163573000113;2026-03-13;138005624.61
41163578000146;2026-03-13;106529294.09
41167190000113;2026-03-12;2949777971.12
41185202000132;2026-03-13;64871155.48
41185212000178;2026-03-13;63199361.05
41185226000191;2026-03-13;48621588.28
41195394000168;2026-03-13;29787285.14
41195419000123;2026-03-13;19521285.38
41195489000181;2026-03-13;91446789.25
41195517000160;2026-03-13;39560651.20
41195626000188;2026-03-13;155511217.72
41196603000198;2026-03-13;3064332.26
41196740000122;2026-03-12;37144001.85
41196794000198;2026-03-13;73275205.44
41197139000154;2026-03-13;216490810.57
41200067000157;2026-03-12;68607118.30
41200091000196;2026-03-13;33550689.01
41200207000197;2026-03-13;88493501.07
41200257000174;2026-03-13;25076921.05
41200269000107;2026-03-13;41614153.34
41215295000109;2026-03-13;5392434.63
41215368000154;2026-03-13;41052528.52
41215430000108;2026-03-13;70271916.33
41215472000149;2026-03-13;123223818.79
41224407000180;2026-03-13;130935425.91
41235095000100;2026-03-13;6270538.15
41235137000102;2026-03-13;22303429.46
41235184000156;2026-03-13;48655417.69
41240381000163;2026-03-12;3065547.85
41249600000175;2026-03-13;21724349.81
41250940000116;2026-03-13;7574668.85
41250989000179;2026-03-12;16934261.98
41251036000125;2026-03-13;4893118.70
41251230000100;2026-03-12;2822872.13
41252666000114;2026-03-12;56448487.86
41252712000185;2026-03-12;48296229.08
41255006000197;2026-03-13;178270036.90
41255062000121;2026-03-13;117729200.94
41255122000106;2026-03-13;33890409.29
41256441000136;2026-03-13;20488333.25
41256549000129;2026-03-13;14903918.92
41256601000147;2026-03-13;71000897.14
41256733000179;2026-03-13;21451857.54
41256755000139;2026-03-13;13463498.34
41256771000121;2026-03-13;1249524483.41
41266085000131;2026-03-13;975364.02
41266134000136;2026-03-13;19497442.44
41266158000195;2026-03-12;9565866.44
41268887000180;2026-03-13;30340188.72
41269328000195;2026-03-13;263974537.13
41269359000146;2026-03-13;137615151.58
41269708000120;2026-03-13;335769951.41
41269760000186;2026-03-13;68648138.24
41269785000180;2026-03-13;75624213.35
41269818000191;2026-03-13;96632928.67
41272437000161;2026-03-13;3933146.26
41272508000126;2026-03-13;52188408.35
41272558000103;2026-03-12;90351337.59
41272615000154;2026-03-13;12291085.39
41272854000104;2026-03-13;5742941.25
41272876000174;2026-03-13;142989509.32
41276103000166;2026-03-13;46366625.00
41276107000144;2026-03-12;59052120.68
41276125000126;2026-03-12;52795135.92
41276126000170;2026-03-13;16412921.67
41283020000102;2026-03-12;64928921.18
41283095000185;2026-03-13;6637813.77
41283181000198;2026-03-13;23827886.28
41283495000190;2026-03-13;154196515.62
41283527000158;2026-03-13;38465144.02
41283554000120;2026-03-13;154203232.04
41283579000124;2026-03-13;226717172.14
41283622000151;2026-03-13;183587282.82
41283661000159;2026-03-13;23721484.84
41283682000174;2026-03-13;23704379.33
41283716000120;2026-03-13;5386048.51
41283741000104;2026-03-13;38489320.46
41287424000166;2026-03-13;14746966.92
41287474000143;2026-03-13;14493169.58
41287497000158;2026-03-03;22637611.01
41287506000100;2026-03-13;1326363.75
41287603000101;2026-03-12;6452386.06
41287689000164;2026-03-13;94987576.56
41287704000174;2026-03-13;48195816.61
41287719000132;2026-03-13;15057165.63
41287734000180;2026-03-13;91872057.93
41287866000102;2026-03-13;22219854.37
41287925000142;2026-03-13;503048135.02
41287933000199;2026-03-13;146447949.60
41300431000150;2026-03-13;25074133.58
41300556000180;2026-03-12;21048900.49
41300579000195;2026-03-13;32858077.98
41300683000180;2026-03-12;102532383.91
41300875000196;2026-03-13;1606183.37
41301020000180;2026-03-13;854118442.41
41301066000107;2026-03-13;472272246.37
41301133000185;2026-03-13;1842094183.94
41319866000147;2026-03-13;188496934.75
41319909000194;2026-03-12;2699986.33
41319939000109;2026-03-12;3293352.12
41319970000131;2026-03-13;8530541.22
41320023000160;2026-03-12;64297408.47
41320248000117;2026-03-13;44943462.80
41320291000182;2026-03-13;23916421.89
41326036000147;2026-03-13;5023820.10
41326095000115;2026-03-13;53842993.05
41326144000110;2026-03-06;164991217.58
41326223000120;2026-03-13;94337857.26
41326314000166;2026-03-13;3929282.36
41326338000115;2026-03-13;8247826.35
41326350000120;2026-03-12;5059274.23
41326368000121;2026-03-13;4011720.76
41333023000103;2026-03-12;17455757.82
41333093000153;2026-03-13;8093487.23
41333223000158;2026-03-12;5544646.02
41333289000148;2026-03-12;5545162.85
41333416000109;2026-03-13;22986465.71
41340960000188;2026-03-13;34301045.95
41342497000103;2026-03-13;35140910.75
41342624000174;2026-03-13;20789105.16
41348601000177;2026-03-13;25014408.56
41348664000123;2026-03-13;43704622.15
41348781000197;2026-03-13;29032435.80
41348826000123;2026-03-13;21031576.30
41348869000109;2026-03-13;20920180.57
41348917000169;2026-03-13;38307713.52
41348963000168;2026-03-13;11311499.43
41349015000147;2026-03-13;22206948.52
41349054000144;2026-03-13;30064796.11
41349164000106;2026-03-13;23645552.10
41349195000167;2026-03-13;33351581.75
41349221000157;2026-03-13;48700040.18
41349248000140;2026-03-13;86819931.31
41349413000163;2026-03-13;64101512.27
41350689000161;2026-03-12;67586889.38
41350721000109;2026-03-12;35877707.93
41350793000156;2026-03-12;15247754.44
41350894000127;2026-03-13;198706985.36
41360083000107;2026-03-13;17765970.62
41360096000186;2026-03-13;41177657.23
41360141000100;2026-03-13;102357373.43
41360154000171;2026-03-13;375614014.40
41360175000197;2026-03-13;196019859.72
41360184000188;2026-03-13;5035176.61
41360263000199;2026-03-09;97127187.18
41373588000106;2026-03-13;8914534.30
41373593000119;2026-03-13;35311881.71
41373608000149;2026-03-13;3956683.77
41373619000129;2026-03-13;483016376.87
41373629000164;2026-03-13;36622458.17
41373641000179;2026-03-12;209074244.68
41373649000135;2026-03-13;235677598.38
41373672000120;2026-03-13;20713685.38
41373698000178;2026-03-13;17853150.40
41373706000186;2026-03-13;64713940.12
41382460000109;2026-03-13;9678453.80
41391014000160;2026-03-13;891240246.59
41392016000174;2026-03-13;81328714.60
41392136000171;2026-03-13;80121620.30
41392169000111;2026-03-12;14203550.68
41394877000191;2026-03-13;32228938.08
41394902000137;2026-03-13;345657489.76
41395018000117;2026-03-13;70643476.11
41395147000105;2026-03-12;18447735.20
41395162000153;2026-03-12;1265717.33
41395193000104;2026-03-12;22493933.10
41395248000186;2026-03-13;35359122.60
41395293000130;2026-03-13;60407432.45
41395322000164;2026-03-13;59998238.46
41395356000159;2026-03-12;31267646.98
41409602000184;2026-03-13;73299898.59
41409737000140;2026-03-13;14637900.34
41409761000189;2026-03-13;2518880348.38
41409831000107;2026-03-13;59810466.11
41409857000147;2026-03-13;38926895.85
41409879000107;2026-03-13;1244820422.01
41409892000166;2026-03-13;108774095.95
41409914000198;2026-03-13;293850924.24
41409964000175;2026-03-13;189467833.36
41409980000168;2026-03-13;179259873.38
41423592000131;2026-03-13;345243978.31
41423729000158;2026-03-12;1123759.05
41423770000124;2026-03-12;28024190.64
41423809000103;2026-03-12;281869268.89
41423837000120;2026-03-12;23278501.18
41423887000108;2026-03-13;176200524.34
41424000000104;2026-03-13;104209578.88
41424019000142;2026-03-13;1457338.29
41424034000190;2026-03-13;10709861.94
41424063000152;2026-03-13;29055632.37
41424080000190;2026-03-13;3147951.84
41424106000108;2026-03-13;71496286.32
41424117000180;2026-03-13;88975556.50
41424279000118;2026-03-12;76002368.98
41451610000199;2026-03-13;62088161.94
41460252000180;2026-03-13;11824939.58
41483842000129;2026-03-13;18310759.55
41483966000104;2026-03-13;42954510.77
41486487000141;2026-03-13;55419310.50
41487361000191;2026-03-13;571812317.93
41491381000136;2026-03-13;6559112.27
41491605000100;2026-03-13;19192012.54
41491745000188;2026-03-13;19866034.23
41498482000139;2026-03-13;1192587111.29
41504602000163;2026-03-13;3343169175.59
41505673000180;2026-03-13;159764562.07
41512829000150;2026-03-13;2813534.02
41514301000110;2026-03-13;232473076.59
41517076000176;2026-03-13;203393120.05
41517570000130;2026-03-11;52465854.45
41520199000166;2026-03-13;8890626.37
41533755000139;2026-03-05;0.00
41536282000123;2026-03-13;111344805.92
41537104000117;2026-03-12;12884854.37
41538891000111;2026-03-13;109125014.63
41541894000104;2026-03-13;70157980.29
41543671000186;2026-03-13;22671831.95
41544075000110;2026-03-13;27975514.32
41544386000180;2026-03-13;4695031.63
41544447000109;2026-03-13;16353308.10
41544993000140;2026-03-13;99514147.52
41545043000130;2026-03-13;35383688.94
41545124000130;2026-03-12;212319966.32
41545212000131;2026-03-12;49880826.09
41545290000136;2026-03-12;2638422.40
41545433000100;2026-03-13;15854312.00
41545467000102;2026-03-12;105118697.75
41545488000110;2026-03-12;129530909.73
41545586000157;2026-03-13;204286459.54
41545780000132;2026-03-13;10995235.00
41545795000109;2026-03-13;422106549.10
41545897000116;2026-03-11;5059917.53
41545913000170;2026-03-13;32316541.19
41545928000139;2026-03-13;5539091.72
41545982000184;2026-03-13;0.00
41556860000193;2026-03-13;154908220.79
41556926000145;2026-03-13;9981423.36
41557052000140;2026-03-13;51247625.77
41557093000137;2026-03-13;24589255.90
41557139000118;2026-03-13;26341496.84
41557200000127;2026-03-13;17822049.93
41557278000141;2026-03-13;10265491.25
41557733000109;2026-03-13;120041462.52
41559542000186;2026-03-12;142304598.89
41562234000100;2026-03-12;101897506.14
41562262000127;2026-03-12;20173866.38
41562294000122;2026-03-13;129277444.72
41562329000123;2026-03-13;6289715.69
41562564000103;2026-03-13;29831428.38
41569748000197;2026-03-13;45633271.61
41569965000187;2026-03-13;8904611.07
41570019000150;2026-03-13;3337071.80
41570057000103;2026-03-13;568861848.08
41574170000167;2026-03-13;163435679.48
41574480000181;2026-03-13;8667362.56
41574597000165;2026-03-13;116052394.79
41574762000189;2026-03-13;52599594.47
41574798000162;2026-03-13;75457055.35
41574825000105;2026-03-13;27997061.64
41574909000130;2026-03-13;70146787.18
41575396000182;2026-03-12;279325429.29
41575443000198;2026-03-12;47544469.91
41575611000145;2026-03-13;1594259560.05
41575654000120;2026-03-13;594534691.31
41575707000103;2026-03-13;7793295784.03
41575755000100;2026-03-13;2657168559.82
41575809000129;2026-03-13;1589595388.45
41576012000146;2026-03-13;12537805.90
41579163000158;2026-03-13;8623233.31
41579176000127;2026-03-13;39301015.19
41579363000100;2026-03-13;101167246.87
41579421000104;2026-03-13;1789632.11
41579496000187;2026-03-13;26900888.97
41579506000184;2026-03-13;62544635.93
41579526000155;2026-03-13;59546377.38
41579536000190;2026-03-13;13549472.48
41593371000101;2026-03-13;16207741.28
41593482000118;2026-03-13;93581215.28
41594289000100;2026-03-13;269316743.12
41594333000173;2026-03-13;252329638.58
41594476000185;2026-03-13;41742421.71
41594527000179;2026-03-13;18948395.08
41594545000150;2026-03-13;1046175.65
41594555000196;2026-03-13;4485423.46
41594603000146;2026-03-13;1958841.77
41594622000172;2026-03-13;23309484.44
41594651000134;2026-03-13;2533401856.86
41594671000105;2026-03-13;16657553.66
41594707000150;2026-03-13;5044386.89
41594807000187;2026-03-13;8872582.44
41594824000114;2026-03-13;43472432.95
41594835000102;2026-03-13;61737097.40
41601781000157;2026-03-13;531195186.18
41609665000184;2026-03-13;11127038.52
41609712000190;2026-03-13;30432144.24
41609772000102;2026-03-13;71935656.27
41609808000158;2026-03-13;30843296.28
41609852000168;2026-03-13;15834523.36
41610500000122;2026-03-13;131199889.00
41610508000199;2026-03-13;36241087.00
41610520000101;2026-03-13;120650376.02
41610532000128;2026-03-13;144190463.02
41610584000102;2026-03-13;1817628.33
41610595000184;2026-03-13;27724898.94
41610605000181;2026-03-13;233105385.96
41610610000194;2026-03-13;149940455.38
41610621000174;2026-03-13;493834590.61
41610631000100;2026-03-13;118570047.39
41610640000109;2026-03-13;617192511.94
41610649000101;2026-03-13;10491339.79
41610657000158;2026-03-13;108515746.64
41629514000198;2026-03-13;13793414.70
41629606000178;2026-03-13;14111890.24
41629662000102;2026-03-11;131011235.20
41629812000188;2026-03-13;168217139.29
41629871000156;2026-03-13;4707144.48
41629941000176;2026-03-13;198735916.13
41630234000108;2026-03-13;58742939.06
41630537000112;2026-03-13;42845422.35
41630562000104;2026-03-13;30717077.49
41632820000183;2026-03-13;31312449.87
41632839000120;2026-03-13;7865795.01
41632858000156;2026-03-13;17324052.93
41632880000104;2026-03-13;147770782.82
41632904000117;2026-03-13;188015128.87
41632926000187;2026-03-13;333226944.59
41639146000169;2026-03-12;314102823.52
41649754000154;2026-03-12;47025353.90
41649776000114;2026-03-12;349347737.78
41649793000151;2026-03-12;73988641.17
41649957000140;2026-03-12;54339222.24
41649966000131;2026-03-13;76214063.90
41649977000111;2026-03-13;38924526.54
41649990000170;2026-03-13;18816142.23
41650014000138;2026-03-12;36448402.06
41664211000106;2026-03-13;0.52
41672230000184;2026-03-13;33647593.92
41672242000109;2026-03-13;826881997.03
41672376000120;2026-03-13;87119743.50
41672453000141;2026-03-13;262257166.33
41673022000108;2026-03-13;232633864.77
41673064000130;2026-03-13;4464534.90
41673080000123;2026-03-13;66218040.93
41673090000169;2026-03-13;40956077.41
41673174000100;2026-03-13;1000634.76
41673204000170;2026-03-13;116127619.43
41673246000101;2026-03-13;6460192.35
41680991000188;2026-03-12;1500518.87
41681049000134;2026-03-13;147218377.98
41681082000164;2026-03-13;123503585.75
41681126000156;2026-03-13;57627843.26
41681147000171;2026-03-12;5984442.93
41681191000181;2026-03-13;38860827.17
41681275000115;2026-03-13;66100850.80
41681294000141;2026-03-13;50107681.61
41681331000111;2026-03-10;0.00
41681365000106;2026-03-10;0.00
41681445000161;2026-03-13;26967071.34
41681686000100;2026-03-13;105669336.08
41681720000147;2026-03-13;22634042.19
41681763000122;2026-03-13;52930227.80
41681780000160;2026-03-13;270528836.58
41681839000110;2026-03-13;10380085.71
41681874000139;2026-03-13;91088587.37
41681900000129;2026-03-13;217800514.30
41681931000180;2026-03-13;16906180.91
41682289000153;2026-03-13;6126875.87
41686769000192;2026-03-13;0.00
41686780000152;2026-03-13;13302389.94
41686797000100;2026-03-13;42246211.93
41686811000175;2026-03-13;17228112.16
41686843000170;2026-03-13;15321277.01
41686893000158;2026-03-13;13103543.41
41686970000170;2026-03-13;20608000.78
41687004000177;2026-03-13;27857668.86
41687044000119;2026-03-13;56805730.08
41687130000121;2026-03-13;29412649.18
41687144000145;2026-03-12;143024258.85
41687175000104;2026-03-12;83486522.38
41687221000167;2026-03-13;12118903.40
41687249000102;2026-03-13;566747127.99
41687262000153;2026-03-13;13463048.62
41687275000122;2026-03-13;1964592.92
41687283000179;2026-03-13;485062488.59
41687327000160;2026-03-13;680872353.98
41705367000198;2026-03-13;6377411.18
41705552000182;2026-03-13;7460513.50
41707375000173;2026-03-13;68010825.75
41707420000190;2026-03-13;22795515.22
41707791000171;2026-03-13;47899137.58
41707832000120;2026-03-13;3846966.58
41709204000183;2026-03-13;324504657.44
41709507000104;2026-03-12;194419885.31
41709727000120;2026-03-12;193944039.72
41709871000166;2026-03-12;6247360457.32
41710349000102;2026-03-13;1241302458.88
41710399000181;2026-03-13;26450779.84
41710404000156;2026-03-13;62452594.88
41710428000105;2026-03-13;6389809.35
41710441000164;2026-03-12;9613347.42
41710451000108;2026-03-12;9618145.36
41710472000115;2026-03-13;70569602.86
41710486000139;2026-03-13;85535217.35
41710510000130;2026-03-13;50856791.17
41710563000150;2026-03-13;92692487.27
41710692000149;2026-03-13;16008371.40
41710798000142;2026-03-13;21450531.01
41713501000100;2026-03-13;36791337.28
41713685000109;2026-03-13;31078013.71
41713898000122;2026-03-12;4473226530.46
41714065000186;2026-03-12;1723571289.43
41714349000172;2026-03-13;43515092.34
41714611000189;2026-03-12;15106424.60
41714983000105;2026-03-13;11975922.30
41716515000170;2026-03-13;662952028.51
41721180000188;2026-03-13;21645295.62
41721361000104;2026-03-13;2411430.04
41721399000187;2026-03-13;307439535.47
41721433000113;2026-03-13;312572747.17
41721467000108;2026-03-13;538846970.68
41721530000106;2026-03-13;2793688623.22
41721569000123;2026-03-13;13684242780.67
41721609000137;2026-03-13;11784557.25
41721666000116;2026-03-13;4962077.41
41721750000130;2026-03-13;4328591.92
41721781000190;2026-03-13;70914653.16
41721833000129;2026-03-13;71757344.47
41721869000102;2026-03-13;59958822.30
41721904000193;2026-03-13;39949542.74
41721940000157;2026-03-13;39479470.23
41722020000153;2026-03-13;475992396.62
41722064000183;2026-03-13;19298303.32
41722099000112;2026-03-13;225339392.00
41722136000192;2026-03-13;204731419.13
41722175000190;2026-03-13;385769431.03
41727038000148;2026-03-13;52562288.20
41727080000169;2026-03-13;128368557.95
41727134000196;2026-03-13;3285871924.21
41727237000156;2026-03-13;1997967.87
41727284000108;2026-03-12;62092994.33
41733441000180;2026-03-12;69762716.16
41733594000127;2026-03-13;10910771.70
41733669000170;2026-03-13;1949819637.83
41733770000120;2026-03-12;12832290.10
41733824000158;2026-03-12;6751064.47
41733859000197;2026-03-12;12130211.00
41733892000117;2026-03-12;25164944.52
41733920000104;2026-03-12;1995886.37
41734042000133;2026-03-12;13712268.63
41734416000110;2026-03-13;56793506.11
41734805000146;2026-03-13;39333113.14
41734846000132;2026-03-13;2755400393.15
41734913000119;2026-03-13;345819158.46
41734999000180;2026-03-13;128393750.95
41735050000102;2026-03-13;15832434.07
41735118000145;2026-03-13;4516578.01
41735237000106;2026-03-13;128370892.23
41736548000181;2026-03-13;1260338920.83
41736738000107;2026-03-13;15119947.21
41736799000166;2026-03-13;15109682.18
41736872000108;2026-03-12;404164181.70
41738863000148;2026-03-13;1419271001.84
41739141000108;2026-03-13;43765400.38
41739605000186;2026-03-13;7634509591.35
41744106000187;2026-03-13;16790733.85
41744149000162;2026-03-13;37934159.69
41744176000135;2026-03-13;15532738.02
41744690000170;2026-03-13;13155478.87
41745501000184;2026-03-13;6531764.53
41745725000196;2026-03-13;22261593.36
41745741000189;2026-03-13;583413010.53
41745775000173;2026-03-13;307321911.30
41755256000196;2026-03-13;7355933980.10
41755267000176;2026-03-13;37417641.90
41755283000169;2026-03-13;12447099.52
41755317000115;2026-03-13;19203818.14
41755350000145;2026-03-13;3963244.48
41755369000191;2026-03-13;972103.24
41755394000175;2026-03-13;8404243.66
41755464000195;2026-03-12;279259939.56
41756159000118;2026-03-13;10192998805.17
41756266000146;2026-03-13;28095966.23
41756296000152;2026-03-13;73704621.71
41756323000197;2026-03-13;481314281.81
41758578000199;2026-03-13;456470035.94
41762776000126;2026-03-13;0.00
41762791000174;2026-03-13;10854251.66
41762922000113;2026-03-13;350717908.08
41762968000132;2026-03-13;14530642.73
41763054000196;2026-03-11;59467985.97
41763071000123;2026-03-13;16288051.56
41763083000158;2026-03-13;78501600.53
41763099000160;2026-03-13;75514857.40
41763139000174;2026-03-12;36968702.58
41763267000118;2026-03-12;43299271.62
41763294000190;2026-03-13;768624387.63
41763312000134;2026-03-13;139251023.40
41763320000180;2026-03-13;55373429.89
41767134000110;2026-03-13;407699.72
41771670000199;2026-03-12;556946134.19
41771697000181;2026-03-13;40014489.14
41774687000108;2026-03-13;375942460.38
41776635000162;2026-03-13;75588326.34
41776664000124;2026-03-13;5600950.84
41776707000171;2026-03-13;29779083.08
41776752000126;2026-03-13;33427798.17
41776781000198;2026-03-13;1082805341.49
41776823000190;2026-03-13;54760394.17
41776897000127;2026-03-13;46498286.51
41799343000145;2026-03-13;70621101.71
41799419000132;2026-03-12;40918933.41
41799456000140;2026-03-13;52981914.98
41799499000126;2026-03-13;184418999.32
41799581000150;2026-03-13;66191420.91
41799756000120;2026-03-12;19850740.58
41799935000167;2026-03-13;3650236.06
41801819000135;2026-03-13;376377597.02
41802040000134;2026-03-13;53258736.63
41802098000188;2026-03-09;89322734.68
41818114000120;2026-03-12;18846524.47
41818153000128;2026-03-12;48686959.10
41818229000115;2026-03-12;107399618.97
41820144000171;2026-03-13;112750302.53
41835883000137;2026-03-13;145540219.28
41835922000104;2026-03-13;3406999.20
41837419000180;2026-03-13;1025584731.13
41837578000184;2026-03-12;35035956.48
41837614000100;2026-03-12;39832041.90
41837639000103;2026-03-12;85349541.09
41837660000109;2026-03-13;166580127.81
41837686000157;2026-03-13;100238081.28
41837736000104;2026-03-12;49499367.04
41837748000120;2026-03-13;100310350.40
41837763000179;2026-03-12;4155555.91
41837806000116;2026-03-12;16854492.75
41837821000164;2026-03-12;3344821.54
41837845000113;2026-03-12;45977771.67
41853314000114;2026-03-13;145304155.26
41853352000177;2026-03-12;45048635.41
41853372000148;2026-03-12;23321818.80
41853397000141;2026-03-12;44097097.60
41853447000190;2026-03-12;23827475.38
41853468000106;2026-03-12;12285568.46
41853494000134;2026-03-12;54320403.66
41853538000126;2026-03-12;19285188.07
41853671000182;2026-03-13;20886860.72
41853687000195;2026-03-13;11086779.80
41853728000143;2026-03-13;32272281.81
41858415000188;2026-03-13;517494678.73
41866111000162;2026-03-04;54044205.56
41866190000101;2026-03-13;17555551.57
41866212000133;2026-03-13;13263965.58
41866241000103;2026-03-13;26481413.33
41866276000134;2026-03-13;10376388.77
41866348000143;2026-03-11;322716117.70
41866372000182;2026-03-11;578977570.90
41866984000175;2026-03-13;21706469.79
41867014000194;2026-03-13;102498934.88
41867126000145;2026-03-13;36277235.27
41867157000104;2026-03-13;54133034.44
41867181000135;2026-03-13;41201209.10
41867203000167;2026-03-13;12288852.57
41867248000131;2026-03-13;1082645048.96
41867265000179;2026-03-13;29755582.24
41867296000120;2026-03-13;559394846.65
41867324000109;2026-03-13;55663869.32
41867354000115;2026-03-13;31434572.81
41867517000160;2026-03-13;180814791.17
41881064000126;2026-03-13;49358623.10
41881117000109;2026-03-13;0.00
41881132000157;2026-03-13;26062197.20
41881165000105;2026-03-13;30527502.66
41881188000101;2026-03-13;14052364.83
41881205000100;2026-03-13;35874488.39
41881224000137;2026-03-13;27077978.22
41881271000180;2026-03-13;52970161.02
41881375000195;2026-03-12;65867235.40
41881437000169;2026-03-12;18849274.51
41881531000118;2026-03-12;159367294.29
41881550000144;2026-03-12;105563133.59
41881576000192;2026-03-13;1476819371.80
41884249000194;2026-03-13;81104321.33
41884374000102;2026-03-13;32906482.29
41884416000105;2026-03-13;146751225.88
41884440000136;2026-03-13;933885045.81
41884539000138;2026-03-13;105781236.45
41884595000172;2026-03-13;5532329.40
41888055000167;2026-03-13;9308250.87
41888219000156;2026-03-13;1701029885.94
41888295000161;2026-03-13;78961003.99
41888438000135;2026-03-13;80926636.27
41888464000163;2026-03-13;81054524.85
41888492000180;2026-03-13;1294945719.33
41888673000107;2026-03-12;70060142.01
41888700000141;2026-03-11;15091387.28
41888721000167;2026-03-13;100282645.49
41898862000160;2026-03-13;2094073760.27
41898879000118;2026-03-13;106929310.30
41898903000119;2026-03-13;2155689.15
41898926000123;2026-03-13;19629928.47
41901161000133;2026-03-13;80908350.12
41901871000163;2026-03-12;166263273.24
41902320000114;2026-03-12;14170231.59
41902409000180;2026-03-12;1012472334.28
41902508000162;2026-03-12;13701283.97
41902716000161;2026-03-13;56742460.52
41902964000102;2026-03-16;6018292.23
41903026000127;2026-03-13;1060751.13
41906865000107;2026-03-12;38477668.43
41906891000127;2026-03-12;38474037.84
41906938000152;2026-03-12;23129553.14
41906968000169;2026-03-13;190221141.57
41907150000160;2026-03-11;32250984.33
41907541000185;2026-03-13;18096430.32
41907552000165;2026-03-13;17890888.94
41907811000158;2026-03-13;7975349.10
41907819000114;2026-03-13;2798056.05
41907843000153;2026-03-13;11606644.57
41907852000144;2026-03-13;48359098.16
41907862000180;2026-03-13;214854291.57
41921627000162;2026-03-13;2207634.68
41921671000172;2026-03-13;14237544.44
41921700000104;2026-03-13;34983043.99
41921726000144;2026-03-13;25332348.77
41921770000154;2026-03-13;26930992.29
41921835000161;2026-03-13;77489901.30
41922531000119;2026-03-12;14665781.66
41922684000166;2026-03-13;665989855.19
41953322000132;2026-03-13;165494383.23
41954625000170;2026-03-13;7475469.17
41954734000197;2026-03-13;48703993.90
41954782000185;2026-03-13;60973740.14
41954834000113;2026-03-13;20539533.52
41955276000100;2026-03-13;43791613.78
41955494000145;2026-03-13;180788654.75
41955511000144;2026-03-13;2023833.95
41955522000124;2026-03-13;224963746.03
41956196000170;2026-03-13;70946963.90
41956824000117;2026-03-12;143949457.06
41956882000140;2026-03-12;232053251.74
41956951000116;2026-03-12;99579430.56
41956959000182;2026-03-12;282560346.27
41956989000199;2026-03-12;58638589.08
41957009000172;2026-03-12;1562435372.18
41957018000163;2026-03-12;14012398.78
41957029000143;2026-03-12;18137173.72
41957040000103;2026-03-12;40613222.42
41957048000170;2026-03-12;6246042.00
41957080000155;2026-03-12;9048931.58
41957099000100;2026-03-12;11393759.51
41957111000178;2026-03-12;59987297.21
41957122000158;2026-03-12;8556681.63
41957128000125;2026-03-12;9628510.73
41957131000149;2026-03-12;14237575.46
41957146000107;2026-03-12;50329863.38
41957258000168;2026-03-13;301237497.17
41957380000134;2026-03-13;32216912.51
41957388000109;2026-03-13;18078672.46
41957407000199;2026-03-13;117022209.96
41969199000148;2026-03-13;48812398.65
41969299000174;2026-03-13;20554711.21
41969324000110;2026-03-12;395363268.03
41969370000119;2026-03-13;46650280.72
41969746000195;2026-03-13;13271169.44
41969804000180;2026-03-13;1274167.79
41969845000177;2026-03-13;26191857.50
41970027000194;2026-03-04;2906803.41
41978219000147;2026-03-12;35994570.50
41978238000173;2026-03-13;699859078.33
41978436000137;2026-03-13;23389383.56
41978492000171;2026-03-13;50354738.02
41978506000157;2026-03-13;10045731959.13
41978524000139;2026-03-13;135564989.25
41978534000174;2026-03-13;227339971.63
41978621000121;2026-03-13;349562907.96
41978633000156;2026-03-13;51853244.77
41978646000125;2026-03-13;49035152.87
41993440000174;2026-03-13;44195271.80
41993492000140;2026-03-13;67528437.18
41993797000152;2026-03-13;128999876.23
41994031000192;2026-03-13;3542558.40
41994362000122;2026-03-13;32048505.71
41994403000180;2026-03-13;277505493.47
41994525000177;2026-03-13;42667590.19
41994566000163;2026-03-13;4594180.18
41994586000134;2026-03-13;121877937.28
41994665000145;2026-03-13;589939213.64
41994687000105;2026-03-13;1428273049.11
41994712000150;2026-03-13;123766011.63
41994727000119;2026-03-09;159794989.59
42013775000141;2026-03-13;2945459369.40
42013836000170;2026-03-13;8053796.83
42013915000181;2026-03-13;5202108.43
42013936000105;2026-03-13;32980669.36
42013952000190;2026-03-13;38842604.79
42013973000105;2026-03-13;44240685.45
42014005000113;2026-03-13;3791042.51
42014012000115;2026-03-13;27933992.19
42014016000101;2026-03-13;66521155.82
42014033000130;2026-03-13;121866410.20
42014053000101;2026-03-13;94190931.97
42014058000134;2026-03-13;138798755.50
42014065000136;2026-03-13;211720069.01
42014081000129;2026-03-13;23559044.69
42014132000112;2026-03-13;272137858.68
42014145000191;2026-03-13;59456837.32
42014178000131;2026-03-13;1708321957.16
42014243000129;2026-03-13;265795522.02
42014260000166;2026-03-13;495232790.95
42014300000170;2026-03-13;305324869.34
42030786000130;2026-03-12;59617424.51
42030806000172;2026-03-12;34715304.64
42030818000105;2026-03-12;52955899.83
42030830000101;2026-03-12;3377708.32
42030847000169;2026-03-12;33120544.12
42030859000193;2026-03-12;28902763.10
42030887000100;2026-03-13;136784766.57
42030907000143;2026-03-12;79662526.31
42030928000169;2026-03-12;47063559.62
42030943000107;2026-03-12;45190240.73
42030955000131;2026-03-12;24295985.63
42030972000179;2026-03-12;44340498.92
42030985000148;2026-03-12;77663715.79
42030997000172;2026-03-12;139261392.62
42031043000184;2026-03-13;3590038.66
42043741000108;2026-03-13;38350295.66
42043782000196;2026-03-13;38348096.70
42043865000185;2026-03-13;44075611.74
42044287000100;2026-03-12;34461499.78
42044315000180;2026-03-13;116430853.43
42044344000142;2026-03-12;35931660.96
42044397000163;2026-03-12;35723109.35
42044434000133;2026-03-12;30626297.38
42044463000103;2026-03-12;37322048.67
42044607000113;2026-03-12;571349643.15
42044635000130;2026-03-12;26326860.62
42044673000193;2026-03-12;12213991.22
42044704000106;2026-03-13;21304994.65
42044799000168;2026-03-12;48982836.49
42044828000191;2026-03-12;692098504.91
42044870000102;2026-03-13;64272137.85
42044882000137;2026-03-12;42597276.65
42044969000104;2026-03-12;42593906.40
42045593000152;2026-03-13;31566102.58
42045624000175;2026-03-13;31988555.33
42045811000159;2026-03-13;78200827.83
42046753000188;2026-03-13;298210262.06
42046759000155;2026-03-13;31774871.54
42046884000165;2026-03-13;17581317.76
42046919000166;2026-03-13;90606568.62
42046924000179;2026-03-13;23084867.22
42046954000185;2026-03-13;29097427.75
42066404000128;2026-03-13;161337932.48
42066462000151;2026-03-09;0.00
42066520000147;2026-03-13;16729832.86
42066551000106;2026-03-13;13913066.91
42066573000168;2026-03-13;1663487.52
42066675000183;2026-03-12;11229607.28
42066694000100;2026-03-13;85644511.03
42066723000133;2026-03-13;9640332.32
42066741000115;2026-03-13;835322342.70
42066755000139;2026-03-13;60543853.90
42066806000122;2026-03-12;142068254.71
42066827000148;2026-03-12;190097098.27
42066847000119;2026-03-12;529961378.27
42066874000191;2026-03-12;578980873.54
42066898000140;2026-03-12;70034344.25
42066954000147;2026-03-12;2177282.46
42066971000184;2026-03-12;15393744.97
42066996000188;2026-03-12;8840949.25
42067039000176;2026-03-13;27166741.20
42067084000120;2026-03-13;146318384.57
42067265000157;2026-03-13;59695368.88
42067278000126;2026-03-13;60194720.30
42081209000177;2026-03-13;4689239.23
42081346000101;2026-03-13;16997445.85
42081757000105;2026-03-13;3900004.13
42084627000118;2026-03-12;13956523.42
42084719000106;2026-03-12;38804265.75
42084729000133;2026-03-13;3362830.57
42084769000185;2026-03-12;10735129.29
42084784000123;2026-03-13;40078161.87
42084802000177;2026-03-12;0.00
42084832000183;2026-03-13;25877422.01
42084981000142;2026-03-13;128056628.00
42084992000122;2026-03-13;113060427.03
42085537000141;2026-03-13;18277100.07
42085551000145;2026-03-13;36128538.32
42085568000100;2026-03-13;49793531.19
42085610000185;2026-03-13;78144221.13
42085631000109;2026-03-13;14646156.66
42085643000125;2026-03-13;4318851.43
42085652000116;2026-03-13;103806659.22
42085766000166;2026-03-12;225735099.84
42101954000130;2026-03-13;10874588.42
42102146000198;2026-03-13;2063745.03
42102159000167;2026-03-12;15776589.73
42102181000107;2026-03-13;11549297.08
42102214000119;2026-03-12;51982836.07
42102339000149;2026-03-13;13556742.05
42102355000131;2026-03-12;104136776.01
42102398000117;2026-03-13;12511518.61
42115036000160;2026-03-13;571091.49
42115274000176;2026-03-13;22294483.33
42115298000125;2026-03-13;22960687.97
42115332000161;2026-03-13;8319378.60
42115663000100;2026-03-13;84876422.10
42115749000124;2026-03-13;19828984.36
42119476000196;2026-03-13;60742918.23
42119499000109;2026-03-13;210031787.53
42119538000160;2026-03-13;167725380.91
42119566000187;2026-03-12;19458076.52
42119576000112;2026-03-12;8274793.53
42119588000147;2026-03-12;17471335.27
42119596000193;2026-03-12;59164343.87
42119617000170;2026-03-12;64739283.76
42119627000106;2026-03-12;73296147.29
42119635000152;2026-03-12;74537807.60
42120243000103;2026-03-13;108093984.83
42120262000130;2026-03-13;27189982.61
42120273000110;2026-03-13;32365300.57
42120328000191;2026-03-12;168383346.19
42120343000130;2026-03-12;147270900.34
42120363000100;2026-03-13;698233672.18
42120371000157;2026-03-13;1478865532.25
42120385000170;2026-03-13;1952407980.27
42120395000106;2026-03-13;475650129.81
42120405000103;2026-03-13;2446669.65
42132181000150;2026-03-13;4585165.58
42132210000183;2026-03-13;93173218.18
42132471000101;2026-03-12;25312778.61
42132569000150;2026-03-13;71676764.38
42132599000167;2026-03-13;895900945.64
42132614000177;2026-03-13;576812997.30
42132632000159;2026-03-13;4148689.40
42133816000133;2026-03-13;83773942.13
42133869000154;2026-03-13;166846695.21
42154228000186;2026-03-11;5193585.31
42154270000105;2026-03-13;109268186.30
42154367000100;2026-03-13;1780708.59
42154397000116;2026-03-13;30793829.86
42154430000108;2026-03-13;12135754.74
42154541000114;2026-03-12;38608931.65
42154626000100;2026-03-13;16847437.93
42174097000107;2026-03-13;28160389.66
42174224000160;2026-03-13;14085638.04
42190524000132;2026-03-13;14733823.31
42190558000127;2026-03-13;96257881.89
42190578000106;2026-03-13;21864144.91
42190636000193;2026-03-13;11072704.47
42195637000120;2026-03-13;5503198.84
42195666000192;2026-03-11;43804948.00
42195681000130;2026-03-11;47888442.09
42195713000106;2026-03-11;443147028.22
42195744000159;2026-03-13;888524.83
42195755000139;2026-03-13;30041985.24
42195812000180;2026-03-13;36645125.99
42195828000192;2026-03-13;321608163.58
42195844000185;2026-03-13;32029150.45
42195900000181;2026-03-13;53397873.70
42195916000194;2026-03-13;136196875.35
42195970000130;2026-03-13;26433314.95
42195992000108;2026-03-13;4067154.61
42196001000101;2026-03-13;2318164873.62
42196013000128;2026-03-13;2427371.65
42196023000163;2026-03-13;425899303.97
42196029000130;2026-03-13;395743460.37
42196167000110;2026-03-12;14247669.82
42196278000126;2026-03-13;72386379.95
42217140000166;2026-03-13;30315070.97
42220374000162;2026-03-13;17447800.25
42220404000130;2026-03-13;1369670.73
42220424000101;2026-03-13;166516766.77
42220446000171;2026-03-13;448729260.27
42220507000109;2026-03-13;29581492.46
42220529000160;2026-03-13;27609444.59
42220545000153;2026-03-13;14334438.15
42220622000175;2026-03-13;27679535.64
42220630000111;2026-03-13;37555188.81
42220652000181;2026-03-13;71569438.18
42220674000141;2026-03-13;20978660.21
42221146000107;2026-03-12;17124256.72
42221241000100;2026-03-13;17542780.55
42221412000100;2026-03-13;3113604660.37
42221434000161;2026-03-13;1973798393.53
42229068000197;2026-03-13;71261574.96
42229144000164;2026-03-13;614203283.22
42229305000110;2026-03-13;113368681.07
42229319000133;2026-03-13;15371342.55
42229361000154;2026-03-13;31083189.19
42229371000190;2026-03-13;324596990.49
42229399000127;2026-03-13;11575923107.85
42246334000190;2026-03-13;10417440.87
42246380000199;2026-03-13;28032234.14
42246423000136;2026-03-13;29746526.71
42246448000130;2026-03-13;30865045.90
42246480000115;2026-03-13;689184873.26
42246750000198;2026-03-13;4281116954.35
42246841000123;2026-03-12;60041037.70
42246906000130;2026-03-13;2322376738.88
42260820000162;2026-03-13;24991278.74
42260864000192;2026-03-13;24045148.64
42260996000114;2026-03-13;0.00
42261235000187;2026-03-13;15056641.03
42261269000171;2026-03-13;104651732.18
42261301000119;2026-03-13;11409950.96
42263785000135;2026-03-13;22427913.71
42263927000164;2026-03-13;463758654.99
42264017000104;2026-03-13;463261722.11
42264583000108;2026-03-13;193145120.83
42279329000183;2026-03-13;88455764.11
42279443000103;2026-03-13;326063366.25
42279510000190;2026-03-13;35913600.36
42280143000144;2026-03-13;30267719.27
42281839000195;2026-03-13;41771285.06
42281933000144;2026-03-13;606812047.00
42282065000117;2026-03-13;36585159.55
42282089000176;2026-03-13;36542681.83
42282108000164;2026-03-13;188175191.13
42282188000158;2026-03-13;1802660354.23
42287499000100;2026-03-13;86650273.64
42287585000112;2026-03-13;20129377.47
42287621000148;2026-03-13;10390967.14
42287643000108;2026-03-13;3686900.38
42287704000137;2026-03-13;77566024.36
42287756000103;2026-03-13;4643650.33
42287786000110;2026-03-13;627862864.26
42287819000121;2026-03-13;59147256.31
42287911000191;2026-03-13;48765358.17
42288264000132;2026-03-13;4944961.44
42288635000186;2026-03-13;18866473.77
42294333000110;2026-03-13;45915278.39
42294971000131;2026-03-13;202888066.82
42295379000154;2026-03-13;17970641.68
42298665000173;2026-03-13;4412780071.67
42298676000153;2026-03-13;28771979.51
42298685000144;2026-03-13;6447505.75
42298700000154;2026-03-13;41828304.36
42298721000170;2026-03-13;2473990648.75
42298740000104;2026-03-13;15458610.40
42298805000103;2026-03-13;67601739.95
42298846000108;2026-03-13;14473163.76
42298868000160;2026-03-13;292793727.28
42298890000100;2026-03-13;374864262.30
42298902000104;2026-03-13;42986596.14
42298911000197;2026-03-13;10666592.22
42299229000119;2026-03-13;260784470.39
42299337000191;2026-03-13;82511590.07
42315695000140;2026-03-13;24332781.59
42317906000184;2026-03-13;841616136.37
42318981000160;2026-03-13;72886047.00
42321329000102;2026-03-13;1890418.05
42321413000118;2026-03-13;16874884.69
42321421000164;2026-03-13;34430331.89
42321427000131;2026-03-13;3399698.46
42321494000156;2026-03-13;60245674.70
42321520000146;2026-03-13;52548887.89
42330865000166;2026-03-13;524172813.66
42332169000199;2026-03-13;390361245.76
42335925000133;2026-03-13;27278761.34
42336900000154;2026-03-13;678534329.54
42336949000107;2026-03-13;198006398.84
42336988000104;2026-03-13;302490979.98
42337008000198;2026-03-13;6543021.57
42337043000107;2026-03-13;76533064.83
42337174000194;2026-03-13;1261314805.59
42337263000130;2026-03-13;433134988.81
42338321000140;2026-03-13;18680760.83
42338370000183;2026-03-13;65212306.16
42338539000103;2026-03-09;0.00
42344516000101;2026-03-13;66512838.00
42357346000191;2026-03-12;0.00
42357363000129;2026-03-13;69457464.89
42357379000131;2026-03-13;1069887157.86
42358060000120;2026-03-11;151262235.02
42378579000170;2026-03-13;784219106.44
42378671000130;2026-03-13;32084071.53
42378811000170;2026-03-13;81940188.70
42379037000112;2026-03-13;33121212.96
42379088000144;2026-03-13;35081423.32
42379212000171;2026-03-13;40236742.81
42379725000182;2026-03-13;156917787.22
42379878000120;2026-03-13;51153815.98
42380161000106;2026-03-13;6766705401.88
42380398000189;2026-03-13;4177949.45
42380882000108;2026-03-13;14096428075.15
42382303000166;2026-03-12;17999836.97
42382504000163;2026-03-11;17889948.66
42382643000197;2026-03-12;1221591255.75
42382807000186;2026-03-12;39573703.92
42382931000141;2026-03-11;20469292.75
42389980000106;2026-03-13;49252164.71
42399185000107;2026-03-13;70445612.51
42399905000126;2026-03-13;146583357.19
42402063000114;2026-03-13;32515439.12
42402249000173;2026-03-12;86700266.61
42402544000120;2026-03-13;19968823.55
42402547000163;2026-03-13;3294228534.36
42404779000150;2026-03-12;580676322.75
42405028000159;2026-03-13;1209542056.96
42405077000191;2026-03-13;8499087.52
42405280000168;2026-03-13;493467180.57
42405550000130;2026-03-12;527593029.07
42405658000123;2026-03-12;24639662.34
42405817000190;2026-03-12;1375353.60
42407043000136;2026-03-12;16515233.13
42407193000140;2026-03-13;2214309.99
42407471000169;2026-03-13;363660524.18
42408129000183;2026-03-10;6340476.78
42408185000118;2026-03-10;4455879.84
42408692000151;2026-03-12;39283208.44
42411555000176;2026-03-13;715580742.29
42411782000100;2026-03-13;728848467.61
42417749000189;2026-03-13;162585475.49
42417831000103;2026-03-13;35096301.96
42417904000167;2026-03-13;16166240.28
42418201000153;2026-03-13;10253797.67
42418908000160;2026-03-12;1638862176.10
42420476000121;2026-03-13;25836977.77
42420560000145;2026-03-13;68519140.50
42420671000151;2026-03-13;33835178.95
42420740000127;2026-03-13;83430333.83
42420830000118;2026-03-13;5729336.39
42420971000130;2026-03-13;44152707.57
42421150000119;2026-03-12;608260669.51
42428306000193;2026-03-13;820171010.34
42431032000191;2026-03-13;3403054.44
42431082000179;2026-03-13;13000848.78
42431208000105;2026-03-13;2986352.86
42431277000119;2026-03-13;2753952.85
42431372000112;2026-03-12;40339551.22
42431420000172;2026-03-13;14711322.18
42431442000132;2026-03-13;47589114.13
42431469000125;2026-03-13;13621898.74
42431492000110;2026-03-13;236755240.77
42431509000139;2026-03-13;3767460410.57
42431531000189;2026-03-13;370293562.37
42431723000195;2026-03-12;224128622.95
42431765000126;2026-03-12;1523323484.54
42431790000100;2026-03-13;5579632.04
42431802000104;2026-03-12;115481530.58
42431814000120;2026-03-13;715536805.66
42431838000180;2026-03-12;41724411.97
42431884000189;2026-03-12;20213353.72
42431896000103;2026-03-12;10289155.15
42431934000128;2026-03-13;241574321.98
42431954000107;2026-03-13;58502210.55
42431968000112;2026-03-13;57745828.71
42446979000176;2026-03-12;28174516.98
42447119000157;2026-03-13;15155019.83
42447172000158;2026-03-13;58392023.12
42447197000151;2026-03-12;89847844.90
42447229000119;2026-03-13;27807370.19
42447256000191;2026-03-13;21612769.70
42447288000197;2026-03-13;55533217.71
42447309000174;2026-03-13;3444744.32
42447405000112;2026-03-13;64098039.47
42447507000138;2026-03-13;6074467.49
42447534000100;2026-03-13;102584548.13
42447558000160;2026-03-13;9948273.21
42447588000176;2026-03-13;11820607.91
42447691000116;2026-03-13;15212305.09
42447925000125;2026-03-12;374402209.18
42447950000109;2026-03-13;9282469.17
42448006000176;2026-03-12;13354284.01
42448025000100;2026-03-13;47370599.08
42448108000191;2026-03-13;10651728.59
42448223000166;2026-03-13;108008617.88
42448245000126;2026-03-13;33225660.47
42448269000185;2026-03-13;26288723.55
42449133000190;2026-03-12;17999122.02
42449146000169;2026-03-12;5196954.93
42449329000184;2026-03-13;172871173.55
42449356000157;2026-03-13;9105314.45
42449373000194;2026-03-13;26212077.36
42449381000130;2026-03-13;32038910.16
42449416000131;2026-03-13;3206576.06
42449526000101;2026-03-13;89374570.35
42449557000154;2026-03-13;211604205.97
42449577000125;2026-03-13;1272523.25
42449703000141;2026-03-12;66194094.58
42461401000199;2026-03-12;128667677.85
42461658000140;2026-03-12;35175918.63
42461695000159;2026-03-12;266380634.00
42461845000124;2026-03-12;298294128.18
42461943000161;2026-03-12;118315257.83
42464235000184;2026-03-13;20999093.84
42464489000100;2026-03-13;7158601.47
42464506000100;2026-03-13;43786985.43
42464614000174;2026-03-13;19370395.52
42464835000142;2026-03-13;68336305.81
42464850000190;2026-03-13;24958578.04
42464898000107;2026-03-13;23980313.61
42464932000135;2026-03-13;23988570.74
42464949000192;2026-03-13;57423510.72
42465027000108;2026-03-13;79673814.69
42468330000156;2026-03-12;17047825.79
42469023000190;2026-03-12;44848952.09
42472210000122;2026-03-13;7037643.36
42479235000158;2026-03-12;623992523.25
42479262000120;2026-03-12;603373305.77
42479278000133;2026-03-12;27760410.03
42479324000102;2026-03-12;40005045.91
42479439000199;2026-03-13;12830517.14
42479506000175;2026-03-12;1943412.69
42479534000192;2026-03-12;2230213.36
42479628000161;2026-03-13;4380441.69
42479638000105;2026-03-13;3377707.27
42479640000176;2026-03-13;176366759.60
42479651000156;2026-03-13;17312926.63
42479946000122;2026-03-13;1603870.79
42479952000180;2026-03-13;144268835.78
42479970000161;2026-03-13;42104040.06
42479991000187;2026-03-13;32938173.11
42480028000113;2026-03-13;12124822.21
42494301000169;2026-03-12;46186226.74
42494477000110;2026-03-13;1173053.81
42494630000100;2026-03-12;21181999.57
42494899000196;2026-03-13;284485985.52
42494952000159;2026-03-12;35899133.31
42494990000101;2026-03-12;8306108.64
42495012000184;2026-03-12;8279095.33
42501939000180;2026-03-12;22339273.80
42501967000105;2026-03-13;822811086.56
42502284000164;2026-03-13;13940838.97
42502314000132;2026-03-13;32570795.30
42502331000170;2026-03-13;35486673.80
42502378000133;2026-03-13;98691355.04
42502400000145;2026-03-13;28442806.70
42519810000107;2026-03-13;69248796.32
42519831000114;2026-03-13;167337069.70
42519872000100;2026-03-13;75392538.19
42519896000160;2026-03-13;167775471.52
42520281000153;2026-03-12;22771618.27
42520302000130;2026-03-13;818115990.08
42520416000180;2026-03-13;1173287731.00
42534424000186;2026-03-13;11742637.07
42534569000187;2026-03-13;20579403.75
42535073000128;2026-03-13;208261593.46
42535150000140;2026-03-13;26329229.96
42535184000134;2026-03-13;886732036.08
42535251000110;2026-03-13;359656188.21
42535297000130;2026-03-13;722242650.22
42535455000151;2026-03-13;43237317.37
42536254000179;2026-03-13;451869673.44
42546245000169;2026-03-13;3512126.43
42550188000191;2026-03-13;720992542.44
42556044000142;2026-03-13;10623372.37
42556081000150;2026-03-13;86298214.66
42556260000198;2026-03-12;108808439.90
42556281000103;2026-03-13;1509158504.96
42556458000171;2026-03-13;13985753.28
42556488000188;2026-03-13;62476890.63
42556539000171;2026-03-13;16816471.44
42561396000196;2026-03-13;182407981.61
42561760000118;2026-03-13;-402236.57
42561903000191;2026-03-13;964312.20
42562167000196;2026-03-13;1282973395.35
42562221000101;2026-03-13;35651232.96
42562291000151;2026-03-13;82162024.81
42562316000117;2026-03-13;19408430.90
42562353000125;2026-03-13;624240930.07
42562408000105;2026-03-13;6998665.69
42562449000193;2026-03-13;4248898.04
42562480000124;2026-03-13;35637153.99
42562516000170;2026-03-13;20001594.52
42562534000151;2026-03-13;63897773.15
42562565000102;2026-03-13;24407036.10
42562620000164;2026-03-13;114476648.16
42581673000122;2026-03-13;1786903.47
42581742000106;2026-03-13;1794274.82
42582654000110;2026-03-12;41465514.93
42583454000182;2026-03-13;2334369.22
42583875000103;2026-03-13;66634883.32
42584327000106;2026-03-13;2918845.12
42591324000191;2026-03-13;99462345.60
42591384000104;2026-03-13;8917796.18
42591615000180;2026-03-13;79533918.57
42592268000100;2026-03-13;20022779.13
42592283000158;2026-03-13;13295891.66
42592315000115;2026-03-13;196288471686.50
42592333000105;2026-03-13;23688546483.61
42592357000156;2026-03-13;23686900358.47
42592381000195;2026-03-13;19990886.19
42592390000186;2026-03-13;2375769240.82
42592407000103;2026-03-13;1180282812.12
42592423000198;2026-03-13;8411992574.68
42592438000156;2026-03-13;30698819.50
42592516000112;2026-03-13;15379618.35
42592985000131;2026-03-13;23605129.60
42593002000181;2026-03-13;226680254.77
42593043000178;2026-03-13;131732382.32
42593059000180;2026-03-13;16391792.04
42593071000195;2026-03-13;18213670.75
42593093000155;2026-03-13;73754041.95
42597533000142;2026-03-13;1749299.79
42598117000169;2026-03-13;15327721.00
42619209000188;2026-03-13;139457001.82
42619279000136;2026-03-13;119038977.81
42619342000134;2026-03-13;82097721.90
42619473000111;2026-03-13;3674962.74
42619546000175;2026-03-13;36265124.38
42619615000140;2026-03-13;43622022.22
42620447000103;2026-03-13;71117901.36
42620514000190;2026-03-13;58569350.05
42620656000157;2026-03-13;42432315.31
42620691000176;2026-03-13;26548873.74
42620735000168;2026-03-13;15886491.72
42621039000176;2026-03-13;73203215.97
42621119000121;2026-03-13;112032364.79
42624285000181;2026-03-13;161273646.56
42624506000111;2026-03-13;24232127.10
42624664000171;2026-03-13;6607356.61
42636669000114;2026-03-13;67921658.80
42636843000129;2026-03-13;24787018.44
42639270000197;2026-03-13;41306988.34
42656644000182;2026-03-13;12322062.59
42656788000139;2026-03-13;22266781.73
42682139000102;2026-03-13;25426766.92
42682169000119;2026-03-13;17695969.98
42682358000191;2026-03-13;70653157.19
42682380000131;2026-03-13;28068022.79
42682416000187;2026-03-13;67357357.08
42682436000158;2026-03-13;33480946.35
42682447000138;2026-03-13;30584926.16
42682474000100;2026-03-13;19538943.90
42682811000160;2026-03-13;3388846.35
42682957000105;2026-03-13;37355010.89
42682985000122;2026-03-13;8774943.24
42682996000102;2026-03-13;15228200.57
42691872000193;2026-03-13;16185005.52
42691990000100;2026-03-13;90439546.42
42692128000103;2026-03-13;5340271.49
42698112000108;2026-03-13;6719288.34
42698158000127;2026-03-13;8826880131.93
42698327000129;2026-03-13;156367760.52
42698364000137;2026-03-13;1102172019.87
42698405000195;2026-03-13;42757105.30
42698540000130;2026-03-13;1082941577.01
42698584000160;2026-03-13;951975650.53
42698615000183;2026-03-13;814067190.96
42698666000105;2026-03-13;575539853.69
42698876000101;2026-03-13;273813821.07
42698907000116;2026-03-13;168002153.00
42698932000108;2026-03-13;67667320.06
42698980000198;2026-03-13;1088700615.31
42699005000102;2026-03-13;8199168.46
42699050000159;2026-03-13;14078326362.93
42699101000142;2026-03-13;33095974.68
42699466000177;2026-03-13;2886628357.53
42699535000142;2026-03-13;6920656.58
42699578000128;2026-03-13;6928500.22
42699695000191;2026-03-13;349781124.54
42699721000181;2026-03-13;38473574.88
42699817000140;2026-03-13;25856899.42
42716764000128;2026-03-13;2878926001.41
42717324000195;2026-03-13;2249035.96
42717415000120;2026-03-13;23818234.89
42717511000179;2026-03-13;866375957.90
42717828000105;2026-03-13;739739474.92
42717848000186;2026-03-13;583212554.12
42717919000140;2026-03-13;25480008.09
42717935000133;2026-03-12;311779865.07
42717960000117;2026-03-13;7792572131.34
42717986000165;2026-03-13;8458964100.57
42718039000199;2026-03-13;24684710.95
42718070000120;2026-03-13;31843102.47
42718331000101;2026-03-13;43287433.08
42718366000140;2026-03-13;36520504.79
42718410000112;2026-03-13;137849790.06
42718451000109;2026-03-13;10026653.82
42728934000194;2026-03-13;430621204.28
42729006000144;2026-03-13;0.00
42730441000199;2026-03-13;53994990.34
42730600000155;2026-03-13;148732840.62
42730656000100;2026-03-12;64184337.81
42730673000147;2026-03-13;1073902.10
42730699000195;2026-03-13;16835533.98
42730726000120;2026-03-13;21670266.21
42730834000100;2026-03-12;2085994454.92
42730862000110;2026-03-13;11421541.01
42730892000126;2026-03-13;42033785.04
42730970000192;2026-03-13;81070166.34
42731084000183;2026-03-13;65807610.64
42731159000126;2026-03-13;9115266.63
42731202000153;2026-03-13;307257883.58
42731236000148;2026-03-13;6638852.29
42734361000101;2026-03-13;26067645.69
42734432000176;2026-03-13;401804025.28
42734500000105;2026-03-13;15291106.77
42734614000147;2026-03-13;78294200.17
42734645000106;2026-03-13;25571168.53
42735105000139;2026-03-13;72890861.61
42736073000196;2026-03-13;219423789.05
42736995000101;2026-03-10;1002576501.76
42737112000170;2026-03-13;14496040.90
42737133000195;2026-03-13;1056719.57
42737146000164;2026-03-13;36841458.43
42737162000157;2026-03-13;13639017.95
42737180000139;2026-03-13;17363075.48
42737194000152;2026-03-13;334407.45
42737244000100;2026-03-13;153772202.10
42747118000128;2026-03-13;15785041.66
42747172000173;2026-03-13;74616159.14
42747231000103;2026-03-13;6379809.61
42747269000186;2026-03-13;11390853.00
42747290000181;2026-03-13;98738299.00
42747387000194;2026-03-13;379034657.63
42747463000161;2026-03-13;135092166.26
42747488000165;2026-03-13;28570840.08
42747509000142;2026-03-13;16255901.55
42747536000115;2026-03-13;36777019.18
42747558000185;2026-03-13;22440143.37
42747608000124;2026-03-13;34414980.00
42747639000185;2026-03-13;29421750.57
42747658000101;2026-03-13;38368814.74
42747686000129;2026-03-13;23762642.91
42749484000116;2026-03-13;41673533.49
42749605000120;2026-03-13;33158123.65
42749795000185;2026-03-13;51557448.93
42749836000133;2026-03-13;61273344.90
42749877000120;2026-03-13;11046389.03
42749961000143;2026-03-13;11265815.56
42750049000101;2026-03-12;9177623.17
42750338000100;2026-03-13;79438289.59
42750378000152;2026-03-13;64796795.15
42754276000105;2026-03-13;79566802.92
42754302000103;2026-03-13;1480322.19
42754313000185;2026-03-13;13743292.25
42754331000167;2026-03-13;3933287455.00
42767750000133;2026-03-13;40397529.68
42767774000192;2026-03-13;155909228.25
42773936000103;2026-03-13;2188689.54
42774044000119;2026-03-13;3373486.92
42774252000118;2026-03-13;124572922.61
42774301000112;2026-03-13;58294125.74
42774352000144;2026-03-13;240830040.79
42774410000130;2026-03-13;45421554.59
42774498000190;2026-03-13;28451943.95
42774589000125;2026-03-13;71984713.00
42774627000140;2026-03-13;1103573901.89
42774656000101;2026-03-13;62273696.81
42774726000121;2026-03-13;14307096.65
42774769000107;2026-03-13;1464117308.15
42774842000140;2026-03-13;308531179.85
42774871000102;2026-03-13;301516239.02
42776215000149;2026-03-13;346534908.40
42776255000190;2026-03-13;56351856.24
42776282000163;2026-03-13;94898928.45
42776341000101;2026-03-13;10664066.99
42776420000104;2026-03-13;93644086.03
42776456000198;2026-03-13;79591799.65
42776495000195;2026-03-13;57731149.87
42776568000149;2026-03-13;28641299.94
42776608000152;2026-03-13;1694737.18
42776645000160;2026-03-12;478493839.91
42777239000112;2026-03-13;470816442.50
42777251000127;2026-03-13;5026838.76
42777294000102;2026-03-13;5036706.98
42777313000109;2026-03-13;33041300.63
42777340000173;2026-03-13;25959665.17
42777350000109;2026-03-13;25947319.56
42794402000155;2026-03-13;691846915.17
42794421000181;2026-03-13;9633583.63
42794466000156;2026-03-13;69242938.33
42794534000187;2026-03-13;728004164.23
42813674000155;2026-03-13;177256210.36
42813715000103;2026-03-13;101165036.70
42813730000151;2026-03-13;27492711.37
42813742000186;2026-03-13;42176262.57
42813751000177;2026-03-13;57770939.17
42813773000137;2026-03-13;73738249.63
42813791000119;2026-03-13;44327342.45
42813800000171;2026-03-13;84610.60
42813817000129;2026-03-13;18316027.58
42814396000150;2026-03-12;22165565.85
42814476000106;2026-03-13;568865706.61
42814501000151;2026-03-12;28669529.76
42814516000110;2026-03-12;29400434.95
42814562000119;2026-03-13;418698544.26
42814606000100;2026-03-13;61156805.16
42814669000167;2026-03-13;62647995.98
42814769000193;2026-03-13;22567883149.60
42814813000165;2026-03-13;1738791693.04
42814825000190;2026-03-13;319779564.91
42814852000162;2026-03-13;319173756.97
42814885000102;2026-03-13;42132826.10
42814895000148;2026-03-13;832562623.59
42814922000182;2026-03-13;9218686.91
42814932000118;2026-03-13;450526522.68
42814944000142;2026-03-13;51730814297.12
42814955000122;2026-03-13;146959422.63
42814967000157;2026-03-13;10363667.42
42826922000100;2026-03-13;94500512.12
42826980000126;2026-03-13;50840939.27
42827012000134;2026-03-13;814860391.55
42827176000161;2026-03-12;37786245.31
42827247000126;2026-03-13;121474688.75
42827330000103;2026-03-13;1753911073.30
42827424000174;2026-03-13;31076391.12
42827461000182;2026-03-13;21492121.07
42827556000104;2026-03-13;5185857.27
42827631000129;2026-03-12;96303608.91
42827663000124;2026-03-13;14517619.11
42830526000149;2026-03-13;36524794.04
42830556000155;2026-03-13;102788412.54
42830594000108;2026-03-13;75225495.91
42830632000122;2026-03-13;24562937.88
42830666000117;2026-03-13;894001323.10
42830787000169;2026-03-13;14971352.19
42830838000152;2026-03-13;139941454.13
42830853000109;2026-03-13;46487919.11
42830886000140;2026-03-13;3888907.03
42830912000130;2026-03-13;62241706.88
42830958000150;2026-03-13;18023647.97
42830970000164;2026-03-13;17615690.90
42830980000108;2026-03-13;27119893.76
42831022000143;2026-03-13;121863725.64
42831039000109;2026-03-13;35048392.61
42831101000154;2026-03-13;107445323.96
42831183000137;2026-03-12;13364984.22
42831201000180;2026-03-13;4403025884.28
42831217000193;2026-03-13;68391606.78
42831231000197;2026-03-13;2294604076.06
42831246000155;2026-03-12;14848898.08
42831281000174;2026-03-12;27585046.27
42831319000109;2026-03-12;3923666.61
42831345000137;2026-03-13;103873607.24
42831359000150;2026-03-12;19975968.85
42831462000109;2026-03-12;16965557.57
42831476000114;2026-03-12;332943722.49
42831549000178;2026-03-13;6866794.96
42831561000182;2026-03-13;105452189.90
42831570000173;2026-03-13;52389923.27
42831582000106;2026-03-13;29315777.02
42831652000118;2026-03-13;74875017.85
42831764000179;2026-03-13;269365704.99
42831788000128;2026-03-13;454464786.85
42831803000138;2026-03-12;24046620.27
42847230000130;2026-03-13;28246463.81
42847253000145;2026-03-13;38329098.37
42847304000139;2026-03-13;349273941.54
42847342000191;2026-03-13;107456568.53
42847357000150;2026-03-13;26325253.69
42847364000151;2026-03-13;127130830.22
42847374000197;2026-03-13;22045406.06
42847385000177;2026-03-13;17192053.53
42847408000143;2026-03-13;40423404.64
42847413000156;2026-03-13;41072428.40
42847484000159;2026-03-13;49712830.31
42847497000128;2026-03-05;0.00
42847502000100;2026-03-10;87673513.95
42847770000114;2026-03-13;5832967.25
42847784000138;2026-03-13;40512040316.93
42847793000129;2026-03-13;4893870289.80
42847810000128;2026-03-13;8319503.95
42847847000156;2026-03-13;275830514.58
42847859000180;2026-03-13;39766932.75
42847866000182;2026-03-13;1190455.55
42847880000186;2026-03-13;14435906.54
42847886000153;2026-03-13;19918063.61
42847903000152;2026-03-13;1674932423.09
42847907000130;2026-03-13;131627601.76
42847915000187;2026-03-13;21665121.38
42847920000190;2026-03-13;73750679.66
42847926000167;2026-03-13;358736880.43
42847942000150;2026-03-13;465349207.71
42847963000175;2026-03-13;770838314.55
42847973000100;2026-03-13;1265536904.20
42848014000100;2026-03-13;140227137.55
42848021000101;2026-03-13;263643879.29
42848031000147;2026-03-13;19333869.56
42848035000125;2026-03-13;38247061.30
42848041000182;2026-03-13;44135057.22
42848046000105;2026-03-13;144423012.39
42859251000176;2026-03-13;13579863.80
42860483000144;2026-03-13;51709231686.61
42860588000101;2026-03-13;15408921.34
42860617000127;2026-03-13;486366069.03
42860699000100;2026-03-13;351093457.71
42860732000100;2026-03-13;2690426.82
42860743000181;2026-03-13;37250233.55
42865092000112;2026-03-12;27194357.62
42865157000120;2026-03-12;171592152.01
42865247000110;2026-03-12;88373640.11
42865356000138;2026-03-13;56201200.11
42865470000168;2026-03-12;6626884.62
42865537000164;2026-03-12;61831518.68
42865585000152;2026-03-12;13927345.93
42865635000100;2026-03-12;462927744.08
42865719000135;2026-03-13;58009041.86
42867858000106;2026-03-13;579406322.23
42868965000140;2026-03-13;258071064.77
42868995000157;2026-03-13;637194876.38
42869954000185;2026-03-12;75018239.78
42870517000181;2026-03-13;46950119.83
42870532000120;2026-03-13;5199359.46
42870580000118;2026-03-13;5627283.86
42870636000134;2026-03-13;72463901.59
42870645000125;2026-03-13;195791110.97
42870660000173;2026-03-13;352501682.97
42870670000109;2026-03-13;59404352.65
42870677000120;2026-03-13;41360591.13
42870699000190;2026-03-13;5107527.67
42870706000154;2026-03-13;56539834.12
42870716000190;2026-03-13;64828392.57
42870727000170;2026-03-12;55237526.17
42870743000162;2026-03-13;60559552.66
42870763000133;2026-03-13;37507175.60
42870769000100;2026-03-13;80482464.31
42870794000194;2026-03-13;20276017.38
42870806000180;2026-03-13;352760423.73
42870843000199;2026-03-13;23115278.41
42870867000148;2026-03-13;7569709.41
42870882000196;2026-03-13;1403817332.18
42870911000110;2026-03-13;26625382.04
42870920000100;2026-03-13;10965511.31
42870944000160;2026-03-09;97407726.29
42870959000128;2026-03-13;47981630.36
42878403000188;2026-03-13;10944098.57
42878505000101;2026-03-13;258823758.27
42878556000125;2026-03-13;73967265.10
42878589000175;2026-03-13;73940226.21
42887776000115;2026-03-13;2314863.79
42887842000157;2026-03-13;31278673.70
42887856000170;2026-03-13;200464642.93
42887874000152;2026-03-13;29294148.37
42887889000110;2026-03-13;238095962.63
42887906000110;2026-03-13;14204658.21
42887937000170;2026-03-13;6987705.97
42887947000106;2026-03-13;53013349.05
42888058000163;2026-03-12;1095003.73
42888217000120;2026-03-12;11550310.91
42888224000121;2026-03-13;28318999.50
42888378000113;2026-03-12;29813547.71
42888387000104;2026-03-13;47777160.05
42888401000170;2026-03-13;24408648.70
42888469000159;2026-03-13;16634230.70
42888531000102;2026-03-13;66888984.83
42888625000181;2026-03-11;14546344.41
42888699000118;2026-03-13;35594912.43
42888710000140;2026-03-13;121390140.56
42888722000174;2026-03-13;94675251.22
42888732000100;2026-03-12;3686307.67
42888738000187;2026-03-13;52555424.83
42888745000189;2026-03-13;1274450.25
42888770000162;2026-03-13;1159989.78
42888815000107;2026-03-13;2410188.42
42888828000178;2026-03-13;158199633.34
42902166000143;2026-03-13;2532597.61
42902194000160;2026-03-13;1999431.17
42902299000110;2026-03-13;26262787.86
42902399000146;2026-03-13;692920983.32
42903710000171;2026-03-10;433355125.52
42903723000140;2026-03-13;160752385.40
42903848000170;2026-03-13;43451910.86
42904812000101;2026-03-13;28813047.15
42904893000140;2026-03-13;26673226.88
42904928000140;2026-03-13;142914774.53
42904950000190;2026-03-13;3008668.59
42904972000150;2026-03-13;77925654.16
42905004000169;2026-03-13;4742241.54
42905023000195;2026-03-13;74168732.57
42921675000113;2026-03-11;941120.65
42921764000160;2026-03-13;89168614.21
42921777000139;2026-03-13;546228305.57
42921793000121;2026-03-04;44929617.56
42921839000102;2026-03-13;1514631.21
42922027000181;2026-03-12;12434847.81
42922045000163;2026-03-13;16278506.14
42922066000189;2026-03-13;4904655.98
42922097000130;2026-03-13;2435188.42
42922149000178;2026-03-13;13403425.89
42922205000174;2026-03-13;843202114.83
42922224000109;2026-03-12;23977879.30
42922247000105;2026-03-13;21033282.51
42922268000120;2026-03-13;159782708.27
42930012000165;2026-03-12;38607461.27
42932895000142;2026-03-13;52226907.02
42932938000190;2026-03-13;5119762.70
42934005000131;2026-03-12;38406144.85
42934049000161;2026-03-12;95566994.08
42934137000163;2026-03-13;96510984.73
42934592000169;2026-03-13;122313063.09
42934632000172;2026-03-13;27662165.72
42934672000114;2026-03-13;121299329.16
42934693000130;2026-03-13;130783008.90
42934733000143;2026-03-13;38811121.91
42934946000175;2026-03-13;2014302.15
43024578000190;2026-03-12;26886541.19
43024609000103;2026-03-12;34297596.70
43024915000140;2026-03-13;42641678.03
43041275000186;2026-03-13;6279732.60
43041884000135;2026-03-13;632409165.37
43041918000191;2026-03-13;210778651.93
43042008000123;2026-03-13;124291741.05
43042053000188;2026-03-13;149022020.57
43042085000183;2026-03-13;44117701.76
43042114000107;2026-03-13;155076502.35
43049788000133;2026-03-13;26033060.55
43049803000143;2026-03-13;10807451.84
43095433000180;2026-03-13;88199622.13
43095762000121;2026-03-13;24994003.92
43096086000100;2026-03-13;13914545.48
43096173000168;2026-03-13;51907654.98
43096484000127;2026-03-13;5621685.47
43096731000195;2026-03-13;43919835.04
43102322000154;2026-03-12;6070746.57
43103846000160;2026-03-13;98039016.82
43103920000148;2026-03-13;6432027.13
43103992000195;2026-03-13;336232704.94
43104026000192;2026-03-13;27431868.80
43104101000115;2026-03-13;27372373.84
43104134000165;2026-03-13;49786681.94
43104170000129;2026-03-13;91680587.02
43104966000181;2026-03-13;604030720.73
43105198000180;2026-03-13;55962577.54
43105281000150;2026-03-13;221784010.04
43105306000115;2026-03-13;254830237.07
43105341000134;2026-03-13;33163769.47
43105440000116;2026-03-13;15003581.28
43120694000103;2026-03-13;10352119.36
43120751000154;2026-03-13;1016174.79
43121002000141;2026-03-13;809270790.29
43121014000176;2026-03-10;410078469.88
43121053000173;2026-03-13;4153616.86
43121079000111;2026-03-13;48060691.46
43121612000145;2026-03-13;68745186.85
43121882000156;2026-03-13;8046832.47
43121960000112;2026-03-13;179707649.21
43121989000102;2026-03-05;0.00
43122009000188;2026-03-13;244838240.49
43122017000124;2026-03-13;91044061.72
43122041000163;2026-03-12;73924059.96
43122073000169;2026-03-13;100802365.41
43122090000104;2026-03-13;44442899.00
43122112000128;2026-03-13;33724398.26
43122152000170;2026-03-11;210055293.21
43122279000199;2026-03-11;11613637.84
43122405000105;2026-03-13;143609559.42
43122453000101;2026-03-13;155764358.55
43122505000131;2026-03-13;1170846.13
43122518000100;2026-03-13;1179890.94
43140450000192;2026-03-13;471550505.73
43140526000180;2026-03-13;11448396.12
43140618000160;2026-03-13;28808923.94
43140638000130;2026-03-13;280320440.46
43140671000160;2026-03-13;220312002.66
43140708000150;2026-03-13;66640424.96
43140750000171;2026-03-13;35041184.21
43140800000110;2026-03-13;44469003.50
43140948000155;2026-03-13;11177355.31
43141072000161;2026-03-13;24088171.00
43164403000189;2026-03-13;5126331.20
43164415000103;2026-03-13;6940058.04
43164424000102;2026-03-13;20583405.99
43164438000118;2026-03-13;175566855.49
43164479000104;2026-03-13;40413057.23
43164525000175;2026-03-13;58582104.52
43164533000111;2026-03-13;69454275.68
43164554000137;2026-03-13;225445673.44
43164568000150;2026-03-13;30217312.73
43164735000163;2026-03-13;112410514.96
43165094000161;2026-03-12;1091009206.25
43165119000127;2026-03-12;5153709.09
43165151000102;2026-03-12;70186535.30
43165212000131;2026-03-12;2580838.05
43165242000148;2026-03-12;14536308.63
43165358000187;2026-03-13;27348027.02
43165368000112;2026-03-13;96603320.96
43165379000100;2026-03-13;20143200.49
43165388000193;2026-03-13;17640002.95
43165400000160;2026-03-13;16554171.28
43165427000152;2026-03-13;66494644.32
43165437000198;2026-03-13;33725049.58
43165486000120;2026-03-13;22581622.43
43165498000155;2026-03-13;29036240.32
43165507000108;2026-03-13;104991051.96
43165516000107;2026-03-13;14029461.82
43165527000189;2026-03-13;66809702.91
43165542000127;2026-03-13;17096999.72
43181573000171;2026-03-12;37045203.33
43214381000114;2026-03-13;18460357.04
43214408000179;2026-03-13;16770995.58
43214440000154;2026-03-13;113383293.18
43214564000130;2026-03-13;153976601.35
43214636000149;2026-03-13;99071896.41
43214673000157;2026-03-13;134888896.12
43214724000140;2026-03-13;3348102.52
43214762000101;2026-03-13;415537900.30
43214785000108;2026-03-13;11194424.58
43214822000188;2026-03-13;4112936.46
43215148000156;2026-03-13;2579948.01
43215186000109;2026-03-13;83863418.34
43215203000108;2026-03-13;80996011.06
43215421000142;2026-03-10;15449097.26
43216301000160;2026-03-13;57890587.85
43237417000185;2026-03-13;1310588453.07
43237472000175;2026-03-13;125846739.39
43274439000115;2026-03-13;17073489.53
43274947000101;2026-03-13;126265942.29
43275016000110;2026-03-13;415426941.73
43279693000106;2026-03-13;36389738.50
43280025000107;2026-03-12;17582403.75
43280116000134;2026-03-13;12935959.58
43280200000158;2026-03-13;9422717.12
43280230000164;2026-03-13;20620289.26
43280273000140;2026-03-13;23848144.53
43291821000137;2026-03-13;430624282.01
43292421000146;2026-03-13;563886807.81
43292445000103;2026-03-13;3219665.60
43292502000146;2026-03-13;114211532.80
43292521000172;2026-03-13;10954406.11
43310020000171;2026-03-13;74567894.67
43310108000193;2026-03-12;33894036.70
43312398000104;2026-03-13;17317853.72
43312454000100;2026-03-12;20284846.39
43312881000199;2026-03-12;37190658.42
43313008000110;2026-03-12;19249142.23
43313087000160;2026-03-12;2079172.20
43313133000120;2026-03-12;57818295.41
43313171000183;2026-03-13;91990395.12
43403764000130;2026-03-13;76035948.20
43403792000158;2026-03-13;191467661.07
43403835000103;2026-03-13;19524651.15
43403866000156;2026-03-13;36446155.96
43403892000184;2026-03-13;34502319.18
43403945000167;2026-03-13;30675476.32
43403973000184;2026-03-13;40629192.29
43404067000102;2026-03-13;13112035.67
43405759000167;2026-03-13;66810103.83
43410103000132;2026-03-13;15420166.05
43410147000162;2026-03-13;69050012.01
43410195000150;2026-03-13;30497259.89
43410235000164;2026-03-13;38606955.61
43422284000117;2026-03-13;16452694.59
43422840000155;2026-03-13;4434766.94
43423186000102;2026-03-11;1913680721.76
43423209000170;2026-03-13;26341441.66
43423393000159;2026-03-13;57366125.62
43423449000175;2026-03-13;4990850.11
43450518000130;2026-03-13;555452787.76
43491644000132;2026-03-13;73291771.44
43491691000186;2026-03-13;161504779.20
43496461000100;2026-03-13;11208870.82
43496588000129;2026-03-11;15941079.23
43507741000176;2026-03-13;8084859.29
43508028000147;2026-03-13;12058237.55
43508091000183;2026-03-13;115517896.93
43508122000104;2026-03-13;15760206.97
43508203000104;2026-03-13;80177638.24
43508285000189;2026-03-13;8032838.87
43508329000170;2026-03-13;74786776.92
43508412000140;2026-03-13;12751735.46
43508491000199;2026-03-13;18598445.75
43508542000182;2026-03-13;68032270.54
43508561000109;2026-03-13;2757166359.70
43508615000136;2026-03-13;79350823.08
43508634000162;2026-03-13;249622661.53
43508859000119;2026-03-13;18793891.55
43508900000157;2026-03-13;31740950.00
43508912000181;2026-03-13;27835170.67
43508979000116;2026-03-13;29415290.47
43509007000146;2026-03-13;44172369.07
43509081000162;2026-03-13;111187439.38
43509130000167;2026-03-13;287118322.67
43516091000125;2026-03-13;6166857.86
43551227000138;2026-03-13;565651302.56
43551265000190;2026-03-13;270582736.07
43551284000117;2026-03-13;57012973.31
43551296000141;2026-03-13;25928484.84
43551310000107;2026-03-13;42093254.66
43565306000106;2026-03-13;11607767640.05
43583942000152;2026-03-13;70966949.26
43584015000157;2026-03-13;60969724.29
43584040000130;2026-03-13;26922198.72
43584103000159;2026-03-13;3686573.66
43584146000134;2026-03-13;11347696.41
43584189000110;2026-03-13;207435743.63
43584239000169;2026-03-13;23487911.37
43584281000180;2026-03-13;2297093.66
43584326000116;2026-03-13;15918406.30
43584458000148;2026-03-11;54550902.17
43584490000123;2026-03-13;17551044.76
43584552000105;2026-03-13;115556320.36
43584575000101;2026-03-13;51787035.66
43584800000100;2026-03-13;122315470.54
43584913000105;2026-03-13;17111823.58
43584990000165;2026-03-13;30345784.06
43585172000187;2026-03-13;52986258.52
43585188000190;2026-03-13;77194409.13
43593976000128;2026-03-12;89661604.33
43596945000120;2026-03-13;13645188.96
43597123000164;2026-03-13;25836452.97
43597245000150;2026-03-13;8444221.93
43597393000175;2026-03-13;225192494.52
43597464000130;2026-03-13;6716060.69
43597545000130;2026-03-13;1575796.80
43597596000161;2026-03-13;18287708.07
43597630000106;2026-03-13;18213253.60
43597660000104;2026-03-13;457011930.46
43616858000198;2026-03-13;4439074.67
43616898000130;2026-03-13;1542114255.56
43616989000175;2026-03-13;4916703.25
43617159000162;2026-03-13;845023416.91
43617188000124;2026-03-13;5446336.48
43617225000102;2026-03-13;6125318.84
43617316000130;2026-03-13;101683370.38
43617343000102;2026-03-13;14716450197.81
43617375000108;2026-03-13;19221190347.82
43617404000131;2026-03-13;3859117333.38
43617425000157;2026-03-13;41877297.30
43617447000117;2026-03-13;8325309.71
43617480000147;2026-03-13;19357597.68
43617507000100;2026-03-13;10935288.38
43618920000180;2026-03-13;48835666.65
43619032000182;2026-03-13;3703807.19
43619578000133;2026-03-13;6721888.21
43619602000134;2026-03-13;49486943.84
43619621000160;2026-03-13;468332294.09
43619648000153;2026-03-13;4556064.40
43619671000148;2026-03-13;42186511.07
43619696000141;2026-03-13;26381751.71
43619719000118;2026-03-13;84448821.22
43619743000157;2026-03-13;1525149523.32
43631560000157;2026-03-13;13856334.50
43631722000157;2026-03-13;20241915.64
43631871000116;2026-03-13;34338549.38
43636010000120;2026-03-11;2598255950.16
43636043000170;2026-03-13;44547736.39
43636081000123;2026-03-13;42705609.56
43636102000100;2026-03-13;23399691.16
43636153000132;2026-03-13;80978033.36
43636185000138;2026-03-11;358472708.96
43636203000181;2026-03-12;7172153136.28
43650880000154;2026-03-13;209437992.09
43651064000165;2026-03-13;82365040.11
43651117000148;2026-03-13;31108948.50
43690520000186;2026-03-13;1174203823.82
43690552000181;2026-03-13;132635224.92
43690651000163;2026-03-12;6792945.30
43703929000190;2026-03-12;26512130.94
43704227000120;2026-03-13;2246048.43
43722885000145;2026-03-12;14533839.12
43737409000106;2026-03-13;116138075.36
43737588000173;2026-03-13;18150998.82
43737615000108;2026-03-13;44264873.50
43737649000100;2026-03-13;45498845.26
43737807000114;2026-03-13;34270914.28
43740839000179;2026-03-13;4060663.93
43758537000128;2026-03-13;20083234.67
43758621000141;2026-03-13;370390766.01
43758715000110;2026-03-12;38539381.57
43758996000101;2026-03-13;22142134.19
43759044000102;2026-03-13;959814596.77
43759209000146;2026-03-13;263019882.63
43759526000162;2026-03-13;6971927.65
43759618000142;2026-03-13;198063655.40
43759676000176;2026-03-13;198049522.61
43759710000102;2026-03-13;12114913.06
43759772000114;2026-03-13;21798892.95
43760251000187;2026-03-13;4117071.48
43760546000153;2026-03-13;205760620.73
43761719000158;2026-03-13;449292875.26
43761736000195;2026-03-13;70285378.71
43761750000199;2026-03-13;83139266.15
43761768000190;2026-03-13;135276060.33
43761784000183;2026-03-13;59072676.40
43761805000160;2026-03-05;20512681.89
43761843000113;2026-03-13;98910185.04
43761879000105;2026-03-13;46493778.15
43761895000190;2026-03-13;88399975.90
43761934000159;2026-03-13;27878430.64
43774519000130;2026-03-13;148090204.36
43774619000166;2026-03-13;99707365.47
43774790000175;2026-03-13;237211831.34
43774951000120;2026-03-13;22191196.99
43778868000120;2026-03-13;32968606.55
43778917000124;2026-03-13;183023920.54
43778949000120;2026-03-13;3301599034.63
43779018000146;2026-03-06;24934357.13
43779069000178;2026-03-05;11344804.86
43790826000104;2026-03-12;14089386.05
43790886000127;2026-03-13;35335654.25
43790923000105;2026-03-13;15274122.62
43790956000147;2026-03-12;33167907.40
43790993000155;2026-03-12;7060289.07
43791863000137;2026-03-12;85628561.87
43791902000104;2026-03-12;146567337.02
43794128000187;2026-03-13;3086506.06
43794159000138;2026-03-13;137994338.77
43794279000135;2026-03-13;128004875.78
43794322000162;2026-03-13;76841428.38
43794389000105;2026-03-13;424412317.03
43794428000166;2026-03-13;18873233.67
43806723000195;2026-03-13;5259239.22
43806746000108;2026-03-13;4607021.60
43812102000114;2026-03-13;28739068.83
43812220000122;2026-03-13;44534217.59
43812335000117;2026-03-13;49102835.92
43854804000160;2026-03-12;14930000.07
43859846000194;2026-03-13;29518555.22
43859892000193;2026-03-13;22967504.18
43859948000100;2026-03-13;21357405.43
43859993000164;2026-03-04;22582329.44
43860077000144;2026-03-13;27149993.26
43860117000158;2026-03-13;43026755.24
43860171000101;2026-03-13;72872044.69
43860214000140;2026-03-13;197897059.96
43860254000192;2026-03-13;28118426.68
43860312000188;2026-03-13;7947884.73
43860692000150;2026-03-12;0.00
43861304000156;2026-03-13;29093831.07
43861387000183;2026-03-13;162651289.66
43861439000111;2026-03-13;16130543.13
43876172000136;2026-03-13;5899238.99
43876638000101;2026-03-13;5730409.57
43907754000132;2026-03-13;5261388.44
43907791000140;2026-03-13;21964854.45
43907839000110;2026-03-13;25688354.19
43907877000173;2026-03-13;14498630.42
43908005000120;2026-03-13;950674236.49
43909011000100;2026-03-13;166699011.12
43909132000143;2026-03-13;16243145.01
43915486000109;2026-03-13;704595941.67
43915515000124;2026-03-13;88094080.16
43915574000100;2026-03-13;24936109.38
43915616000103;2026-03-13;45799732.27
43917039000180;2026-03-13;83355466.45
43917102000189;2026-03-13;16293287.26
43917189000194;2026-03-13;38557623.05
43917338000115;2026-03-13;10026374.14
43917402000168;2026-03-13;14513391.72
43917444000107;2026-03-13;60292510.37
43917493000131;2026-03-13;546912355.11
43917521000110;2026-03-13;50370266.03
43926150000133;2026-03-13;2822292791.56
43935911000113;2026-03-13;153522439.95
43944465000103;2026-03-13;13363300.64
43960245000173;2026-03-13;86540818.51
43961015000129;2026-03-13;13351701.06
43980182000117;2026-03-05;59433282.75
43984537000146;2026-03-13;701229847.92
43984666000134;2026-03-13;2200497.89
43984800000105;2026-03-13;15515947.66
43984876000122;2026-03-13;84870941.63
43984964000124;2026-03-13;7751364.01
43985037000129;2026-03-13;24492622.49
43985080000194;2026-03-13;2194508.87
43985286000114;2026-03-12;18783813.04
43985398000175;2026-03-13;266145798.09
43985450000193;2026-03-13;18507799.86
43985508000107;2026-03-13;31700806.18
44002597000189;2026-03-13;20062760.58
44002725000194;2026-03-13;3407545.51
44025043000105;2026-03-13;162994599.08
44025131000107;2026-03-13;228597225.14
44025282000157;2026-03-13;6069134261.81
44025397000141;2026-03-13;88049954.87
44025612000104;2026-03-13;124648416.14
44026158000106;2026-03-13;45681812.41
44026884000129;2026-03-13;34427475.31
44026984000155;2026-03-13;8873464.58
44027165000122;2026-03-13;23406414.31
44027199000117;2026-03-12;118587403.61
44027256000168;2026-03-13;138069461.33
44027398000125;2026-03-13;10825660.79
44028063000121;2026-03-13;6638033.53
44034342000106;2026-03-12;119301342.40
44062725000180;2026-03-13;20649570.71
44062801000157;2026-03-12;815800299.72
44062813000181;2026-03-12;94111422.91
44076212000128;2026-03-13;169067073.88
44076221000119;2026-03-13;117963703.53
44098178000192;2026-03-12;36659387.89
44098220000175;2026-03-13;17018159.80
44098793000107;2026-03-12;133823331.00
44100574000107;2026-03-12;16347764.42
44101546000104;2026-03-13;21033819.04
44101810000100;2026-03-13;18155564.28
44101938000173;2026-03-10;0.00
44104852000102;2026-03-13;7092178.08
44105010000167;2026-03-13;454935646.86
44108019000121;2026-03-13;7209751.17
44109286000113;2026-03-13;1125991.51
44109959000135;2026-03-12;11347872.92
44109989000141;2026-03-12;50584573.26
44110011000108;2026-03-13;17912549.57
44157016000188;2026-03-13;6610360.08
44157044000103;2026-03-13;17896941.83
44157133000141;2026-03-13;12423873.79
44157159000190;2026-03-03;0.00
44161804000148;2026-03-13;1647157731.40
44162086000124;2026-03-13;35978443.93
44162109000109;2026-03-13;175811614.85
44162497000110;2026-03-13;158472847.02
44162645000104;2026-03-13;9651865.05
44162887000190;2026-03-12;5047196.79
44162969000134;2026-03-12;21724044.04
44163028000115;2026-03-12;40227803.09
44178351000162;2026-03-13;50243468.34
44185561000188;2026-03-13;9041409.83
44195356000101;2026-03-13;9725543.66
44196324000112;2026-03-13;118589391.95
44196465000135;2026-03-13;16940723.32
44196786000130;2026-03-13;9793970.48
44196819000141;2026-03-13;19986913.34
44196847000169;2026-03-13;145703003.25
44196885000111;2026-03-13;56731003.99
44196930000138;2026-03-13;173334112.64
44196960000144;2026-03-13;0.00
44196993000194;2026-03-13;20109392.35
44197544000160;2026-03-13;18143966.97
44209469000100;2026-03-13;15438897.79
44209539000120;2026-03-13;17814119.16
44209552000180;2026-03-13;11739211.12
44209570000161;2026-03-13;69469899.40
44209582000196;2026-03-13;18262262.05
44209637000168;2026-03-13;16274333.12
44209678000154;2026-03-13;8548437.42
44209723000170;2026-03-13;32693491.77
44209755000176;2026-03-13;69431438.97
44209771000169;2026-03-13;41206814.10
44209797000107;2026-03-13;16348505.65
44211652000140;2026-03-12;42401615.84
44211698000160;2026-03-12;34877210.98
44211808000193;2026-03-12;51095571.47
44211851000159;2026-03-13;1624195367.78
44211899000167;2026-03-13;81054190.01
44211924000102;2026-03-13;38890220.85
44211989000158;2026-03-12;853309008.46
44212055000130;2026-03-12;12326240.14
44212092000149;2026-03-12;1024776860.10
44212217000130;2026-03-13;80848805.57
44212301000154;2026-03-12;78483222.42
44212328000147;2026-03-13;31584412.64
44212606000166;2026-03-12;17012452.28
44212650000176;2026-03-12;82247934.61
44212682000171;2026-03-12;53216123.24
44212709000126;2026-03-12;20072497.43
44229666000191;2026-03-11;102475822.15
44229743000103;2026-03-13;60721189.46
44229776000153;2026-03-13;549332327.48
44229808000110;2026-03-13;8408841.88
44229851000186;2026-03-13;8368447.36
44229915000149;2026-03-13;25053372.37
44229959000179;2026-03-13;23607394.58
44229993000143;2026-03-13;17459001.60
44230038000126;2026-03-13;59083937.81
44230465000104;2026-03-11;25816484.71
44230764000149;2026-03-12;25262969.97
44230831000125;2026-03-11;39140263.70
44230868000153;2026-03-12;251177230.32
44271539000150;2026-03-13;28910588.37
44271594000140;2026-03-13;25492584.19
44271670000118;2026-03-13;29378859.41
44271742000127;2026-03-13;19204295.82
44271767000120;2026-03-13;175256009.12
44272955000173;2026-03-13;18176304.22
44273066000120;2026-03-13;31585552.91
44273103000109;2026-03-13;27584682.83
44273133000107;2026-03-13;164956699.96
44273151000199;2026-03-13;11798936.63
44273501000117;2026-03-12;26581064.66
44273702000114;2026-03-13;33620849.76
44273736000109;2026-03-13;192706666.26
44273776000150;2026-03-13;11426821.14
44273805000184;2026-03-13;64322554.40
44273958000121;2026-03-13;14067864.04
44274006000122;2026-03-13;222696051.54
44274086000116;2026-03-12;54426497.75
44283966000159;2026-03-11;95985765.14
44302015000180;2026-03-13;561079.09
44302175000129;2026-03-13;6273614.71
44302185000164;2026-03-13;1777295.85
44302238000147;2026-03-13;2149460.80
44302283000100;2026-03-13;2112018.87
44315811000157;2026-03-13;668200.26
44315818000179;2026-03-13;47697215.61
44315824000126;2026-03-13;87027467.82
44315830000183;2026-03-13;49540872.67
44315838000140;2026-03-13;124469785.60
44315842000108;2026-03-12;22759609.28
44315854000132;2026-03-13;34005915.72
44315861000134;2026-03-13;409586546.22
44315864000178;2026-03-13;1553387169.53
44315875000158;2026-03-13;49007282.83
44315882000150;2026-03-12;1266296.90
44315891000140;2026-03-13;201082230.48
44315932000107;2026-03-13;69481086.95
44315938000176;2026-03-13;105447783.56
44315944000123;2026-03-13;91306828.82
44329609000184;2026-03-13;27117961.05
44338619000186;2026-03-12;113753136.66
44338702000155;2026-03-12;39815642.93
44339569000151;2026-03-12;53395242.18
44339611000134;2026-03-13;25727601.01
44339697000103;2026-03-12;35567674.90
44339768000160;2026-03-12;146599993.65
44339970000191;2026-03-13;228483827.55
44340011000196;2026-03-12;8014437.91
44340026000154;2026-03-13;132871569.43
44340104000110;2026-03-13;29682305.08
44345473000104;2026-03-13;2996471066.14
44345498000108;2026-03-13;147213739.25
44345532000136;2026-03-13;403768148.23
44345564000131;2026-03-13;21698819.30
44345590000160;2026-03-13;285431107.19
44346770000166;2026-03-13;7488697.27
44346871000137;2026-03-13;90734343.66
44346897000185;2026-03-13;769788.63
44346935000108;2026-03-13;24931604.91
44346960000183;2026-03-13;0.00
44347062000140;2026-03-13;16280669.95
44347093000109;2026-03-13;37319333.32
44347118000166;2026-03-13;37183377.66
44347157000163;2026-03-13;8701530.06
44347187000170;2026-03-13;7530277.79
44347248000107;2026-03-13;9552441.54
44347285000107;2026-03-13;16413659.05
44347394000124;2026-03-13;113825748.86
44347414000167;2026-03-13;836504157.49
44347431000102;2026-03-13;1090687028.25
44360271000123;2026-03-13;19167217.15
44360319000101;2026-03-13;26846753.74
44360367000191;2026-03-13;33447780.81
44360639000153;2026-03-13;11233424.16
44360670000194;2026-03-13;347753302.99
44360935000154;2026-03-13;27111429.19
44361021000108;2026-03-13;1276807.22
44361047000156;2026-03-13;311146360.39
44361086000153;2026-03-13;13148585.46
44361134000103;2026-03-13;739117178.69
44361184000190;2026-03-13;317112017.41
44361220000116;2026-03-13;30663501.79
44370022000119;2026-03-13;21688093.80
44371036000157;2026-03-13;96788877.42
44371529000197;2026-03-13;6336244.97
44371620000102;2026-03-13;60487392.49
44371692000150;2026-03-13;22202482.48
44371772000105;2026-03-11;21307046.19
44371808000150;2026-03-13;38918591.91
44371874000120;2026-03-13;131594491.75
44371890000113;2026-03-13;2992613.85
44371922000180;2026-03-13;763036797.48
44371942000151;2026-03-13;353950148.35
44371977000190;2026-03-13;272653512.57
44372094000103;2026-03-13;451569112.01
44372150000100;2026-03-13;512683115.08
44409243000153;2026-03-13;376583611.69
44409267000102;2026-03-13;1782590.14
44409284000140;2026-03-13;29612607.81
44409295000120;2026-03-13;23660864.40
44409309000105;2026-03-13;7104507.55
44409315000162;2026-03-13;34698940.70
44409327000197;2026-03-12;56528401.04
44409349000157;2026-03-13;13040839.83
44409353000115;2026-03-10;313800094.50
44409359000192;2026-03-13;30793638.19
44409366000194;2026-03-13;1609127105.21
44409412000155;2026-03-13;25056690.24
44409430000137;2026-03-10;175870093.26
44409441000117;2026-03-13;19262515.43
44409442000161;2026-03-13;36869603.61
44417173000185;2026-03-13;158305564.23
44417189000198;2026-03-13;52636642.84
44417212000144;2026-03-13;62013039.01
44417227000102;2026-03-13;499711.54
44417248000128;2026-03-13;41108318.39
44417263000176;2026-03-13;17038116.24
44417288000170;2026-03-13;39514162.09
44417308000102;2026-03-13;1161492.74
44417323000150;2026-03-13;13878185.66
44417355000156;2026-03-13;10755475.26
44417397000197;2026-03-13;2728088.18
44417411000152;2026-03-13;21311088.73
44417431000123;2026-03-13;7634477.50
44417454000138;2026-03-13;25392857.67
44417536000182;2026-03-13;15302317.45
44417561000166;2026-03-13;9452901.81
44417580000192;2026-03-13;19708771.19
44417598000194;2026-03-13;41430218.49
44417627000118;2026-03-13;29824636.39
44428806000150;2026-03-13;207589566.49
44428854000149;2026-03-13;199919161.50
44429101000158;2026-03-13;775492382.19
44431760000129;2026-03-13;159827962.58
44431925000162;2026-03-13;40089403.17
44432479000100;2026-03-13;291788832.81
44434841000182;2026-03-13;21261836.76
44434880000180;2026-03-13;70067983.15
44434888000146;2026-03-10;29939100.48
44434898000181;2026-03-13;434854753.24
44434922000182;2026-03-13;767432328.24
44434985000139;2026-03-13;39999501.06
44435003000123;2026-03-13;30853272.25
44435021000105;2026-03-13;42099740.40
44435320000140;2026-03-16;129275916.65
44435332000174;2026-03-12;12160974.73
44435340000110;2026-03-13;167551605.93
44435358000112;2026-03-16;58413187.27
44435379000138;2026-03-13;13361955.27
44458543000122;2026-03-13;444809.85
44458613000142;2026-03-13;30024720.97
44458641000160;2026-03-13;1761984.18
44458681000101;2026-03-13;39926057.40
44458992000170;2026-03-13;11636542.14
44459125000150;2026-03-13;42720991.36
44459200000182;2026-03-13;25283910.88
44459465000180;2026-03-13;6049056.17
44459491000109;2026-03-13;244187586.79
44459528000107;2026-03-12;446084.81
44459540000103;2026-03-13;107216027.69
44459558000105;2026-03-13;237038466.24
44459572000109;2026-03-13;5539455.65
44465567000109;2026-03-13;9517128.43
44465583000100;2026-03-13;8218161.71
44466536000172;2026-03-13;197784434.49
44479461000164;2026-03-13;103415302.21
44479728000113;2026-03-13;5446378.20
44479771000189;2026-03-13;7019061.60
44479860000125;2026-03-13;24978474.46
44479917000196;2026-03-13;11682257.79
44479943000114;2026-03-13;5779219.52
44479964000130;2026-03-13;114753165.08
44480022000171;2026-03-13;61935092.46
44489239000142;2026-03-13;6361545.64
44489429000160;2026-03-13;39695245.01
44489766000157;2026-03-13;13734941.90
44491064000108;2026-03-13;21502165.43
44515588000191;2026-03-13;4183783195.69
44515610000101;2026-03-13;27970594.63
44515635000105;2026-03-13;10185945.48
44515697000109;2026-03-13;48490033.66
44515825000114;2026-03-13;12109300.83
44515876000146;2026-03-13;12849694.50
44515891000194;2026-03-13;37974418.99
44515943000122;2026-03-13;112497949.50
44526985000169;2026-03-13;25593837.54
44527046000139;2026-03-13;42605509.84
44527464000126;2026-03-13;30843373.17
44544004000106;2026-03-09;12950288.10
44544074000164;2026-03-13;623790.56
44544136000138;2026-03-12;384869254.88
44544152000120;2026-03-12;16265695.53
44573986000164;2026-03-13;27257420.23
44574007000192;2026-03-13;27793058.13
44574229000105;2026-03-13;32386432.32
44574244000153;2026-03-13;4087335.36
44574268000102;2026-03-13;0.00
44574326000106;2026-03-12;405870993.43
44585087000181;2026-03-13;42774981.15
44585418000183;2026-03-13;9067201.97
44585812000111;2026-03-13;44298611.37
44585924000172;2026-03-13;55792678.96
44586421000111;2026-03-11;36979820.94
44602870000106;2026-03-12;34826962.64
44602930000190;2026-03-13;3649263.77
44602950000161;2026-03-13;3644931.54
44603005000184;2026-03-13;392616720.46
44613679000160;2026-03-12;111866881.99
44613740000179;2026-03-13;6831885.53
44614111000163;2026-03-13;35362741.11
44614278000124;2026-03-13;3915857.75
44614341000122;2026-03-13;12020636.33
44614872000115;2026-03-13;49348637.51
44615192000116;2026-03-13;23175688.31
44615320000121;2026-03-13;20149831.99
44615361000118;2026-03-13;17123963.64
44615439000102;2026-03-13;132991572.85
44626089000171;2026-03-13;159013685.96
44638439000110;2026-03-13;49634017.61
44642085000187;2026-03-13;36267852.59
44642511000182;2026-03-12;54089422.90
44642691000100;2026-03-03;0.00
44642956000162;2026-03-13;92466507.10
44643002000174;2026-03-13;86788555.35
44643160000124;2026-03-13;130861308.72
44643171000104;2026-03-13;2859005.01
44643192000120;2026-03-13;114049990.87
44643217000195;2026-03-13;104933185.55
44657982000164;2026-03-13;404953454.46
44669655000122;2026-03-13;9444222.72
44672489000113;2026-03-13;30378846.87
44672703000131;2026-03-13;31358591.62
44672717000155;2026-03-13;53921166.51
44672883000151;2026-03-13;44581767.02
44672908000117;2026-03-13;3061156.89
44672936000134;2026-03-13;43803875.86
44674282000188;2026-03-13;997486224.32
44674583000101;2026-03-13;320545061.80
44674683000138;2026-03-13;0.00
44674741000123;2026-03-13;17333312.39
44679285000104;2026-03-12;14320906.13
44681839000108;2026-03-13;66045400.60
44681889000195;2026-03-13;25191035.69
44681937000145;2026-03-13;188948039.24
44682172000168;2026-03-13;66492696.78
44682496000104;2026-03-13;11451997.73
44683343000173;2026-03-13;24503533.03
44683442000155;2026-03-13;1015935747.78
44690463000106;2026-03-12;67683486.09
44690536000151;2026-03-12;7972995.97
44691105000100;2026-03-12;34022138.05
44691367000174;2026-03-13;324984602.13
44702955000166;2026-03-12;167883094.77
44703088000183;2026-03-12;29515418.35
44703116000162;2026-03-12;30769994.70
44703142000190;2026-03-12;40541512.20
44703249000139;2026-03-12;128917827.35
44703269000100;2026-03-13;343761787.50
44703439000156;2026-03-13;951548262.08
44703451000160;2026-03-13;127571605.91
44703472000186;2026-03-12;136978601.22
44703483000166;2026-03-12;120608818.92
44703493000100;2026-03-12;161877353.79
44703501000100;2026-03-13;27039162410.31
44703508000121;2026-03-13;27151277087.91
44703526000103;2026-03-12;63442671.61
44703556000110;2026-03-13;260635135.78
44704779000100;2026-03-13;50160502.80
44704904000173;2026-03-13;270726506.45
44704956000140;2026-03-12;17127107.98
44704993000158;2026-03-12;212867525.69
44705026000100;2026-03-12;67465707.45
44705082000145;2026-03-12;14473490.05
44705123000101;2026-03-12;18670213.59
44748856000115;2026-03-12;29144500.05
44748859000159;2026-03-13;34510560.10
44748957000196;2026-03-13;23566655.17
44748987000100;2026-03-13;33033157.63
44760740000100;2026-03-13;28127442.00
44761636000121;2026-03-11;195561287.86
44763378000112;2026-03-05;9826880.03
44764166000150;2026-03-11;13832175.35
44769300000105;2026-03-13;9389246.95
44769564000169;2026-03-13;13029644.99
44769656000149;2026-03-13;21878438.37
44769980000167;2026-03-11;116284606.12
44803170000180;2026-03-12;10833085.85
44803244000188;2026-03-13;100720880.90
44803273000140;2026-03-13;33257211.92
44803356000139;2026-03-13;12136935.77
44803482000193;2026-03-13;30534762.88
44803556000191;2026-03-13;67822275.71
44803603000105;2026-03-13;13875267.20
44803648000171;2026-03-13;18563279.16
44814702000184;2026-03-13;64163038.64
44814776000110;2026-03-13;83394385.99
44814806000199;2026-03-13;7693412.12
44814850000107;2026-03-13;21546391.45
44814874000158;2026-03-13;170409428.87
44814968000127;2026-03-10;19143776.80
44814993000100;2026-03-13;199680805.44
44815039000132;2026-03-11;793591584.50
44815080000109;2026-03-13;52676383.00
44815107000163;2026-03-13;25253991.82
44835126000151;2026-03-13;3782464.85
44835465000138;2026-03-13;2771083.11
44835527000101;2026-03-13;8088370.84
44835576000144;2026-03-13;56615175.92
44835630000151;2026-03-13;47675214.09
44835685000161;2026-03-13;3769849.65
44835773000163;2026-03-13;2755993.87
44835820000179;2026-03-13;24499565.57
44835886000169;2026-03-13;6526817.79
44835977000102;2026-03-13;6569924.24
44836274000190;2026-03-13;7980313.72
44836316000193;2026-03-13;82432400.46
44839187000197;2026-03-13;42316854.07
44839424000110;2026-03-13;52032336.85
44839498000156;2026-03-13;171985171.26
44839845000140;2026-03-13;32120823.68
44839898000161;2026-03-13;35858209.63
44843813000119;2026-03-06;131494407.54
44853229000144;2026-03-13;157551108.75
44870051000140;2026-03-13;41726839.88
44870067000152;2026-03-13;165776529.21
44870128000181;2026-03-13;4434658.06
44870150000121;2026-03-13;165998232.15
44870256000125;2026-03-13;27240861.02
44870265000116;2026-03-13;116817441.14
44870288000120;2026-03-13;27232424.34
44870308000163;2026-03-13;106980553.13
44870362000109;2026-03-13;50517929.74
44870389000100;2026-03-12;30846799.30
44870416000136;2026-03-13;18494285.91
44870446000142;2026-03-13;10753565.89
44870460000146;2026-03-13;62719720.80
44900441000115;2026-03-12;550345245.62
44900549000108;2026-03-12;73638067.50
44900569000189;2026-03-12;34904126.10
44900596000151;2026-03-12;6867221.31
44900613000150;2026-03-12;66945327.57
44903447000146;2026-03-13;52108030.98
44903494000190;2026-03-13;26070142.77
44903700000161;2026-03-12;6239783.00
44903727000154;2026-03-04;31669982.26
44908437000101;2026-03-13;14322906.52
44909575000105;2026-03-13;88120956.62
44909628000180;2026-03-13;626528916.24
44917025000120;2026-03-12;58180983.98
44917099000166;2026-03-12;41193131.58
44917182000135;2026-03-12;6360166.81
44917273000170;2026-03-13;62667453.98
44917343000190;2026-03-13;67290123.77
44917354000170;2026-03-12;8215241.05
44917374000141;2026-03-12;184289470.12
44917400000131;2026-03-12;22453780.24
44917438000104;2026-03-12;86212550.13
44917472000189;2026-03-12;68747645.60
44917492000150;2026-03-12;188309854.14
44917509000179;2026-03-12;136698262.72
44917594000175;2026-03-12;7779788.71
44933162000158;2026-03-12;78167550.79
44934793000191;2026-03-13;8591177.92
44934819000100;2026-03-13;101329235.95
44934934000176;2026-03-13;146699509.98
44935015000117;2026-03-13;10955903.77
44935130000191;2026-03-12;20338951.44
44951801000108;2026-03-13;51431306.42
44951827000156;2026-03-12;17834483.86
44951896000160;2026-03-12;183342486.47
44951924000149;2026-03-12;744610986.87
44960766000193;2026-03-12;15925974.66
44960816000132;2026-03-12;38984359.39
44960837000158;2026-03-13;196636245.79
44960967000190;2026-03-12;47408952.76
44961136000133;2026-03-06;376407613.25
44961198000145;2026-03-13;1558511347.97
44961229000168;2026-03-12;11340886.41
44961240000128;2026-03-12;12200849.11
44965977000119;2026-03-13;86855911.23
44967112000191;2026-03-13;19252829.65
44967167000100;2026-03-13;2672823.52
44967195000119;2026-03-13;16830113.77
44967444000176;2026-03-13;22167298.53
44977584000125;2026-03-13;68499818.96
44978050000113;2026-03-12;110802758.39
44978453000162;2026-03-13;1141917077.84
44978472000199;2026-03-13;23410629.29
44978510000103;2026-03-13;14693434.84
44978585000194;2026-03-13;76641964.40
44978654000160;2026-03-12;59611054.27
44978699000134;2026-03-13;5926163.35
44980391000123;2026-03-13;40073874.45
44980461000143;2026-03-13;45182571.38
44980489000180;2026-03-13;22059960.07
44981739000105;2026-03-12;17047971.00
44981897000157;2026-03-13;4132125.25
44981922000100;2026-03-12;29722841.02
44981946000151;2026-03-13;25050889.65
44981979000100;2026-03-13;22482748.33
44982063000166;2026-03-13;12021580.11
44982118000138;2026-03-13;161731044.18
44982164000137;2026-03-13;89205697.04
44983209000198;2026-03-12;225597529.87
44983441000126;2026-03-13;2070053.25
44983497000180;2026-03-13;22549007.32
44983540000108;2026-03-13;23541323.08
44983556000110;2026-03-13;10162989.22
44983621000108;2026-03-13;232997577.68
44983705000141;2026-03-13;13717518.54
44983745000193;2026-03-13;36157166.92
45017421000163;2026-03-12;57351597.60
45017499000188;2026-03-12;157330342.52
45017719000173;2026-03-13;36521784.51
45018350000113;2026-03-13;79837102.32
45018608000181;2026-03-13;36247042.77
45018643000109;2026-03-13;243177260.95
45019458000120;2026-03-13;73671956.24
45019629000111;2026-03-13;51928240.51
45019661000105;2026-03-13;209948984.99
45024822000140;2026-03-13;33918114.66
45026584000102;2026-03-13;89023757.50
45026647000120;2026-03-13;59549.43
45027536000139;2026-03-13;1854767.91
45027578000170;2026-03-13;9855028.58
45046247000187;2026-03-12;12721503.52
45046264000114;2026-03-13;109724996.29
45046280000107;2026-03-12;118744132.64
45046353000160;2026-03-12;104866320.38
45063704000141;2026-03-13;72417086.72
45063754000129;2026-03-12;9817758.53
45063855000108;2026-03-13;328279824.03
45063916000129;2026-03-13;2989412.85
45081446000126;2026-03-13;991966.96
45081538000106;2026-03-13;829136352.89
45081560000156;2026-03-13;10356900.44
45081595000195;2026-03-13;725948729.70
45081614000183;2026-03-13;446233235.89
45081662000171;2026-03-13;28159921.10
45081677000130;2026-03-13;4383721860.51
45081735000125;2026-03-13;89375675.12
45081757000195;2026-03-13;10067910.85
45081835000151;2026-03-13;78706660.34
45085918000119;2026-03-13;33388676.23
45087117000192;2026-03-13;9932737.04
45087164000136;2026-03-13;6322218.91
45088539000182;2026-03-12;279311565.61
45088665000137;2026-03-13;34420173.05
45088717000175;2026-03-16;28255907.32
45088790000147;2026-03-13;1271932172.36
45088821000160;2026-03-13;13360746.62
45089346000146;2026-03-12;547727860.51
45089460000176;2026-03-13;320682418.21
45089490000182;2026-03-13;1867163.58
45089518000181;2026-03-13;13636235.60
45089595000131;2026-03-13;17905254.63
45089614000120;2026-03-13;28988230.12
45089632000101;2026-03-13;58364649.43
45089650000193;2026-03-13;95755466.40
45089750000110;2026-03-11;433116049.71
45089766000122;2026-03-13;41324029.74
45089785000159;2026-03-13;71197138.91
45102454000101;2026-03-13;999024219.81
45103310000170;2026-03-13;60664825.99
45103742000180;2026-03-13;3861142458.41
45103998000198;2026-03-13;796601156.55
45104170000154;2026-03-13;145873364.91
45120823000199;2026-03-13;7312464.67
45120936000194;2026-03-12;14026655.26
45120996000107;2026-03-13;9717267.03
45121022000148;2026-03-13;146261409.85
45121114000128;2026-03-13;24026370.85
45121247000102;2026-03-12;71230105.03
45121299000170;2026-03-13;123132919.70
45121329000149;2026-03-12;50578170.58
45121833000149;2026-03-13;28890017.69
45123679000144;2026-03-12;17361696.86
45123725000105;2026-03-13;39448687.13
45123780000103;2026-03-13;31209992.22
45123847000100;2026-03-13;5136530.23
45123896000134;2026-03-13;0.00
45124029000113;2026-03-13;742043252.72
45126753000186;2026-03-13;65223988.23
45126795000117;2026-03-13;0.00
45126878000106;2026-03-13;132183460.61
45126931000179;2026-03-13;133764599.14
45126981000156;2026-03-13;4921727.64
45127007000107;2026-03-13;8927286.74
45127046000104;2026-03-11;3279070.53
45127083000112;2026-03-10;501467901.30
45127119000168;2026-03-13;26691446.89
45127250000125;2026-03-13;27541608.32
45127272000195;2026-03-13;51162515.62
45127308000130;2026-03-13;17103153.93
45127329000156;2026-03-13;73206974.47
45127361000131;2026-03-13;0.00
45127383000100;2026-03-13;53638764.01
45146310000157;2026-03-13;15794104.00
45146344000141;2026-03-13;2639305596.89
45146381000150;2026-03-13;114616163.84
45146413000117;2026-03-13;85456520.92
45146729000109;2026-03-13;337221630.64
45146752000101;2026-03-13;3021214266.03
45146964000180;2026-03-13;25829552.45
45146987000195;2026-03-13;44996762.26
45147092000175;2026-03-13;72152716.26
45147116000196;2026-03-13;21581869.08
45147131000134;2026-03-13;33395172.09
45147192000100;2026-03-12;38746465.34
45160183000140;2026-03-13;1831066861.14
45163605000131;2026-03-13;165699693.34
45163710000170;2026-03-13;165685264.65
45163751000167;2026-03-13;92160214.09
45175136000170;2026-03-13;215609282.17
45207077000175;2026-03-13;15201129.24
45218073000192;2026-03-13;23564122.56
45273867000159;2026-03-13;59456784.52
45274003000151;2026-03-13;21796052.34
45274059000106;2026-03-13;13207129.77
45274585000176;2026-03-13;0.00
45274673000178;2026-03-13;11107137.63
45274729000194;2026-03-13;1882038.17
45274764000103;2026-03-13;9922138.99
45278720000151;2026-03-13;23117963.50
45278756000135;2026-03-13;4542883.80
45278800000107;2026-03-13;57059963.07
45278833000157;2026-03-12;4041011618.93
45294999000167;2026-03-13;0.00
45295022000164;2026-03-13;26787720.56
45295108000197;2026-03-13;10429228.55
45295132000126;2026-03-13;696455525.65
45295157000120;2026-03-13;165099866.40
45295181000169;2026-03-13;111951068.83
45295207000179;2026-03-13;60328609.33
45295606000130;2026-03-13;2230001063.98
45298002000147;2026-03-13;75666023.36
45298091000121;2026-03-13;22832960.25
45298150000161;2026-03-11;1437554976.90
45299196000103;2026-03-11;328364445.95
45299359000140;2026-03-13;20198287.04
45299447000141;2026-03-13;178335963.52
45302181000149;2026-03-13;2476886.49
45302406000167;2026-03-13;137760858.02
45319832000103;2026-03-12;33673829.85
45319879000177;2026-03-13;10527434.61
45319920000105;2026-03-13;1501063.15
45319963000190;2026-03-13;2035929.59
45320164000134;2026-03-12;11136737.91
45320230000176;2026-03-12;45203973.08
45322491000125;2026-03-13;14795913.22
45322541000174;2026-03-13;428036322.15
45338804000133;2026-03-13;246830277.55
45338861000112;2026-03-13;5044137.94
45338999000111;2026-03-13;12617366.12
45339088000109;2026-03-13;11364522.15
45339137000103;2026-03-13;228773304.27
45339177000155;2026-03-13;949587303.03
45339221000127;2026-03-13;569680783.46
45339261000179;2026-03-13;7936715.42
45339513000160;2026-03-13;47177775.47
45343205000108;2026-03-13;2126492.37
45343227000178;2026-03-13;4165292.64
45343251000107;2026-03-13;259430496.32
45343259000173;2026-03-13;380118844.50
45343283000102;2026-03-13;3903329.84
45354765000168;2026-03-13;33502043.77
45354855000159;2026-03-13;6178818.32
45354940000117;2026-03-13;8146055.26
45354965000110;2026-03-13;46333521.79
45354984000147;2026-03-13;23281533.05
45355064000143;2026-03-13;31291876.19
45355263000151;2026-03-13;71214228.61
45355296000100;2026-03-13;37343314.93
45355395000183;2026-03-13;124511244.18
45355452000124;2026-03-13;79034334.85
45355480000141;2026-03-13;47662243.59
45355517000131;2026-03-13;65148038.07
45355550000161;2026-03-13;15914863.51
45355573000176;2026-03-13;3456573.35
45358996000140;2026-03-12;44318252.20
45359133000197;2026-03-12;422331.48
45360919000124;2026-03-11;532134712.27
45360942000119;2026-03-13;135916442.40
45360957000187;2026-03-12;18716110.18
45361042000196;2026-03-12;23650171.59
45383950000180;2026-03-12;28930235.19
45384009000181;2026-03-13;75064218.29
45384045000145;2026-03-13;75053116.70
45384098000166;2026-03-13;112382654.77
45386334000183;2026-03-12;27235127.77
45386487000120;2026-03-12;86313975.32
45386623000182;2026-03-12;358942.31
45443366000173;2026-03-13;5422415.80
45443414000123;2026-03-13;69502437.95
45443475000190;2026-03-13;289120522.36
45443514000150;2026-03-13;507608644.20
45443601000107;2026-03-13;3246947.41
45443651000194;2026-03-13;184084098.98
45443695000114;2026-03-13;8562231.42
45443927000134;2026-03-13;13257845.50
45443993000104;2026-03-13;120834184.44
45444067000153;2026-03-12;230348529.72
45444101000190;2026-03-13;647852487.68
45444125000149;2026-03-12;24419612.24
45494294000193;2026-03-12;1497276.52
45494318000104;2026-03-12;97904060.39
45494347000176;2026-03-13;12863841.48
45494371000105;2026-03-13;74472046.38
45494393000175;2026-03-13;2260202.94
45494480000122;2026-03-13;2565529371.04
45494496000135;2026-03-13;693486643.67
45494526000103;2026-03-13;65955742.72
45494806000111;2026-03-13;2124129.68
45494982000153;2026-03-13;29833199.67
45495012000172;2026-03-13;31164477.84
45508326000162;2026-03-12;73595155.07
45510809000100;2026-03-12;25846425.48
45510932000112;2026-03-12;34558669.81
45511041000180;2026-03-13;16874049.40
45511206000114;2026-03-12;104880634.71
45511234000131;2026-03-12;67997623.58
45511290000176;2026-03-13;415113808.25
45512145000100;2026-03-13;123946166.60
45512169000169;2026-03-13;107431571.51
45512190000164;2026-03-13;633539830.66
45512215000120;2026-03-13;634033818.70
45512235000109;2026-03-13;12619991.39
45521716000172;2026-03-13;233675839.01
45521738000132;2026-03-13;504962339.01
45521758000103;2026-03-13;80999196.10
45521857000195;2026-03-13;162529293.81
45550835000153;2026-03-13;83464968.30
45550865000160;2026-03-13;14973777.33
45550958000194;2026-03-13;6523282.97
45551037000146;2026-03-13;16727342.13
45560774000105;2026-03-13;297797457.89
45560872000142;2026-03-13;659368952.79
45560926000170;2026-03-13;14530620.30
45560980000115;2026-03-13;31463266.52
45561064000108;2026-03-13;0.00
45561117000182;2026-03-13;8044037.31
45563745000105;2026-03-13;101214969.19
45598564000106;2026-03-13;3662786.18
45598602000120;2026-03-12;13248445.49
45598691000105;2026-03-13;75299473.15
45598817000141;2026-03-13;91295347.99
45599011000178;2026-03-13;355008025.91
45599034000182;2026-03-13;150545951.31
45599105000147;2026-03-13;64549852.26
45599686000117;2026-03-12;4484611.35
45604913000155;2026-03-13;22777769.13
45604940000128;2026-03-13;106786238.59
45604985000100;2026-03-13;22824433.57
45605016000166;2026-03-13;297311043.11
45605046000172;2026-03-13;56383898.85
45605070000101;2026-03-13;7302058.38
45605097000102;2026-03-13;223072879.41
45605131000130;2026-03-13;302395003.91
45615722000199;2026-03-13;424365358.03
45615749000181;2026-03-13;1138419479.19
45615765000174;2026-03-13;693612937.79
45615787000134;2026-03-13;2096827154.46
45616130000191;2026-03-13;1129286151.82
45621979000153;2026-03-12;150934732.70
45622039000189;2026-03-12;142039558.19
45642714000131;2026-03-13;2092852410.18
45644076000198;2026-03-13;31417212.48
45645112000138;2026-03-05;18305989.80
45645166000101;2026-03-13;170337204.29
45645190000132;2026-03-13;31359731.71
45645218000131;2026-03-11;9905738.11
45645241000126;2026-03-09;10260686.57
45645268000119;2026-03-13;13318454.44
45645386000127;2026-03-13;438180605.15
45645871000109;2026-03-13;327462807.53
45645905000157;2026-03-13;1853491015.10
45645971000127;2026-03-13;17667815.81
45646019000148;2026-03-13;175111416.31
45646145000100;2026-03-13;28215060.56
45646162000130;2026-03-13;6764644172.59
45646185000144;2026-03-13;56562323.28
45646230000160;2026-03-12;1991004148.07
45652824000184;2026-03-13;818956089.21
45653017000186;2026-03-13;22725315.32
45653054000194;2026-03-13;30891081.48
45653398000101;2026-03-13;181764466.55
45653419000180;2026-03-13;28418007.77
45654173000161;2026-03-13;77419217.94
45654244000126;2026-03-13;696161663.57
45654328000160;2026-03-13;486824834.79
45656777000147;2026-03-13;31459416.53
45656825000105;2026-03-13;98650388.62
45656850000180;2026-03-13;37040039.83
45656914000143;2026-03-13;135772426.26
45656965000175;2026-03-13;343449253.31
45663862000132;2026-03-13;4490770.17
45664286000148;2026-03-13;8539699.98
45664316000116;2026-03-13;8525972.45
45664343000199;2026-03-13;9784701.96
45681795000189;2026-03-13;11334735.83
45681874000190;2026-03-13;42395880.29
45681910000115;2026-03-13;906990463.83
45681946000107;2026-03-13;62603376.53
45682022000117;2026-03-13;15516803.18
45682095000109;2026-03-13;10223459.50
45682124000132;2026-03-13;13155253.58
45682160000104;2026-03-13;12149713.28
45682244000130;2026-03-13;376145345.91
45682345000100;2026-03-13;135926997.36
45682384000108;2026-03-13;43122779.28
45682420000133;2026-03-13;1239439355.43
45682460000185;2026-03-13;53174942.24
45682490000191;2026-03-13;18305927.71
45682579000158;2026-03-13;34241726.41
45682617000172;2026-03-13;34263281.98
45682685000131;2026-03-13;31769764.65
45682813000147;2026-03-13;414676.91
45682840000110;2026-03-13;31783621.62
45683284000104;2026-03-13;9409433.03
45683294000131;2026-03-13;40202934.70
45683300000150;2026-03-13;556444278.45
45683320000121;2026-03-13;553044859.63
45683322000110;2026-03-13;350492177.39
45683340000100;2026-03-13;24343902.86
45683352000127;2026-03-13;175811616.66
45687981000125;2026-03-13;9775557.28
45688007000186;2026-03-13;24368513.56
45688086000125;2026-03-13;20162937.57
45688098000150;2026-03-13;808960323.55
45688619000179;2026-03-13;8453708.18
45688636000106;2026-03-13;175811613.72
45688718000150;2026-03-13;175811614.96
45722996000187;2026-03-13;15918892.58
45725974000170;2026-03-13;15932394.80
45726730000102;2026-03-13;303736192.58
45726917000106;2026-03-13;303474594.24
45727269000102;2026-03-13;7155526.47
45728435000195;2026-03-13;406300.24
45728636000192;2026-03-13;18172049.01
45728803000103;2026-03-13;41895573.11
45756299000147;2026-03-13;28997277.76
45756473000151;2026-03-13;840263135.57
45756511000176;2026-03-13;71687009.17
45756554000151;2026-03-13;45028058.76
45823709000125;2026-03-13;12548110.51
45823842000181;2026-03-13;95819239.39
45823885000167;2026-03-13;4584946833.41
45823918000179;2026-03-13;4488766496.48
45829675000186;2026-03-13;39044720.74
45859974000163;2026-03-13;21600396.61
45911981000167;2026-03-13;22417690.58
45912023000100;2026-03-12;17334731.09
45912093000169;2026-03-13;156260440.87
45912178000147;2026-03-13;1116649898.78
45912229000130;2026-03-13;47495879.86
45938170000150;2026-03-13;18331153.73
45963889000140;2026-03-13;21153628.18
45963922000132;2026-03-13;1821499.11
45990800000135;2026-03-13;372758549.21
45990906000139;2026-03-13;231816034.38
46027261000104;2026-03-13;1352721354.09
46040912000198;2026-03-13;48024609.44
46040933000103;2026-03-13;11828491.65
46040955000173;2026-03-13;21340636.37
46040998000159;2026-03-13;5699523.38
46041024000190;2026-03-13;183318360.14
46041043000116;2026-03-13;32303367.63
46041061000106;2026-03-13;17048161.77
46063296000190;2026-03-13;46134679.90
46063484000119;2026-03-13;130529011.91
46063588000123;2026-03-13;110730587.09
46063637000128;2026-03-13;6236560.68
46063670000158;2026-03-13;23098579.83
46063739000143;2026-03-13;31913557.62
46063791000108;2026-03-13;14580197.98
46077025000194;2026-03-13;226344886.60
46077074000127;2026-03-13;15359225.55
46077105000140;2026-03-13;66207165.45
46077151000149;2026-03-13;8298974.78
46077226000191;2026-03-13;29359176.55
46079868000120;2026-03-12;1811317.46
46080026000198;2026-03-13;1353034991.54
46080037000178;2026-03-13;154268.04
46082225000135;2026-03-13;100063481.29
46082347000121;2026-03-13;16005963.16
46082374000102;2026-03-13;13738972.52
46082526000169;2026-03-13;42348097.42
46098423000197;2026-03-13;62061124.11
46098482000165;2026-03-13;13765474.28
46098698000120;2026-03-13;175811613.87
46098742000100;2026-03-13;67837113.00
46098790000190;2026-03-13;369997154.97
46098897000139;2026-03-13;3792588393.18
46098916000127;2026-03-13;3788838702.87
46099393000133;2026-03-13;64400451.96
46099471000108;2026-03-13;1949713.81
46099520000102;2026-03-13;2068857.54
46099557000122;2026-03-12;14129756.12
46099591000105;2026-03-13;9834291.05
46099626000106;2026-03-13;1435705498.89
46099658000101;2026-03-13;9760536.05
46099791000150;2026-03-13;51568406.52
46099815000170;2026-03-13;1178578477.95
46130714000115;2026-03-13;637595116.21
46130763000158;2026-03-13;648153375.61
46130789000104;2026-03-13;83909158.50
46130960000177;2026-03-13;24605032.95
46133643000104;2026-03-13;3677221225.72
46133703000199;2026-03-13;142837750.52
46133743000130;2026-03-13;28318213.30
46133770000103;2026-03-13;196262059485.90
46133842000112;2026-03-13;75199964.48
46133921000123;2026-03-13;18887847.84
46133958000151;2026-03-13;433302658.37
46133998000101;2026-03-13;17982307.01
46134050000162;2026-03-13;194307187.97
46134096000181;2026-03-13;1356091012.82
46134117000169;2026-03-13;937436243.68
46135530000148;2026-03-09;0.00
46157149000180;2026-03-13;51197957.42
46157164000128;2026-03-13;10017630.43
46157173000119;2026-03-13;16724140.41
46157192000145;2026-03-13;85362941.14
46171611000101;2026-03-12;149401050.79
46171714000163;2026-03-13;1555278.18
46171762000151;2026-03-12;11362503.21
46171804000154;2026-03-12;23061516.48
46171852000142;2026-03-12;96646086.40
46171893000139;2026-03-12;65808031.12
46171916000105;2026-03-12;726433746.00
46172145000170;2026-03-13;4951225.28
46172194000103;2026-03-12;26174375.16
46172217000180;2026-03-13;124972774.84
46172269000156;2026-03-13;4239389.94
46172333000107;2026-03-13;24469255.95
46172369000182;2026-03-13;59895201.67
46172701000109;2026-03-12;11679381.83
46192463000101;2026-03-13;111847297.05
46192515000131;2026-03-13;30151624.70
46192551000103;2026-03-13;7265403.90
46192618000100;2026-03-13;24332968.54
46192638000172;2026-03-13;1616444.70
46192736000100;2026-03-13;6807441.25
46192774000162;2026-03-13;1962173.21
46192789000120;2026-03-13;25512502.98
46192804000130;2026-03-13;28619942.42
46205698000182;2026-03-12;285807094.00
46205736000105;2026-03-12;15664908.46
46205770000171;2026-03-12;803512322.24
46205816000152;2026-03-12;24541957.09
46205896000146;2026-03-13;53409522.90
46205947000130;2026-03-12;44504106.41
46205976000100;2026-03-12;259255091.30
46206449000101;2026-03-12;993985.18
46206481000197;2026-03-13;363787116.56
46206519000121;2026-03-13;1745786.88
46206609000112;2026-03-13;1777545.38
46206656000166;2026-03-13;20686332.02
46206719000184;2026-03-12;5131083.12
46206946000100;2026-03-13;54240242.83
46206972000138;2026-03-13;11971074.85
46246368000135;2026-03-13;60710991.47
46246448000190;2026-03-13;368493298.96
46246532000104;2026-03-13;66777247.15
46246589000103;2026-03-13;47939922.19
46246621000150;2026-03-13;222162572.65
46246662000147;2026-03-13;60769958.14
46246696000131;2026-03-13;519979114.64
46300375000178;2026-03-13;157662078.35
46300447000187;2026-03-13;16904636.98
46300565000195;2026-03-13;19119883.10
46300572000197;2026-03-13;445579871.15
46313395000183;2026-03-13;3195815330.96
46328602000173;2026-03-13;1524373050.91
46328680000178;2026-03-13;175811614.61
46328752000187;2026-03-13;175811617.32
46328929000145;2026-03-13;175811612.40
46328987000179;2026-03-13;175811616.63
46329038000103;2026-03-13;845896.48
46329084000102;2026-03-13;185966006.89
46329137000195;2026-03-13;2651513.31
46329357000119;2026-03-13;577307654.64
46329395000171;2026-03-13;152445645.41
46329524000121;2026-03-13;78119075.06
46329560000195;2026-03-13;31855645.66
46331231000189;2026-03-13;28660120.29
46331352000120;2026-03-13;621879380.54
46331366000144;2026-03-13;1236296912.65
46331391000128;2026-03-13;291397061.84
46331415000149;2026-03-13;45315663.60
46331440000122;2026-03-13;77553654.30
46332105000149;2026-03-12;2323880729.90
46332132000111;2026-03-13;149302627.54
46334681000125;2026-03-13;145668189.03
46339856000197;2026-03-13;12070982.87
46343923000147;2026-03-13;0.00
46344236000146;2026-03-13;7724825.15
46344596000148;2026-03-13;32963703.01
46345141000147;2026-03-13;6163682.49
46345172000106;2026-03-13;17082231.01
46345246000104;2026-03-13;40258654.99
46351969000108;2026-03-13;214877252.08
46352395000192;2026-03-13;10803058.56
46352671000112;2026-03-13;220827431.21
46352768000125;2026-03-13;173004859.23
46354258000197;2026-03-13;3581676.12
46372524000104;2026-03-13;1025149.56
46372615000140;2026-03-13;307408501.29
46372927000153;2026-03-12;247131652.62
46373036000111;2026-03-12;339408889.61
46373095000190;2026-03-12;9850694.71
46373760000145;2026-03-13;1117501039.98
46375144000123;2026-03-13;9580905.19
46375206000105;2026-03-13;111257420.92
46385148000192;2026-03-13;10485087.29
46385189000189;2026-03-13;47212044.19
46385232000106;2026-03-13;36777981.94
46385338000100;2026-03-13;3323429.82
46385360000150;2026-03-13;104717825.84
46385847000132;2026-03-13;139252617.72
46386406000155;2026-03-13;5455250.74
46386499000118;2026-03-13;7884820.02
46386559000100;2026-03-13;75189284.47
46386585000120;2026-03-13;11267185.81
46390281000137;2026-03-13;141278708.18
46390299000139;2026-03-13;395026886.19
46391277000193;2026-03-13;39902203.18
46391334000134;2026-03-12;8159967.95
46391343000125;2026-03-13;30651585.58
46391360000162;2026-03-13;30648521.89
46391369000173;2026-03-13;2911889.91
46391432000171;2026-03-13;31132910.08
46391457000175;2026-03-13;11322108.40
46391571000103;2026-03-13;14682489.39
46391625000122;2026-03-13;9354178.57
46401016000107;2026-03-12;23956126.25
46401052000170;2026-03-12;2201493464.95
46405570000162;2026-03-12;11187999.87
46405903000153;2026-03-12;26042498.19
46406004000175;2026-03-12;18145138.42
46406058000130;2026-03-13;16620805.35
46414949000139;2026-03-12;286432482.60
46414970000134;2026-03-13;5608091.49
46415042000194;2026-03-13;41129779.92
46415057000152;2026-03-13;15010101.86
46415082000136;2026-03-13;161498538.31
46415232000101;2026-03-13;19254501.95
46415283000133;2026-03-13;9104761.77
46420207000116;2026-03-13;5374602.43
46420250000181;2026-03-13;50218394.53
46420536000167;2026-03-13;4995766.13
46420570000131;2026-03-13;96276649.26
46420627000100;2026-03-13;46077779.26
46420688000160;2026-03-13;12132677.91
46422068000160;2026-03-13;609230517.06
46422205000166;2026-03-13;421961158.47
46422299000173;2026-03-13;62466548.55
46422785000191;2026-03-16;0.00
46423681000100;2026-03-13;46085137.17
46438722000123;2026-03-13;19620742.27
46438756000118;2026-03-13;339866069.77
46438791000137;2026-03-13;194264362.49
46438835000129;2026-03-13;339357963.22
46438863000146;2026-03-13;194043841.90
46438904000102;2026-03-13;19646268.05
46442084000114;2026-03-13;29440520.45
46442124000128;2026-03-13;130727512.70
46442140000110;2026-03-13;262263560.16
46442245000170;2026-03-13;72593815.55
46442362000133;2026-03-13;13630469.34
46442389000126;2026-03-13;31260138.91
46442473000140;2026-03-13;143644603.00
46442500000184;2026-03-13;64880323.46
46442578000107;2026-03-13;1680920.45
46442607000122;2026-03-13;18814035.44
46449403000113;2026-03-13;151721131.95
46449438000152;2026-03-13;373296170.18
46449462000191;2026-03-12;348338702.46
46449503000140;2026-03-13;149547567.00
46449621000158;2026-03-13;6798042.40
46449818000197;2026-03-10;67847085.01
46449928000159;2026-03-12;1085812.81
46454865000129;2026-03-13;152871569.50
46464461000116;2026-03-13;84013275.10
46464523000190;2026-03-13;6313525.96
46464591000159;2026-03-13;21658610.07
46464694000119;2026-03-13;21997890.46
46464840000106;2026-03-13;12940126.83
46464886000125;2026-03-13;12940265.56
46464940000132;2026-03-13;12940264.50
46465003000100;2026-03-13;234666988.04
46467107000145;2026-03-13;44051636.47
46467139000140;2026-03-13;15233104.23
46467149000186;2026-03-13;25865621.79
46467162000135;2026-03-13;30094756.54
46467193000196;2026-03-13;26176993.57
46467208000116;2026-03-13;31139395.08
46467241000146;2026-03-13;16576860.59
46467249000102;2026-03-13;2878702635.37
46467273000141;2026-03-13;26123828.71
46467303000110;2026-03-13;6806334.61
46467316000199;2026-03-13;7733015.22
46467324000135;2026-03-13;21371034.17
46467345000150;2026-03-13;70309784.79
46467372000123;2026-03-13;55136272.82
46469978000106;2026-03-10;5269733.42
46470113000151;2026-03-12;33745094.01
46472041000181;2026-03-13;53720265.64
46472095000147;2026-03-13;140745620.54
46473495000177;2026-03-13;231270647.03
46473539000169;2026-03-13;19477670.49
46473760000117;2026-03-13;26340604.02
46474023000139;2026-03-13;14586162.28
46474100000150;2026-03-12;471615683.61
46474133000109;2026-03-13;20454636.28
46474477000100;2026-03-13;142336238.83
46476318000144;2026-03-13;0.00
46476433000119;2026-03-13;200930119.92
46479544000189;2026-03-13;70125877.50
46479577000129;2026-03-13;58084055.36
46479609000196;2026-03-13;100894900.10
46479719000158;2026-03-13;609140699.09
46479753000122;2026-03-12;97055160.49
46479792000120;2026-03-13;7770772.25
46479870000196;2026-03-13;155330783.25
46479899000178;2026-03-13;329995.10
46479979000123;2026-03-13;83086731.66
46502826000150;2026-03-13;186956540.37
46502938000100;2026-03-12;419814866.22
46503020000186;2026-03-12;17553270.17
46503110000177;2026-03-12;13963049.40
46503160000154;2026-03-13;30612159.16
46521284000162;2026-03-13;91288383.13
46521744000152;2026-03-13;7428506.16
46539506000174;2026-03-13;248988274.25
46539671000126;2026-03-13;107285016.88
46539990000131;2026-03-13;3754862.88
46540045000150;2026-03-13;24241387.58
46573237000162;2026-03-13;12559121.03
46573269000168;2026-03-13;28287204.00
46573287000140;2026-03-13;82987216.94
46573338000133;2026-03-13;19383959.73
46573364000161;2026-03-13;176112594.53
46573376000196;2026-03-13;223282373.81
46573431000148;2026-03-13;31869542.01
46590320000140;2026-03-13;15594677.09
46590372000116;2026-03-13;131188300.11
46590430000101;2026-03-13;51039161.82
46590520000100;2026-03-13;2287707856.61
46610148000149;2026-03-13;13278092.17
46610180000124;2026-03-13;344426732.82
46610198000126;2026-03-12;7953411.65
46610286000128;2026-03-13;14837396.26
46610445000194;2026-03-13;115272715.43
46615722000151;2026-03-11;60834699.37
46628381000159;2026-03-12;13416701.93
46641741000152;2026-03-13;3334019.99
46648912000175;2026-03-13;31904663.52
46649069000141;2026-03-13;170211.05
46655078000145;2026-03-13;113645634.36
46655127000140;2026-03-13;369756264.12
46655287000199;2026-03-13;87301740.38
46655366000108;2026-03-13;27420199.67
46685167000134;2026-03-13;50754117.06
46685193000162;2026-03-13;1331039590.56
46685235000165;2026-03-13;64584957.15
46685249000189;2026-03-13;117536443.64
46685473000170;2026-03-12;25187261.34
46685489000183;2026-03-13;993624602.42
46685502000102;2026-03-13;1731568991.10
46685600000131;2026-03-13;208446566.44
46700271000150;2026-03-12;10627015.10
46700301000129;2026-03-13;6781912.85
46700337000102;2026-03-13;6788004.46
46700364000185;2026-03-13;374846739.99
46700422000170;2026-03-13;127880413.84
46700458000154;2026-03-13;109763848.07
46700576000162;2026-03-13;16714436.34
46700615000121;2026-03-13;62446217.09
46711456000160;2026-03-13;17258250.33
46711570000190;2026-03-13;30145149.19
46718688000140;2026-03-12;17126661.01
46729344000137;2026-03-12;160517693.15
46729379000176;2026-03-13;0.00
46729454000107;2026-03-13;255398648.95
46729558000103;2026-03-13;168508103.20
46729633000136;2026-03-13;96797370.15
46729654000151;2026-03-13;713540768.04
46729673000188;2026-03-13;257398891.26
46729685000102;2026-03-13;4604577312.59
46744981000182;2026-03-13;942530764.94
46745119000194;2026-03-13;475990910.49
46762285000107;2026-03-12;82292189.87
46762380000100;2026-03-13;30653017.11
46762699000128;2026-03-12;43258344.25
46762915000135;2026-03-12;27633264.02
46762966000167;2026-03-12;17165170.64
46763172000118;2026-03-12;384320093.27
46763213000176;2026-03-13;131874314.92
46770328000198;2026-03-13;5315836.72
46770341000147;2026-03-13;12697630.10
46770355000160;2026-03-13;157168.25
46778677000156;2026-03-13;407959229.56
46784959000166;2026-03-13;10988408.43
46785261000165;2026-03-13;16581419.75
46785411000130;2026-03-13;107269723.12
46785925000196;2026-03-13;0.00
46785968000171;2026-03-11;8991203.65
46785996000199;2026-03-13;15148845.43
46786029000141;2026-03-13;351023586.90
46847516000177;2026-03-11;33104824.13
46847890000172;2026-03-13;4073189.81
46861451000114;2026-03-13;44401821.00
46861467000127;2026-03-13;29800974.07
46861494000108;2026-03-13;9525140.85
46861528000156;2026-03-13;11563864.95
46893380000131;2026-03-13;2838505.07
46900905000119;2026-03-13;6480707.19
46909429000105;2026-03-13;699661662.71
46909558000195;2026-03-13;431779138.32
46909575000122;2026-03-13;45817264.41
46909605000109;2026-03-13;64721964.47
46909690000105;2026-03-13;433590662.70
46909713000173;2026-03-13;48157890.31
46909736000188;2026-03-13;64157505.50
46929688000190;2026-03-13;20425855.55
46929825000196;2026-03-13;7061651.59
46929841000189;2026-03-13;15485952.91
46929855000100;2026-03-13;124383392.65
46935556000170;2026-03-12;3956971.83
46947398000179;2026-03-13;12118611405.08
46947421000125;2026-03-13;21428798.86
46947440000151;2026-03-13;11796277611.14
46947459000106;2026-03-13;99400196.05
46948082000100;2026-03-13;1158532008.18
46948116000158;2026-03-13;780212202.14
46948145000110;2026-03-13;12195036.88
46948221000197;2026-03-12;377951880.28
46948233000111;2026-03-06;113031946.99
46961641000103;2026-03-13;42197444.16
46961685000133;2026-03-13;55482335.54
46962199000130;2026-03-13;10744442.83
46962243000101;2026-03-13;39564799.04
46962298000111;2026-03-13;41997983.84
46964317000149;2026-03-13;14764149.88
46964349000144;2026-03-13;11246626.82
46965426000180;2026-03-12;137168955.43
46965443000118;2026-03-13;272025979.64
46975107000156;2026-03-13;315671500.64
46975196000130;2026-03-13;28421090.10
46975232000166;2026-03-13;10797470.89
46975312000111;2026-03-13;117449736.88
46975474000150;2026-03-13;4930981324.36
46975573000131;2026-03-13;173085349.71
46975759000190;2026-03-13;32139053.74
46975799000132;2026-03-13;207896833.44
46975834000113;2026-03-13;112069053.55
46975866000119;2026-03-12;42855262.70
46997356000142;2026-03-13;65306105.49
46997370000146;2026-03-13;65171848.21
46997384000160;2026-03-13;463003092.52
46997395000140;2026-03-13;468584706.65
46997415000182;2026-03-13;9575365.86
46997468000101;2026-03-13;59288459.50
46997509000151;2026-03-13;10463505.95
46997552000117;2026-03-13;5504995.92
46997619000113;2026-03-13;35428547.68
46997629000159;2026-03-13;21469405.77
47020401000177;2026-03-13;14759818.25
47020411000102;2026-03-13;4121119.61
47020423000137;2026-03-13;2521776.40
47020530000165;2026-03-13;13950521.10
47020628000112;2026-03-13;6114355.83
47020660000106;2026-03-10;12235192.40
47020670000133;2026-03-13;147444948.20
47020699000115;2026-03-13;12372078.19
47020713000180;2026-03-13;205516923.61
47020727000102;2026-03-13;847769090.66
47020776000137;2026-03-13;102626066.49
47032656000150;2026-03-13;6745348.87
47032680000199;2026-03-13;63922004.79
47032813000127;2026-03-13;22368403.93
47032923000199;2026-03-13;42211863.07
47032970000132;2026-03-13;1128252221.27
47033019000106;2026-03-12;582320856.91
47033051000183;2026-03-13;3928940.64
47033168000167;2026-03-13;11437112.00
47033209000115;2026-03-13;91325308.31
47033255000114;2026-03-13;23164702.61
47033296000100;2026-03-13;39485507.91
47033348000149;2026-03-13;20018584.40
47033388000190;2026-03-13;59796636.26
47033461000124;2026-03-13;6630229.37
47033522000153;2026-03-13;21100962.65
47046778000103;2026-03-13;3608985.95
47046813000186;2026-03-13;39694436.51
47046855000117;2026-03-13;1417010035.53
47047161000102;2026-03-13;50608756.59
47047267000106;2026-03-13;300015238.25
47047294000170;2026-03-12;228519433.90
47062578000136;2026-03-12;578656358.56
47062606000115;2026-03-13;17995197.26
47062639000165;2026-03-13;4243912.05
47085321000108;2026-03-13;148633004.70
47085583000164;2026-03-13;170960743.12
47086196000142;2026-03-13;184857826.91
47086209000183;2026-03-13;49074587.02
47102419000118;2026-03-13;46668464.08
47102539000115;2026-03-13;67950920.90
47102627000117;2026-03-13;93263614.75
47102668000103;2026-03-13;124809259.92
47102746000170;2026-03-13;1120725322.55
47103176000132;2026-03-13;23308286.62
47103206000100;2026-03-13;15363521.31
47103249000196;2026-03-12;11507538.10
47103358000103;2026-03-13;3671066.45
47122703000156;2026-03-12;36499040.45
47122807000160;2026-03-13;68627297.10
47122836000122;2026-03-13;1339799617.77
47122902000164;2026-03-13;8902250.38
47123113000148;2026-03-13;1123619224.29
47123190000106;2026-03-13;541649011.27
47123213000174;2026-03-13;541989050.78
47155639000100;2026-03-13;18379761.78
47155712000143;2026-03-13;930898565.01
47155750000104;2026-03-13;76639395.74
47155778000133;2026-03-13;16157737.87
47155804000123;2026-03-13;70323449.43
47155842000186;2026-03-13;20404863.58
47167047000108;2026-03-13;69981909.44
47167815000123;2026-03-13;76982859.07
47176334000184;2026-03-12;3766939.65
47177431000191;2026-03-12;3016898.85
47177894000153;2026-03-12;20371914.60
47178058000193;2026-03-12;699673090.82
47178215000160;2026-03-13;11159314.00
47178405000188;2026-03-12;6032489.29
47179288000177;2026-03-13;152143456.36
47192066000194;2026-03-13;342022123.76
47192152000105;2026-03-13;10088299.70
47192178000145;2026-03-13;47140080.76
47192207000179;2026-03-13;11047311.82
47192397000124;2026-03-13;8346574.68
47192439000127;2026-03-13;10334526.58
47192482000192;2026-03-13;43644524.34
47192503000170;2026-03-13;25419096.08
47192693000125;2026-03-13;0.00
47212160000168;2026-03-13;164800273.36
47212176000170;2026-03-13;21321192.66
47212318000108;2026-03-13;37803380.05
47212331000159;2026-03-13;1347301405.01
47212351000120;2026-03-13;3654792.19
47212367000132;2026-03-13;3657297.49
47212385000114;2026-03-13;32479746.45
47212424000183;2026-03-13;35989774.09
47212476000150;2026-03-13;173346451.43
47212494000131;2026-03-13;173395550.64
47212505000183;2026-03-13;19806824.46
47227545000107;2026-03-13;165310502.70
47227609000161;2026-03-13;20576462.79
47227862000115;2026-03-12;128729525.95
47228177000103;2026-03-12;201157563.23
47262058000177;2026-03-13;18500264.79
47280061000113;2026-03-12;152641328.63
47293938000100;2026-03-13;53885038.23
47294067000140;2026-03-13;129029173.42
47294177000101;2026-03-13;7934128.96
47313385000100;2026-03-13;150864037.18
47313469000144;2026-03-13;137552029.02
47313528000184;2026-03-13;19864585.25
47328446000103;2026-03-13;46643752.26
47328477000164;2026-03-13;90237645.78
47328494000100;2026-03-13;4825846.98
47328578000135;2026-03-13;158621009.32
47350379000123;2026-03-11;655579420.46
47350581000155;2026-03-13;519200823.51
47350604000121;2026-03-13;5636462.70
47371630000136;2026-03-13;39410257.02
47372432000197;2026-03-13;4082447.78
47372465000137;2026-03-13;64506841.48
47372486000152;2026-03-13;169048545.47
47372852000173;2026-03-13;116219013.27
47388242000168;2026-03-13;493757825.65
47388308000110;2026-03-13;20161093.31
47388336000137;2026-03-13;38200121.87
47388362000165;2026-03-13;2071307.21
47388398000149;2026-03-13;101655448.38
47388421000103;2026-03-13;7011783.76
47409897000175;2026-03-13;523878693.00
47409920000121;2026-03-13;29602326.59
47409927000143;2026-03-13;139863585.82
47409947000114;2026-03-13;1029054113.29
47409965000104;2026-03-13;55651174.16
47409999000190;2026-03-13;15044733.12
47410037000151;2026-03-12;13257455.43
47423757000151;2026-03-13;97182941.05
47443943000152;2026-03-13;685866077.75
47443954000132;2026-03-13;109515192.70
47443976000100;2026-03-13;16386132.52
47443993000130;2026-03-13;109515729.74
47444012000179;2026-03-13;23111834.31
47444026000192;2026-03-13;29499027.47
47444035000183;2026-03-13;0.00
47457073000170;2026-03-13;129937624.78
47457364000169;2026-03-13;12334419349.07
47457540000162;2026-03-13;64549396.37
47457832000103;2026-03-13;56568720.91
47458122000190;2026-03-13;4485934.45
47489082000143;2026-03-13;17237648.92
47489373000131;2026-03-13;41679803.14
47489553000113;2026-03-13;26121389.79
47489573000194;2026-03-13;126988925.36
47489630000135;2026-03-13;22586477.95
47489915000176;2026-03-13;8670109.30
47504615000119;2026-03-13;33238390.02
47510058000149;2026-03-13;252083664.68
47511300000107;2026-03-13;127563510.39
47511351000120;2026-03-13;104770852.23
47511397000140;2026-03-13;142858593.04
47512303000157;2026-03-13;344626536.72
47512362000125;2026-03-13;16357580.04
47512396000110;2026-03-13;22837614.22
47512436000123;2026-03-13;2525185.42
47512461000107;2026-03-13;26069322.12
47512582000159;2026-03-13;121424632.53
47512613000171;2026-03-13;1042992.08
47512666000192;2026-03-13;223197469.35
47512697000143;2026-03-13;1563789525.13
47525165000140;2026-03-13;319084964.81
47527930000161;2026-03-13;119610968.90
47527971000158;2026-03-13;244939257.58
47528007000144;2026-03-13;10532857.61
47528147000112;2026-03-13;112184045.14
47529572000126;2026-03-13;26004666.87
47529626000153;2026-03-13;188641182.77
47539700000112;2026-03-13;16036499.79
47539988000125;2026-03-12;17304562.01
47540020000119;2026-03-12;208670288.22
47540033000198;2026-03-13;42532495.03
47540089000142;2026-03-13;3492681.11
47540095000108;2026-03-13;456883601.80
47540124000123;2026-03-12;12100238.56
47540156000129;2026-03-12;114911635.45
47540163000120;2026-03-12;16975092.45
47540226000149;2026-03-13;48255450.83
47540269000124;2026-03-13;73451770.45
47540287000106;2026-03-13;11431921.99
47541046000181;2026-03-13;32982114.15
47541085000189;2026-03-12;432929248.95
47541133000139;2026-03-12;346772962.82
47541872000120;2026-03-13;4526877978.17
47541973000100;2026-03-12;1152469.67
47542846000117;2026-03-13;41476154.19
47543107000140;2026-03-13;2436311601.62
47543176000153;2026-03-13;97313017.47
47543238000127;2026-03-12;125400333.77
47543263000100;2026-03-12;208671046.95
47543315000149;2026-03-12;125628240.24
47545030000147;2026-03-13;67599950.22
47545095000192;2026-03-13;10566755.31
47545149000110;2026-03-13;13730468.32
47545974000114;2026-03-13;11338043.41
47548555000136;2026-03-13;1054474.29
47548587000131;2026-03-13;41363406.27
47548620000123;2026-03-13;16193778.90
47548659000140;2026-03-13;19960409.48
47562149000128;2026-03-13;2207695888.57
47562268000180;2026-03-13;9475377.47
47562385000144;2026-03-13;54609890.57
47564734000167;2026-03-13;5155221332.71
47564762000184;2026-03-13;8532285.95
47564808000165;2026-03-13;499782768.72
47564846000118;2026-03-13;3284321.77
47564878000113;2026-03-13;744999598.22
47564915000193;2026-03-13;1472466041.23
47585891000159;2026-03-13;22363410.37
47585959000108;2026-03-13;77048636.40
47586388000118;2026-03-13;957235070.08
47586467000129;2026-03-13;20329984.60
47586503000154;2026-03-13;440131201.00
47586648000155;2026-03-13;479455921.22
47586689000141;2026-03-13;339833586.04
47610255000130;2026-03-13;18725832.12
47610569000132;2026-03-13;37916651.32
47610655000145;2026-03-13;6665291.11
47610743000147;2026-03-13;25722197.13
47610784000133;2026-03-13;16932885.90
47610820000169;2026-03-13;54644965.79
47610888000148;2026-03-13;24933203.96
47610918000116;2026-03-13;77559568.61
47610970000172;2026-03-13;78576237.59
47611883000130;2026-03-13;410136643.78
47611923000143;2026-03-13;15183876.05
47611958000182;2026-03-13;1367110567.52
47612105000165;2026-03-13;332861873.93
47612160000155;2026-03-13;7705165.38
47612274000103;2026-03-13;26068087.29
47612416000124;2026-03-13;134797824.07
47612663000120;2026-03-13;1022348351.68
47612701000145;2026-03-13;781716616.49
47612737000129;2026-03-13;3326628692.52
47612777000170;2026-03-13;1616142666.80
47612805000150;2026-03-12;5331725.24
47628783000116;2026-03-12;28431266.99
47628822000185;2026-03-13;4333107586.37
47628864000116;2026-03-13;269935820.54
47628885000131;2026-03-13;2865360153.68
47628918000143;2026-03-13;3954911958.96
47628957000140;2026-03-13;501450939.03
47629385000114;2026-03-13;80691980.37
47629505000183;2026-03-13;6914552.57
47629651000109;2026-03-13;6556205.03
47640482000108;2026-03-13;10951990.48
47640635000117;2026-03-13;17936952.11
47640749000167;2026-03-13;59194286.39
47640829000112;2026-03-13;64311249.80
47670267000150;2026-03-13;108115021.44
47670380000135;2026-03-13;10572917.39
47670400000178;2026-03-13;983410652.69
47670422000138;2026-03-13;735937813.48
47671403000126;2026-03-13;35646833.47
47671416000103;2026-03-13;85582818.24
47675857000175;2026-03-13;692617116.59
47684282000157;2026-03-13;115255888.89
47684408000193;2026-03-13;813741719.14
47685124000111;2026-03-12;2281164.33
47685162000174;2026-03-12;3234240.23
47685492000160;2026-03-12;8651661.85
47685590000105;2026-03-12;89874255.43
47693405000116;2026-03-13;32418284.59
47698494000193;2026-03-13;2755418.27
47698545000187;2026-03-13;170936707.28
47698578000127;2026-03-13;347568410.26
47698814000105;2026-03-13;656997256.73
47698870000140;2026-03-13;6100298.02
47698910000153;2026-03-13;4098223.23
47698912000142;2026-03-13;21874434.08
47699049000148;2026-03-13;140426465.88
47699481000139;2026-03-12;11860394.26
47699623000168;2026-03-13;505119.97
47700101000139;2026-03-13;158906494.64
47700200000110;2026-03-13;5440857.58
47715703000160;2026-03-13;2296797578.22
47715736000100;2026-03-13;737983841.18
47715828000190;2026-03-13;38034487.00
47716023000160;2026-03-13;1762531781.48
47716229000190;2026-03-13;26081331.36
47716356000190;2026-03-13;26400413.20
47716388000195;2026-03-13;6129333.71
47716553000109;2026-03-13;7909787.69
47716590000117;2026-03-12;175507755.13
47716645000199;2026-03-13;59739221.73
47718395000126;2026-03-12;17165564.66
47728127000195;2026-03-13;75353447.02
47728170000150;2026-03-12;7023625.03
47728212000153;2026-03-13;393748425.95
47729527000115;2026-03-13;129898503.01
47729760000106;2026-03-16;228309508.93
47730898000117;2026-03-13;106339681.81
47731600000193;2026-03-12;10077640.48
47731620000164;2026-03-13;41245307.81
47731659000181;2026-03-12;29480394.13
47755949000165;2026-03-13;12476422.10
47756039000105;2026-03-13;24828193.67
47756349000111;2026-03-13;179633382.07
47756922000197;2026-03-13;28817585.71
47757097000145;2026-03-13;31737923.73
47757237000185;2026-03-13;183161873.00
47758302000197;2026-03-13;187942035.42
47768995000107;2026-03-13;35928450.82
47769117000106;2026-03-13;106966605.35
47769244000105;2026-03-13;15884694.31
47775567000101;2026-03-13;9770269.80
47775977000144;2026-03-13;61125246.34
47776213000173;2026-03-13;67979201.01
47776248000102;2026-03-13;83108546.10
47776676000135;2026-03-13;858358096.77
47776713000105;2026-03-13;16632582.79
47776754000100;2026-03-13;77531133.70
47794786000120;2026-03-13;83043059.82
47794909000122;2026-03-13;31659303.62
47794928000159;2026-03-13;1578053.87
47794944000141;2026-03-13;6738043.77
47794998000107;2026-03-13;4154729.08
47811505000108;2026-03-13;12653914.04
47811551000107;2026-03-13;29199891.57
47811596000173;2026-03-13;22933685.49
47811681000131;2026-03-12;36021648.58
47812114000108;2026-03-13;65089683.97
47812131000137;2026-03-13;1569340.63
47812171000189;2026-03-13;6103865.54
47812206000180;2026-03-13;156186594.42
47812217000160;2026-03-13;49286005.21
47812244000132;2026-03-13;120273798.98
47821753000121;2026-03-12;36030110.31
47821826000185;2026-03-13;25795924.55
47821854000100;2026-03-13;14039548.44
47822104000145;2026-03-13;256483083.23
47822129000149;2026-03-13;110268566.61
47936696000126;2026-03-13;246897283.05
47936719000100;2026-03-13;149133119.44
47947639000142;2026-03-13;411156673.58
47947685000141;2026-03-13;9729523.39
47947725000155;2026-03-13;21497999.23
47969979000174;2026-03-13;1234647.36
47970053000107;2026-03-13;77130818.03
47970110000140;2026-03-13;93459358.41
47984249000142;2026-03-13;4059537.23
48004985000150;2026-03-13;34054424.75
48005014000124;2026-03-13;69902865.14
48005026000159;2026-03-13;7361575.68
48005122000105;2026-03-02;224321.66
48015351000100;2026-03-13;37153055.36
48015480000190;2026-03-13;46429773.70
48038196000130;2026-03-13;30228866.84
48038243000145;2026-03-13;11269351.30
48038250000147;2026-03-13;39487430.40
48038322000156;2026-03-13;0.00
48038480000106;2026-03-12;1821233.02
48053570000176;2026-03-13;6078404.67
48068964000106;2026-03-13;50479030.16
48068979000166;2026-03-13;14346733.33
48068992000115;2026-03-13;1084601.07
48069005000105;2026-03-13;187913947.87
48069080000168;2026-03-13;653623186.46
48069095000126;2026-03-13;845923199.61
48069158000144;2026-03-16;0.00
48084287000101;2026-03-16;0.00
48084310000168;2026-03-13;6034837.65
48084372000170;2026-03-13;16517631.66
48084411000139;2026-03-13;2255543854.22
48094354000179;2026-03-13;288555287.72
48094425000133;2026-03-13;18116946.53
48096240000168;2026-03-13;1141843224.64
48096589000108;2026-03-13;821742038.26
48096646000140;2026-03-13;3925405.67
48106995000104;2026-03-13;1673240451.85
48107032000117;2026-03-13;3208865.04
48107062000123;2026-03-13;2262038.95
48107091000195;2026-03-13;868181157.57
48107119000194;2026-03-13;109848271.87
48107252000140;2026-03-13;938846930.21
48122126000165;2026-03-13;1950531235.19
48122257000142;2026-03-12;8011126.94
48132848000109;2026-03-13;936660457.44
48133147000186;2026-03-13;2391378.97
48133182000103;2026-03-13;1938997.05
48133419000148;2026-03-13;89740887.97
48133451000123;2026-03-13;88585926.94
48150988000100;2026-03-13;42302268.11
48151116000158;2026-03-13;22272885.72
48169216000101;2026-03-13;25169172.24
48178419000164;2026-03-13;180366094.22
48212959000117;2026-03-13;5648426.91
48213399000115;2026-03-13;0.00
48243139000192;2026-03-13;17365448.04
48243233000141;2026-03-13;25020161.76
48258944000190;2026-03-13;23480725.17
48259098000122;2026-03-13;1209302.10
48259136000147;2026-03-13;1207179.22
48259719000178;2026-03-13;8587829.62
48259960000105;2026-03-13;8548564.63
48261212000159;2026-03-13;95097144.69
48262535000167;2026-03-13;75633064.96
48262585000144;2026-03-13;187356230.56
48262615000112;2026-03-13;69404668.13
48262900000133;2026-03-13;762602391.30
48263127000120;2026-03-13;13030337.05
48263146000156;2026-03-13;28182744.18
48263162000149;2026-03-13;62116570.48
48279328000115;2026-03-13;56646898.00
48279484000186;2026-03-12;610442007.02
48279529000112;2026-03-13;36568042.87
48286318000107;2026-03-13;5594047.76
48288660000146;2026-03-13;116824111.12
48313789000167;2026-03-13;21674242.93
48313866000189;2026-03-13;309088986.93
48315004000195;2026-03-13;33699969.26
48329694000131;2026-03-13;110332764.10
48329815000145;2026-03-13;27203397.38
48329984000185;2026-03-13;13981100.44
48330325000169;2026-03-13;11406163.40
48330517000175;2026-03-13;41510539.33
48330553000139;2026-03-13;31798701.56
48349287000196;2026-03-13;589281080.77
48349305000130;2026-03-13;229573441.79
48349314000120;2026-03-13;6923843.28
48349347000170;2026-03-13;161466377.98
48349420000104;2026-03-13;6932742.06
48349454000107;2026-03-13;14794175.90
48349521000185;2026-03-13;9685411.35
48359082000191;2026-03-13;4008574.58
48359446000133;2026-03-13;8086983.16
48359536000124;2026-03-13;14966520.85
48359891000101;2026-03-13;5128517.04
48369494000102;2026-03-13;66603661.32
48369549000184;2026-03-13;32678845.30
48369578000146;2026-03-13;5971751.06
48373485000195;2026-03-13;251177389.81
48373538000178;2026-03-13;48162414.80
48376700000101;2026-03-13;26020657.25
48393012000150;2026-03-13;164135936.40
48393053000146;2026-03-13;51047970.84
48400609000184;2026-03-13;11591108.54
48400619000110;2026-03-13;14909435.24
48400629000155;2026-03-13;1421771130.81
48400636000157;2026-03-13;1564246.20
48400645000148;2026-03-13;811119.03
48400668000152;2026-03-13;50033579.09
48400945000127;2026-03-13;10815431.29
48411732000109;2026-03-13;190240422.99
48411822000191;2026-03-10;14678386.37
48413275000183;2026-03-13;13537145.09
48482329000162;2026-03-13;3017439.26
48532859000178;2026-03-13;84898213.69
48553311000104;2026-03-13;16970866.96
48553342000165;2026-03-13;2496909.61
48554073000151;2026-03-13;93604593.60
48554126000134;2026-03-13;83404207.36
48554212000147;2026-03-13;143244274.10
48554248000120;2026-03-13;36927174.16
48554260000135;2026-03-13;47224700.08
48564628000146;2026-03-13;51529232.43
48573062000119;2026-03-13;219186948.81
48592321000159;2026-03-13;3020372363.50
48628616000138;2026-03-13;15325001.15
48653726000150;2026-03-13;2068136015.44
48658513000110;2026-03-13;2570470608.85
48658548000150;2026-03-12;156818713.23
48658618000170;2026-03-13;10677722.53
48670714000133;2026-03-13;23587572.29
48691860000145;2026-03-13;26875412.59
48691878000147;2026-03-13;193908770.82
48691908000115;2026-03-13;1466788.36
48701752000106;2026-03-13;174139157.56
48701785000156;2026-03-13;26876175.17
48701812000190;2026-03-13;8514703.14
48718927000198;2026-03-13;2739766.48
48766819000190;2026-03-13;4672835.85
48766978000195;2026-03-13;199613012.99
48768951000131;2026-03-13;21310213.59
48780369000190;2026-03-13;193333958.39
48785680000122;2026-03-12;6478883.78
48785713000134;2026-03-13;17431174.24
48785751000197;2026-03-13;23895925.30
48882061000156;2026-03-13;100565345.35
48882162000127;2026-03-12;128740073.81
48884731000173;2026-03-13;190992368.72
48885567000119;2026-03-12;95006033.33
48885708000101;2026-03-13;413297263.38
48887226000182;2026-03-13;26024616.25
48887275000115;2026-03-13;121562237.44
48887560000136;2026-03-13;187706845.83
48887946000148;2026-03-13;6422508.63
48892936000109;2026-03-13;7231538.82
48899234000149;2026-03-13;79946248.37
48907664000165;2026-03-11;23716486.35
48908570000100;2026-03-13;282464450.69
48916517000151;2026-03-13;21632794.74
48924165000186;2026-03-13;66897962.60
48924354000159;2026-03-13;26525652.34
48925263000138;2026-03-13;84780401.30
48925808000106;2026-03-13;116750658.37
48927913000184;2026-03-13;22455883.67
48931854000118;2026-03-13;49154539.42
48936902000160;2026-03-13;10121100.25
48939140000156;2026-03-13;14078045.38
48939966000115;2026-03-12;16238865.83
48940997000196;2026-03-13;807647642.24
48947935000106;2026-03-12;45599464.65
48948661000170;2026-03-13;10065014.18
48948713000108;2026-03-12;257104849.36
48953198000154;2026-03-12;124492805.43
48956200000149;2026-03-13;88994712.23
48959711000114;2026-03-13;147426854.03
48961102000108;2026-03-13;1183451595.92
48961358000107;2026-03-13;5135913.00
48962597000181;2026-03-12;346891526.48
48963688000131;2026-03-13;25001345.82
48966312000180;2026-03-13;278378520.76
48966484000154;2026-03-13;6063387648.55
48969047000194;2026-03-13;109801538.30
48969198000142;2026-03-13;110039393.79
48969700000115;2026-03-13;44748075.14
48969821000167;2026-03-13;32494680.22
48969881000180;2026-03-12;73748633.42
48970212000128;2026-03-13;154833111.03
48970281000131;2026-03-13;21243383.37
48970482000139;2026-03-13;23113591.14
48973783000116;2026-03-12;2846281743.71
48974865000185;2026-03-13;19479937.86
48975466000139;2026-03-13;1037453491.72
48977841000180;2026-03-13;141331869.92
48977962000121;2026-03-13;178940248.73
48978417000150;2026-03-13;96898392.18
48978576000154;2026-03-13;25425253.02
48979130000144;2026-03-13;2435884.37
48979409000128;2026-03-12;20575595.42
48979635000109;2026-03-13;2897557.88
48979846000141;2026-03-13;86059478.21
48983003000119;2026-03-12;29940875.76
48983104000190;2026-03-13;46880879.20
48983269000161;2026-03-13;15597518.21
48985406000105;2026-03-13;10604835.77
48986106000132;2026-03-13;309712749.17
48986296000198;2026-03-13;309743692.06
48989069000116;2026-03-13;26239407.76
48992261000161;2026-03-13;3541693.73
48992682000192;2026-03-13;4626361.46
48992923000101;2026-03-13;16070712.42
48993165000138;2026-03-12;52772800.48
48993253000130;2026-03-12;390557463.69
48994660000161;2026-03-13;1354517797.55
48994979000197;2026-03-13;60201562.32
48995429000192;2026-03-13;545342875.18
48995582000110;2026-03-13;1767598.77
48997066000124;2026-03-13;9088035.47
48997077000104;2026-03-13;721649879.50
48997364000114;2026-03-12;1465238.83
49000812000126;2026-03-12;11328178.01
49001106000107;2026-03-13;10641527.30
49001109000132;2026-03-13;31638844.89
49001440000152;2026-03-13;22041760.41
49003913000150;2026-03-13;16535743.47
49004632000112;2026-03-13;11809128.48
49014064000130;2026-03-13;153044620.01
49017140000161;2026-03-13;26717703.44
49033154000179;2026-03-12;11953363.49
49034567000178;2026-03-13;88405412.39
49036946000105;2026-03-13;26454793.13
49037854000131;2026-03-12;45528103.18
49042964000191;2026-03-13;904779968.89
49043035000105;2026-03-13;53948327.61
49043044000198;2026-03-13;33381810.48
49050466000190;2026-03-12;18654961.03
49050708000146;2026-03-13;17148245.35
49051587000157;2026-03-13;270965681.26
49055479000152;2026-03-13;31359521.24
49058526000111;2026-03-13;13021245.88
49061791000159;2026-03-13;57712550.48
49077283000169;2026-03-13;6859362.49
49077640000199;2026-03-13;11457096.05
49077802000199;2026-03-13;113685382.56
49081200000105;2026-03-13;12289821.15
49081928000137;2026-03-13;156866900.36
49084118000134;2026-03-12;29544339.03
49084711000180;2026-03-13;4708060.66
49084861000194;2026-03-13;15300548.95
49086211000188;2026-03-13;15440238.55
49086368000103;2026-03-13;14503829.50
49088563000172;2026-03-13;16505791.66
49089005000121;2026-03-12;28566744.84
49090199000185;2026-03-13;20554909.88
49106197000137;2026-03-12;17064762.48
49115219000125;2026-03-13;41954206.50
49121016000141;2026-03-13;51172878.11
49124184000190;2026-03-13;54064247.79
49127217000156;2026-03-12;212889678.78
49157592000149;2026-03-13;38186931.91
49157790000102;2026-03-13;25985802.36
49157996000132;2026-03-13;41973950.08
49158995000102;2026-03-13;2788852.99
49159909000186;2026-03-12;15839256.65
49173111000199;2026-03-13;3385450.09
49174065000142;2026-03-12;136829466.83
49176765000176;2026-03-13;3468267.11
49178674000170;2026-03-13;657532164.75
49183435000108;2026-03-13;3569349.34
49183606000107;2026-03-13;29301400.86
49183739000175;2026-03-13;6550023.69
49184230000147;2026-03-13;4720068.94
49194091000132;2026-03-13;422821928.15
49206510000109;2026-03-13;28877493.73
49219226000177;2026-03-13;824011624.80
49219494000199;2026-03-13;29196274.62
49219706000138;2026-03-13;61760312.79
49220145000197;2026-03-13;2474820.67
49225596000117;2026-03-13;35963018.42
49226557000134;2026-03-13;65629427.39
49227505000182;2026-03-13;65221811.49
49227609000197;2026-03-13;37835631.06
49227701000157;2026-03-13;20709615.09
49227741000107;2026-03-13;24134457.45
49227938000138;2026-03-13;66768780.91
49227982000148;2026-03-13;1813161745.25
49228291000169;2026-03-13;38305177.42
49228354000187;2026-03-13;44574709.90
49232076000131;2026-03-12;58227986.95
49232258000102;2026-03-13;57893158.65
49240295000162;2026-03-13;568617309.61
49244844000177;2026-03-11;2765098.58
49253483000125;2026-03-13;431384772.06
49266400000132;2026-03-13;54674562.38
49269925000121;2026-03-13;2823275520.38
49270021000116;2026-03-13;949616919.29
49271038000198;2026-03-11;131046324.72
49272086000109;2026-03-16;508785032.56
49275185000136;2026-03-13;61500996.68
49276571000142;2026-03-12;18862871.15
49277060000145;2026-03-12;210327317.45
49289104000157;2026-03-13;375097545.85
49290321000167;2026-03-13;6701289.20
49297002000183;2026-03-12;12864796.91
49299398000106;2026-03-13;2532729217.89
49305099000129;2026-03-13;674980680.16
49307394000114;2026-03-13;18215138.79
49307400000133;2026-03-13;648960390.97
49307581000106;2026-03-13;647787018.69
49307912000108;2026-03-13;0.00
49308037000170;2026-03-13;736126374.86
49316974000178;2026-03-13;228795838.50
49318748000126;2026-03-13;6716595.84
49328341000180;2026-03-13;7853559610.62
49342560000113;2026-03-13;64379273.48
49347101000122;2026-03-13;72704630.41
49352361000196;2026-03-13;24448944.66
49352777000104;2026-03-13;55850070.05
49352983000114;2026-03-13;206130017.98
49353128000128;2026-03-13;8287963.69
49353283000144;2026-03-13;33777321.58
49353760000171;2026-03-13;15366696.65
49354123000110;2026-03-13;924841605.70
49360261000101;2026-03-13;332665657.47
49361982000136;2026-03-13;100710502.09
49366532000136;2026-03-13;284793759.41
49367371000103;2026-03-13;22514425.22
49368219000137;2026-03-13;6243046.11
49371188000173;2026-03-13;27991577.94
49371212000174;2026-03-12;4139444.91
49382099000122;2026-03-12;1904670382.49
49386605000151;2026-03-13;4233015.99
49387146000120;2026-03-13;18634527.16
49392852000160;2026-03-12;40714572.42
49393990000164;2026-03-13;8780203.04
49397796000157;2026-03-13;187558468.81
49404134000167;2026-03-12;43142330.12
49411383000180;2026-03-13;28860421.47
49414058000170;2026-03-13;89854677.04
49421809000186;2026-03-13;89454937.03
49424163000190;2026-03-13;15521100.96
49425680000184;2026-03-13;95017369.10
49426637000133;2026-03-13;4412272733.02
49427187000101;2026-03-13;20602828.04
49429025000102;2026-03-13;445985172.57
49429700000195;2026-03-13;65206618.44
49436676000111;2026-03-13;113673083.20
49438428000100;2026-03-13;5847014079.37
49438490000100;2026-03-13;43538226.27
49438803000111;2026-03-13;5422664.21
49442251000115;2026-03-13;209046702.73
49447957000170;2026-03-12;5580321.44
49448801000103;2026-03-13;8336705.56
49450009000193;2026-03-13;155240195.05
49454180000170;2026-03-12;16867606.10
49454847000135;2026-03-13;68090416.55
49456416000108;2026-03-13;4183930952.83
49458727000106;2026-03-13;18507474.53
49459345000105;2026-03-13;1707393.54
49460236000108;2026-03-13;135769512.92
49460273000108;2026-03-13;1691723.75
49460566000195;2026-03-13;138350400.66
49465951000125;2026-03-13;108319527.46
49482796000155;2026-03-13;22513180.82
49482977000181;2026-03-13;22924139.55
49483287000147;2026-03-13;8406831.89
49483525000114;2026-03-11;98188143.87
49483853000110;2026-03-10;248605203.22
49489422000161;2026-03-13;51462696.68
49490367000120;2026-03-13;14039294.73
49490384000167;2026-03-13;48013513.39
49490392000103;2026-03-13;27886425.74
49490398000180;2026-03-13;32558731.90
49490879000196;2026-03-13;32694956.31
49498790000176;2026-03-12;18798927.80
49502558000164;2026-03-12;61814885.66
49507238000105;2026-03-13;7165784.83
49508091000160;2026-03-13;8328824.92
49517103000112;2026-03-13;62473705.62
49524137000134;2026-03-13;44350646.99
49524517000179;2026-03-13;8970488.10
49528194000191;2026-03-13;89111144.14
49534273000105;2026-03-12;109444607.11
49534331000109;2026-03-13;7606227.55
49539937000129;2026-03-12;9351056.58
49540349000105;2026-03-13;17455485.79
49540935000150;2026-03-13;56305376.83
49550818000177;2026-03-13;22554846.19
49552191000193;2026-03-13;43725218.48
49553421000139;2026-03-13;5267947.31
49558667000101;2026-03-13;1149451967.05
49558970000104;2026-03-13;35531284.63
49559434000115;2026-03-13;3189248709.13
49559798000103;2026-03-13;36513528.20
49561429000147;2026-03-13;20260421.87
49571655000109;2026-03-12;1111692.16
49580700000191;2026-03-13;19478219.23
49584285000144;2026-03-13;60669900.01
49597996000153;2026-03-12;104114222.87
49598896000141;2026-03-13;89327210.88
49598962000183;2026-03-13;2938266.48
49599183000100;2026-03-12;99944517.55
49599958000130;2026-03-13;34166113.06
49600097000162;2026-03-13;4560530.05
49600987000174;2026-03-12;15258204.26
49601459000130;2026-03-13;60568068.16
49602660000131;2026-03-13;8920276.56
49612242000125;2026-03-13;33330415.59
49615259000136;2026-03-13;291345257.85
49617760000131;2026-03-13;17925971.95
49618018000140;2026-03-13;14337290.10
49618243000187;2026-03-13;9051871.39
49620012000108;2026-03-13;149151419.39
49624023000166;2026-03-13;25268244.48
49626871000104;2026-03-13;14991881.34
49627172000189;2026-03-13;265401289.63
49633643000161;2026-03-13;654722431.76
49643979000105;2026-03-13;365338819.41
49644464000120;2026-03-13;21525968.27
49645368000104;2026-03-13;3188053616.19
49645692000114;2026-03-13;871404031.52
49647466000172;2026-03-13;9906137416.12
49647912000149;2026-03-13;38699580.82
49648873000102;2026-03-13;170713547.16
49650293000141;2026-03-12;205585635.87
49650409000142;2026-03-16;308571066.46
49650464000132;2026-03-13;4768565.34
49650791000194;2026-03-12;60011467.92
49675023000195;2026-03-12;13059032.74
49675372000107;2026-03-13;62290285.79
49684500000189;2026-03-13;6190434.20
49684938000167;2026-03-12;35456405.79
49686342000104;2026-03-13;108205104.02
49690370000197;2026-03-13;5469152.70
49691824000144;2026-03-13;25179159.60
49692303000101;2026-03-13;241595867.15
49694062000130;2026-03-12;141131828.92
49701989000150;2026-03-12;33263837.40
49706433000156;2026-03-13;5674527959.77
49720427000153;2026-03-13;396969741.56
49721561000179;2026-03-13;321942432.97
49722039000101;2026-03-13;37739051.55
49722328000100;2026-03-13;13064006.87
49722651000184;2026-03-13;632375572.42
49723283000199;2026-03-13;25755548.56
49726793000110;2026-03-13;250232871.32
49733651000180;2026-03-13;0.00
49748928000148;2026-03-13;1361280.39
49750004000186;2026-03-13;121713770.96
49750476000139;2026-03-13;1478469.30
49754603000178;2026-03-13;6832100.22
49754766000150;2026-03-13;27255846.32
49758666000100;2026-03-13;50200861.01
49759881000118;2026-03-12;36289706.96
49760534000105;2026-03-13;28065756.81
49760930000132;2026-03-13;21046595.82
49761063000150;2026-03-12;30093389.92
49764825000171;2026-03-13;207166782.35
49764978000119;2026-03-13;11148601.13
49766087000100;2026-03-13;816463177.17
49766297000190;2026-03-13;786944002.04
49766341000161;2026-03-13;2992505.97
49766541000114;2026-03-13;6783934934.73
49766712000105;2026-03-13;5304262781.96
49766905000166;2026-03-13;4637375573.45
49767200000163;2026-03-13;545646775.68
49767385000106;2026-03-13;310639848.04
49767689000173;2026-03-13;50605011.24
49768506000134;2026-03-13;701374402.58
49769312000153;2026-03-13;1475086655.52
49769782000117;2026-03-13;664066649.36
49770446000194;2026-03-13;28590187.78
49771533000166;2026-03-13;13417771.96
49776738000134;2026-03-13;173287397.61
49780014000164;2026-03-13;3117928284.25
49780716000148;2026-03-12;13648603.78
49781095000117;2026-03-13;11700663.30
49786584000161;2026-03-13;16288706.19
49791863000113;2026-03-13;35923807.05
49794390000108;2026-03-13;80978675.69
49800092000183;2026-03-12;197927890.15
49801583000149;2026-03-13;20268956.68
49801593000184;2026-03-12;200441030.18
49802985000168;2026-03-13;177353255.18
49803664000188;2026-03-13;10379764728.41
49805290000130;2026-03-13;15838992.68
49818870000161;2026-03-13;1012496534.42
49819025000100;2026-03-13;151811696.36
49825788000164;2026-03-13;196637628.43
49826572000113;2026-03-12;31102983.86
49827171000188;2026-03-12;26422730.51
49827939000113;2026-03-02;67841584.12
49829703000116;2026-03-13;58275132.45
49834957000122;2026-03-12;8250753.03
49835864000112;2026-03-12;33469691.80
49836187000157;2026-03-13;7651869.05
49840203000185;2026-03-13;33291764.64
49843141000165;2026-03-12;206743029.62
49846562000140;2026-03-13;89958299.04
49851069000118;2026-03-13;13497432.67
49852449000177;2026-03-13;3048652839.20
49857393000143;2026-03-12;1977143.34
49858267000103;2026-03-13;14331022.86
49858557000157;2026-03-13;158348385.47
49859421000161;2026-03-13;163693101.29
49859438000119;2026-03-13;4108033.31
49860027000143;2026-03-13;14978866.34
49860618000110;2026-03-13;17643115.74
49861670000191;2026-03-13;12563284.47
49869556000108;2026-03-13;12615538.44
49870901000123;2026-03-13;7229187.91
49879194000136;2026-03-13;4982302.72
49887050000121;2026-03-13;14996555.92
49887591000150;2026-03-13;11182231.64
49887786000108;2026-03-13;12263423.52
49887885000181;2026-03-13;17100353.14
49889659000130;2026-03-12;8666693.68
49889989000125;2026-03-12;287789539.15
49891859000127;2026-03-12;2797129.51
49894184000170;2026-03-13;14489631.46
49914023000109;2026-03-12;180345152.72
49915772000142;2026-03-13;19220728.37
49919066000179;2026-03-13;601462084.07
49920033000149;2026-03-13;362998793.16
49920157000124;2026-03-13;363092373.55
49920190000154;2026-03-13;258891895.11
49920429000196;2026-03-13;125145866.36
49924950000100;2026-03-13;52408105.24
49927751000147;2026-03-13;27150049.59
49927877000111;2026-03-13;589192291.39
49931360000104;2026-03-12;27559032.42
49933828000191;2026-03-13;463511644.32
49937222000124;2026-03-12;1121156.83
49944741000110;2026-03-13;35875771.15
49946129000186;2026-03-13;13873092.74
49946167000139;2026-03-13;55382547.05
49947204000123;2026-03-13;16049914.05
49947453000119;2026-03-13;453981557.97
49947483000125;2026-03-13;23011527.33
49947618000152;2026-03-13;17208177.32
49947713000156;2026-03-13;63491607.62
49949202000173;2026-03-13;20035393.99
49949438000100;2026-03-13;27034434.30
49958208000107;2026-03-13;29100139.47
49962448000185;2026-03-12;129440051.41
49962818000184;2026-03-12;84634826.33
49963346000184;2026-03-12;103622616.84
49963751000100;2026-03-13;934007324.39
49963803000130;2026-03-13;228205361.86
49963829000189;2026-03-13;760862191.79
49963868000186;2026-03-13;57088561.45
49963940000175;2026-03-13;418798296.35
49963948000131;2026-03-13;452324603.89
49964068000180;2026-03-13;4724278696.62
49964291000127;2026-03-13;581937042.30
49964484000188;2026-03-13;11379459.32
49964637000197;2026-03-13;339849473.98
49972274000131;2026-03-13;27584813.08
49974997000170;2026-03-13;2036257275.81
49975109000133;2026-03-13;69121953.64
49976521000178;2026-03-12;82688935.07
49977033000185;2026-03-12;252864480.35
49980226000195;2026-03-13;132515525.19
49980566000116;2026-03-13;10445097832.14
49981716000106;2026-03-13;58855470.16
49983411000133;2026-03-12;11634927.10
49983891000132;2026-03-09;338976924.60
49983964000196;2026-03-13;1326834500.56
49984055000172;2026-03-13;154579496.17
49984095000114;2026-03-13;81739786.64
49984120000160;2026-03-13;27443843.26
49984742000198;2026-03-13;117071836.99
49984812000108;2026-03-13;231947446.13
49995211000109;2026-03-13;81889675.13
49995610000161;2026-03-13;451512103.20
49995995000167;2026-03-12;1322192535.15
49996302000150;2026-03-13;94455820.30
49996708000133;2026-03-12;192422341.06
49996731000128;2026-03-12;42903338.83
49996896000108;2026-03-12;133428198.23
49997061000164;2026-03-12;458142195.18
49998473000119;2026-03-13;23017223.37
49998656000134;2026-03-13;17199088.54
50006439000108;2026-03-12;216081341.22
50010052000117;2026-03-13;81390849.03
50011649000186;2026-03-13;50314038.50
50017399000191;2026-03-13;54790882.84
50019162000140;2026-03-13;42111149.59
50021462000163;2026-03-13;16594847.10
50021895000119;2026-03-05;31540093.01
50032840000104;2026-03-13;164609799.61
50032901000133;2026-03-10;533069874.90
50033583000125;2026-03-16;2830227.86
50034163000163;2026-03-13;11817452.46
50034452000162;2026-03-13;39070333.28
50034771000178;2026-03-13;40243455.24
50036182000129;2026-03-13;24103167.79
50036609000199;2026-03-13;20028744.68
50037999000111;2026-03-13;42109983.60
50038992000114;2026-03-11;542157996.33
50039659000120;2026-03-13;29685819.90
50041140000186;2026-03-13;22218103.77
50042395000163;2026-03-13;7283835.81
50048250000170;2026-03-13;1890827107.08
50059490000170;2026-03-13;31072999.41
50059996000189;2026-03-13;352267280.77
50067989000129;2026-03-13;32627765.28
50069086000187;2026-03-13;828002301.15
50069605000107;2026-03-12;217121711.60
50069895000199;2026-03-13;26377631.07
50074358000137;2026-03-13;78190645.54
50074488000170;2026-03-12;67317953.96
50076852000130;2026-03-13;291986509.63
50076958000134;2026-03-13;55407166.12
50088190000119;2026-03-16;1724512542.16
50091007000134;2026-03-13;79604850.64
50091204000153;2026-03-12;3704158.72
50091433000178;2026-03-12;127015142.26
50091680000174;2026-03-12;8415944.24
50092397000167;2026-03-13;35183393.78
50093051000183;2026-03-12;5582834.04
50094963000170;2026-03-13;925103942.25
50095821000127;2026-03-06;0.00
50095878000126;2026-03-11;61595345.93
50096232000163;2026-03-13;925231430.20
50097016000132;2026-03-13;43081137.22
50098505000109;2026-03-13;291644409.26
50098608000179;2026-03-12;42279501.21
50099341000134;2026-03-13;4750463.01
50099596000105;2026-03-13;68106221.45
50099740000103;2026-03-13;53339135.58
50099861000147;2026-03-13;125827776.97
50099960000129;2026-03-13;139687612.79
50100094000149;2026-03-13;31035410.43
50100196000164;2026-03-13;29182647.89
50100275000175;2026-03-13;82611663.55
50100345000195;2026-03-13;7988988.12
50100404000125;2026-03-13;51478658.76
50100698000195;2026-03-13;247401956.03
50108856000153;2026-03-13;50212112.96
50108864000108;2026-03-13;266485343.57
50109185000145;2026-03-12;268464649.47
50109627000153;2026-03-13;91698803.42
50109793000150;2026-03-12;250811749.83
50109947000103;2026-03-13;1912351299.39
50110033000162;2026-03-12;250827509.04
50110817000190;2026-03-12;98105192.77
50111345000190;2026-03-12;98103031.26
50112294000111;2026-03-13;91820480.12
50113712000195;2026-03-13;1728336.42
50114051000112;2026-03-12;130340317.68
50114259000131;2026-03-13;10899577.34
50116919000113;2026-03-13;8533477.54
50116962000189;2026-03-13;29516708.54
50117177000140;2026-03-13;60342012.93
50119200000136;2026-03-13;134047585.93
50122424000105;2026-03-13;14287822.76
50127153000172;2026-03-13;31477737.25
50128282000185;2026-03-12;27761328.14
50128371000121;2026-03-12;37587914.40
50128847000124;2026-03-13;185337874.61
50129135000120;2026-03-13;241836904.34
50132138000112;2026-03-12;164617757.54
50132470000187;2026-03-12;76269590.26
50136402000196;2026-03-13;18974219.73
50136896000109;2026-03-13;35493536.00
50137412000146;2026-03-13;22356988.46
50137544000178;2026-03-13;12397829.05
50143390000127;2026-03-13;32350026.35
50145027000140;2026-03-13;8320105.65
50150092000164;2026-03-13;24483680.47
50153483000132;2026-03-13;29710969.18
50154001000169;2026-03-13;6752006.65
50161436000130;2026-03-13;11655866.26
50161965000134;2026-03-13;8187523.31
50164840000168;2026-03-13;8642376.51
50168940000162;2026-03-13;0.00
50188567000101;2026-03-13;54163033.13
50188963000139;2026-03-13;8026424.04
50189255000112;2026-03-13;23692971.44
50189507000103;2026-03-13;14858800.83
50189767000189;2026-03-13;20515521.80
50190791000138;2026-03-12;251533852.99
50190836000174;2026-03-13;12984325.60
50190969000140;2026-03-13;12936465.54
50191322000133;2026-03-13;95359843.59
50197313000150;2026-03-13;169818035.39
50198930000170;2026-03-12;266447837.96
50206566000142;2026-03-13;16763703.24
50220140000143;2026-03-13;122398178.24
50223269000105;2026-03-13;604187769.52
50223796000110;2026-03-13;2726271.16
50223956000120;2026-03-13;1484417.28
50224453000170;2026-03-13;76689723.91
50227234000144;2026-03-13;3750261.68
50231008000137;2026-03-13;27636327.25
50231769000199;2026-03-13;23215010.80
50232440000142;2026-03-12;143631887.94
50233172000183;2026-03-13;52367574.77
50235197000116;2026-03-13;593725020.36
50235908000152;2026-03-12;23219104.14
50235964000197;2026-03-13;331597566.34
50236261000183;2026-03-13;46576641.79
50253500000103;2026-03-13;131972290.99
50256963000129;2026-03-13;168202141.70
50262106000131;2026-03-13;70100997.29
50265298000130;2026-03-13;20442209.67
50268936000176;2026-03-12;647656208.99
50269714000178;2026-03-11;557927799.65
50269909000118;2026-03-13;11635445.55
50272216000184;2026-03-13;110203844.08
50279144000105;2026-03-13;72128645.16
50279303000163;2026-03-13;28272437.18
50290023000156;2026-03-13;32705957.83
50293236000131;2026-03-13;210665981.91
50297020000144;2026-03-13;163482710.42
50300321000180;2026-03-13;29510723.48
50302776000134;2026-03-13;204528768.92
50303830000166;2026-03-13;30232443.06
50313687000193;2026-03-13;92888956.71
50313997000108;2026-03-13;23719472.62
50316445000153;2026-03-13;17115390.29
50316699000171;2026-03-13;16910030.99
50317430000100;2026-03-13;1692461.90
50320512000103;2026-03-13;25030997.84
50324325000106;2026-03-13;124968261.91
50324347000168;2026-03-13;58547237.69
50324411000100;2026-03-13;215641043.12
50326100000180;2026-03-13;25446812.75
50326147000144;2026-03-13;7708388.53
50340639000194;2026-03-13;1439666388.57
50349168000185;2026-03-13;33409322.97
50357861000108;2026-03-13;18575408.75
50358476000177;2026-03-13;72933590.54
50359947000161;2026-03-13;9814099.67
50360517000160;2026-03-13;6223509.69
50366157000103;2026-03-13;9217854.21
50366549000172;2026-03-13;24111906.54
50368754000177;2026-03-13;11687454.73
50375533000126;2026-03-12;7557646.77
50383466000191;2026-03-13;0.00
50390553000176;2026-03-13;1289269910.64
50395399000125;2026-03-06;3890897.51
50411213000184;2026-03-13;5136172.05
50411274000141;2026-03-13;4875434.14
50421373000104;2026-03-13;32848172.58
50423703000109;2026-03-12;7537928.55
50423767000100;2026-03-13;52538097.04
50423941000106;2026-03-12;27251418.56
50424405000125;2026-03-12;182149222.90
50425078000126;2026-03-13;300279273.17
50435660000173;2026-03-13;12743270.04
50437861000100;2026-03-12;21190729.82
50440386000120;2026-03-13;131657928.62
50442085000136;2026-03-13;39228289.75
50449204000182;2026-03-13;13303714.24
50449829000144;2026-03-13;168296977.95
50450050000149;2026-03-13;80339376.22
50456852000166;2026-03-13;6659396.42
50459985000196;2026-03-12;236359511.86
50460699000140;2026-03-13;18592093.67
50462097000122;2026-03-13;60660059.46
50467735000106;2026-03-13;52357560.64
50468477000174;2026-03-12;623966658.82
50468687000162;2026-03-12;70333887.36
50468782000166;2026-03-13;29721392.45
50468831000160;2026-03-13;52422007.86
50469036000197;2026-03-13;52504654.34
50469879000193;2026-03-13;81222982.52
50470807000166;2026-03-13;539506756.97
50488941000194;2026-03-12;2692833.03
50490831000167;2026-03-12;4085698.58
50492641000189;2026-03-13;36849756.78
50493115000133;2026-03-13;25151204.96
50506812000181;2026-03-13;16890880.18
50510416000128;2026-03-13;27909338.92
50513582000188;2026-03-13;211059062.97
50514026000126;2026-03-13;145205682.13
50514867000133;2026-03-12;43977602.34
50518393000106;2026-03-13;103459147.22
50518609000125;2026-03-13;1241612.29
50520657000158;2026-03-13;12181749.81
50528102000152;2026-03-12;1146554377.60
50529706000113;2026-03-13;41118602.49
50529857000171;2026-03-13;58668776.25
50531046000105;2026-03-12;5801322.00
50532793000168;2026-03-13;278124487.45
50533633000133;2026-03-13;16052801.01
50534166000166;2026-03-13;24576903.32
50534721000150;2026-03-13;20439833.30
50534813000130;2026-03-13;3190855.59
50541746000180;2026-03-13;24546334.35
50545696000100;2026-03-13;1271509.74
50547092000100;2026-03-12;5413079.27
50553108000180;2026-03-12;24644879.63
50553736000165;2026-03-13;24285751.22
50555355000115;2026-03-12;25717030.28
50563729000144;2026-03-13;56148533.06
50566230000190;2026-03-13;6354036.22
50568751000187;2026-03-13;329911223.86
50568762000167;2026-03-13;418621693.33
50568973000108;2026-03-12;515031397.07
50569054000140;2026-03-13;669054412.08
50569389000169;2026-03-13;11384496.69
50584509000105;2026-03-13;444970907.84
50585071000171;2026-03-13;16592806.64
50585338000120;2026-03-13;196107433.89
50591507000135;2026-03-12;89655045.51
50600495000168;2026-03-10;0.00
50601898000121;2026-03-13;138307261.17
50606731000153;2026-03-13;35041727.66
50607872000190;2026-03-12;13733848.58
50607905000100;2026-03-13;13215634.62
50620290000144;2026-03-13;4323578122.80
50620435000107;2026-03-13;877994086.03
50620572000141;2026-03-13;681591859.44
50620819000120;2026-03-13;170566160.24
50621082000160;2026-03-13;16576829.40
50622383000108;2026-03-13;133033461.99
50623659000172;2026-03-13;11033261.19
50624598000168;2026-03-13;15119002.19
50625158000125;2026-03-13;1635702210.27
50625251000130;2026-03-13;24073091.14
50626383000186;2026-03-13;59590368.46
50627419000146;2026-03-13;323813831.55
50628101000180;2026-03-13;1641056354.31
50634601000124;2026-03-13;58641862.99
50634860000155;2026-03-13;1374787569.10
50638457000102;2026-03-13;19066528.86
50641862000171;2026-03-13;130599500.08
50642114000103;2026-03-13;546609064.46
50642928000148;2026-03-13;25367086.47
50649446000110;2026-03-12;38518329.19
50650527000130;2026-03-13;274127864.57
50651482000118;2026-03-13;29608710.81
50652489000154;2026-03-13;259157157.45
50653204000108;2026-03-13;33923117.45
50653590000120;2026-03-13;33937413.17
50658258000158;2026-03-13;99743280.01
50658938000171;2026-03-13;74286750.27
50671295000104;2026-03-12;66538708.26
50672014000120;2026-03-13;3720344.95
50672222000129;2026-03-13;59553490.63
50675044000190;2026-03-13;381306301.76
50676647000106;2026-03-13;39733988.84
50677204000130;2026-03-13;197761586.56
50677342000119;2026-03-12;22795886.36
50677561000106;2026-03-13;7864426.64
50677989000140;2026-03-13;36541949.18
50678270000124;2026-03-13;14911403.24
50678631000132;2026-03-13;8178943.32
50679546000199;2026-03-13;322940486.82
50679993000148;2026-03-13;71559037.40
50684421000157;2026-03-13;23782985.24
50687171000109;2026-03-13;153648525.40
50689364000107;2026-03-13;35993488.88
50693189000113;2026-03-13;124608970.98
50693321000197;2026-03-12;41631780.08
50697436000150;2026-03-13;1792360.49
50697486000137;2026-03-13;290965790.24
50698062000197;2026-03-12;1883548.94
50698325000168;2026-03-13;572977664.85
50698825000108;2026-03-13;3979488.93
50703932000179;2026-03-13;6334781.56
50705390000173;2026-03-13;25431758.38
50707385000108;2026-03-13;94673303.79
50710699000151;2026-03-13;228462398.03
50716504000180;2026-03-13;18784845.53
50717179000170;2026-03-13;147213568.14
50717325000168;2026-03-13;24723819.76
50717435000120;2026-03-13;13474316.85
50717598000102;2026-03-13;3474270.53
50717653000164;2026-03-13;39326558.36
50717709000180;2026-03-13;7305390.66
50718442000146;2026-03-13;26859906.78
50726627000100;2026-03-12;24988038.66
50730281000106;2026-03-16;221438283.35
50731648000106;2026-03-13;22823277.41
50733585000127;2026-03-13;154346622.93
50734470000157;2026-03-13;1110249178.34
50734933000180;2026-03-13;10218882.31
50738383000178;2026-03-13;7785094.15
50761438000160;2026-03-05;20806893.52
50764130000179;2026-03-13;22371301.22
50764519000114;2026-03-13;53766729.75
50764896000153;2026-03-12;20628686.70
50765209000114;2026-03-13;8429932.20
50765883000107;2026-03-13;323337354.65
50767361000136;2026-03-13;4808370.18
50768122000109;2026-03-12;7044297.64
50785127000131;2026-03-12;43900188.49
50786035000176;2026-03-12;264866916.48
50788285000145;2026-03-13;23795771.45
50790698000164;2026-03-13;21702491.61
50790794000102;2026-03-13;13115982.04
50790918000150;2026-03-13;17374580.05
50791783000147;2026-03-13;23773627.18
50799566000101;2026-03-13;180609539.95
50799604000118;2026-03-13;257052697.63
50802551000147;2026-03-13;32949166.04
50802863000150;2026-03-13;32775581.45
50803123000139;2026-03-13;34920310356.27
50803168000103;2026-03-13;1767338691.13
50803290000180;2026-03-12;86699465.62
50803326000125;2026-03-13;345158277.06
50803491000187;2026-03-13;8475418845.10
50803936000129;2026-03-13;32046645984.90
50803971000148;2026-03-13;49814558.40
50804059000100;2026-03-13;37843214.02
50807698000120;2026-03-13;169397860.72
50815297000111;2026-03-13;40350370.60
50816550000151;2026-03-13;48235954.94
50817290000139;2026-03-13;43208898.18
50818438000150;2026-03-13;36596486.88
50819097000137;2026-03-13;289185896.38
50820465000167;2026-03-13;207216819.97
50821045000103;2026-03-13;651169417.91
50825877000190;2026-03-13;328480732.40
50825985000162;2026-03-13;23768858.08
50830682000138;2026-03-13;53006393.18
50835921000142;2026-03-13;973376.22
50837199000185;2026-03-13;19839.03
50837306000175;2026-03-13;208520132.54
50837591000124;2026-03-13;208902779.28
50838605000124;2026-03-12;212308027.01
50839768000121;2026-03-13;33890133.17
50840119000140;2026-03-13;885218.13
50840335000196;2026-03-13;18853777.01
50840386000118;2026-03-13;42698971.24
50840707000184;2026-03-13;28233161.49
50840821000104;2026-03-13;24695838.91
50857038000153;2026-03-13;99724287.95
50857582000103;2026-03-12;93864112.16
50857617000104;2026-03-12;2320540978.71
50860797000175;2026-03-13;60368677.97
50860959000175;2026-03-13;131851458.65
50860990000106;2026-03-13;68743425.51
50861003000198;2026-03-13;263157462.95
50861688000172;2026-03-13;66446792.33
50862124000154;2026-03-13;2845288831.65
50866507000109;2026-03-12;1888793343.96
50868823000101;2026-03-13;29654026.33
50869779000154;2026-03-13;452051636.93
50871233000138;2026-03-13;77065011.66
50871810000191;2026-03-13;67068197.11
50874219000198;2026-03-13;711743969.04
50874732000189;2026-03-13;15529739.03
50875116000142;2026-03-13;66546564.13
50875410000154;2026-03-13;12723481.00
50876108000110;2026-03-13;9798275.71
50876690000115;2026-03-13;406590251.58
50877951000111;2026-03-13;689996767.62
50878481000100;2026-03-13;113234150.81
50879270000192;2026-03-13;47059637.67
50890486000159;2026-03-13;22301987.29
50891130000130;2026-03-13;858352301.38
50895340000104;2026-03-13;470884620.74
50902854000131;2026-03-13;22355346.74
50907712000167;2026-03-12;856431.09
50910444000132;2026-03-13;66646302.03
50911242000105;2026-03-16;44398787.07
50911258000118;2026-03-12;454979979.80
50911282000157;2026-03-13;60053754.18
50917466000124;2026-03-13;153218306.98
50922430000139;2026-03-12;52143699.21
50923547000137;2026-03-12;361136961.93
50925001000115;2026-03-13;81639829.13
50926311000154;2026-03-13;10487238.01
50926512000151;2026-03-13;72201989.53
50926941000129;2026-03-13;23761842.52
50927112000160;2026-03-13;30465199.12
50927335000128;2026-03-12;97488599.35
50939954000132;2026-03-13;143274497.70
50940912000111;2026-03-12;13713422.06
50946642000156;2026-03-13;2769582.42
50946766000131;2026-03-13;306632702.19
50955280000160;2026-03-13;25447640.79
50955573000147;2026-03-13;2191959.78
50957787000152;2026-03-13;2913987.73
50958288000180;2026-03-13;2913479.14
50958673000127;2026-03-13;107732625.33
50962501000127;2026-03-13;19854622.47
50974945000182;2026-03-12;28676016.58
50979958000144;2026-03-13;21255626.05
50980211000106;2026-03-13;172647925.27
50980475000160;2026-03-12;159750443.31
50983507000180;2026-03-13;6243124.42
50990599000126;2026-03-13;50400566.54
50991182000188;2026-03-13;65477473.38
50991372000103;2026-03-12;1741113.30
50991619000183;2026-03-12;154779961.30
50992370000120;2026-03-13;797093183.07
50992848000112;2026-03-12;32825925.87
50994517000111;2026-03-13;3596267.59
51007643000106;2026-03-12;73783489.59
51008425000188;2026-03-13;20321997.83
51010435000158;2026-03-13;27181963.09
51012134000163;2026-03-13;873769304.10
51012457000157;2026-03-13;138078415.98
51012828000109;2026-03-13;7600212.27
51012860000186;2026-03-13;81334769.13
51016120000118;2026-03-16;0.00
51016495000188;2026-03-13;37096.37
51017442000181;2026-03-13;32933519.12
51024922000170;2026-03-13;53438312.81
51024935000149;2026-03-13;25436787.42
51028255000101;2026-03-13;42010418.31
51029588000147;2026-03-13;487710714.28
51030705000192;2026-03-13;50979403.75
51033302000105;2026-03-13;22292741.13
51033335000147;2026-03-13;19870753.38
51038733000156;2026-03-13;10271906.95
51041048000189;2026-03-13;307788123.31
51050454000108;2026-03-13;10481163.84
51050711000101;2026-03-13;36480264.91
51050788000181;2026-03-13;45983379.26
51051179000147;2026-03-13;92377595.86
51051199000118;2026-03-13;1843027.26
51051306000108;2026-03-13;15020555.78
51058091000157;2026-03-13;32871319.96
51058665000197;2026-03-13;353137854.69
51058979000190;2026-03-13;3163884.14
51059284000122;2026-03-13;69102824.46
51059511000110;2026-03-13;594348531.66
51059844000149;2026-03-13;365541130.62
51060368000186;2026-03-13;21789835.42
51061857000152;2026-03-13;512087519.19
51063538000186;2026-03-13;39017997.78
51074281000168;2026-03-13;76655204.87
51074442000113;2026-03-13;18720064.75
51075429000189;2026-03-12;25653814.40
51075995000190;2026-03-13;15286091.28
51079513000170;2026-03-13;663730729.66
51082111000125;2026-03-13;578772653.84
51082363000154;2026-03-13;93200354.51
51082526000107;2026-03-13;34867451.97
51082753000124;2026-03-13;0.00
51096061000135;2026-03-13;116182302.63
51101184000117;2026-03-13;1222815.32
51102305000145;2026-03-13;116365594.01
51102626000140;2026-03-13;196294224.51
51102761000195;2026-03-13;15060158.66
51102765000173;2026-03-13;21550423.32
51102807000176;2026-03-13;27484061.36
51102843000130;2026-03-13;25531968.05
51102891000128;2026-03-13;16577069.16
51109172000139;2026-03-13;20213511.72
51110168000190;2026-03-13;20965570.26
51110293000109;2026-03-13;20970542.14
51112363000150;2026-03-13;256682409.57
51112685000107;2026-03-13;923532.90
51112915000120;2026-03-13;278562601.75
51114758000191;2026-03-13;25299888.03
51118045000104;2026-03-13;17259375.89
51121849000154;2026-03-13;133752579.10
51125892000198;2026-03-13;69931209.82
51126284000106;2026-03-13;99817213.97
51126461000146;2026-03-13;36937202.21
51126828000121;2026-03-13;32386845.99
51129744000141;2026-03-13;358490867.42
51133792000103;2026-03-13;306287331.90
51138093000156;2026-03-13;5062177.87
51139770000150;2026-03-13;32511524.05
51144910000189;2026-03-10;225841093.82
51146472000198;2026-03-13;35504129.74
51146791000101;2026-03-13;19637920.06
51146833000104;2026-03-13;8632594.77
51148019000110;2026-03-13;178286140.81
51152458000105;2026-03-16;0.00
51152912000110;2026-03-11;0.00
51154059000175;2026-03-13;180451553.26
51154205000162;2026-03-13;2144958037.06
51154390000195;2026-03-13;932588.95
51155151000150;2026-03-13;18601157.90
51160628000195;2026-03-13;341271451.06
51161157000130;2026-03-13;24415770.26
51161258000100;2026-03-12;11940911.32
51161838000106;2026-03-13;140715905.07
51162466000124;2026-03-13;24329870.41
51163276000121;2026-03-13;5022086.90
51167855000142;2026-03-13;57599134.27
51168372000162;2026-03-13;121202521.58
51168708000197;2026-03-13;1313281646.50
51170180000190;2026-03-13;18561461.01
51178342000137;2026-03-13;48728120.12
51179623000104;2026-03-13;6701401.04
51180451000199;2026-03-13;9643451.13
51181910000159;2026-03-13;28356599.47
51182102000106;2026-03-13;0.00
51182174000153;2026-03-13;12608337.60
51187752000144;2026-03-13;6595248.06
51188983000172;2026-03-13;253196579.51
51189318000101;2026-03-13;87845115.87
51191184000155;2026-03-12;14373459.79
51196992000105;2026-03-16;87373006.84
51197110000126;2026-03-13;197918495.10
51200543000193;2026-03-13;40390952.10
51202309000103;2026-03-13;41471634.23
51204043000120;2026-03-13;69931310.23
51204349000186;2026-03-13;19548480.94
51204740000180;2026-03-13;12380375.04
51206645000116;2026-03-13;1411484.66
51207930000151;2026-03-13;127871453.44
51214697000134;2026-03-13;3495566.67
51217989000120;2026-03-12;24352892.88
51223640000100;2026-03-13;63116224.22
51223898000106;2026-03-13;46345021.45
51225288000133;2026-03-13;2885013232.83
51225664000190;2026-03-13;956372124.53
51231626000140;2026-03-13;6159045.02
51232602000105;2026-03-13;26929939.42
51234049000140;2026-03-13;26493215.34
51235029000193;2026-03-13;13161984.17
51238041000151;2026-03-13;119877869.42
51238218000110;2026-03-13;803768924.89
51247282000167;2026-03-13;380517311.66
51247291000158;2026-03-03;153679967.35
51248472000107;2026-03-12;211191718.92
51249123000100;2026-03-13;18657172.78
51249607000140;2026-03-12;173915088.10
51250092000107;2026-03-13;117691208.86
51250345000134;2026-03-13;874882870.87
51252839000158;2026-03-13;3231476.49
51253117000118;2026-03-13;1870218719.12
51253495000100;2026-03-13;12561184940.40
51255391000126;2026-03-13;203527598.37
51269633000130;2026-03-12;25129289.76
51271210000155;2026-03-13;16533622.79
51278597000171;2026-03-13;56536927.61
51278656000101;2026-03-13;2630199.93
51286760000148;2026-03-13;80475032.83
51289474000136;2026-03-13;1367154195.56
51291848000158;2026-03-12;26808011.33
51293148000100;2026-03-13;2514676728.31
51295917000100;2026-03-13;18638298.37
51304522000118;2026-03-13;12416774.14
51305063000197;2026-03-13;69624276.24
51305991000151;2026-03-13;45444139.52
51310042000160;2026-03-12;10537734.91
51311214000110;2026-03-13;84520053.92
51312755000162;2026-03-12;6492193.69
51320723000109;2026-03-13;196980454.11
51321583000193;2026-03-13;50016117.40
51321830000151;2026-03-13;170955987.93
51321964000172;2026-03-02;0.00
51323039000180;2026-03-13;266056972.93
51325310000117;2026-03-13;22746340.97
51328493000124;2026-03-13;313731428.06
51328993000166;2026-03-11;129767441.96
51334511000180;2026-03-12;27470565.98
51336698000151;2026-03-12;46419860.98
51336852000195;2026-03-13;187330046.84
51337419000174;2026-03-13;225805884.44
51340714000180;2026-03-12;44960094.63
51356793000117;2026-03-13;232465032.10
51356934000100;2026-03-13;19777074.23
51357586000187;2026-03-13;24393463.53
51364221000180;2026-03-12;30505884.91
51364851000154;2026-03-13;31847056.47
51365675000175;2026-03-13;29473570.87
51378137000115;2026-03-13;654523768.04
51381641000174;2026-03-13;24338242.85
51383310000173;2026-03-13;24333185.39
51389172000130;2026-03-13;85481338.58
51389373000137;2026-03-13;39355304.94
51389615000192;2026-03-13;14887940.71
51389786000111;2026-03-13;101553127.08
51392501000100;2026-03-12;92478853.03
51392822000104;2026-03-12;19911691.91
51392988000112;2026-03-12;27765320.46
51408514000111;2026-03-13;27526198.96
51408738000123;2026-03-13;6570797.02
51408950000190;2026-03-13;11671029.32
51409011000160;2026-03-13;17573862.52
51409315000128;2026-03-12;110560274.58
51410085000117;2026-03-13;949590.04
51410309000190;2026-03-13;5178374.20
51415957000130;2026-03-13;255209134.66
51421546000157;2026-03-13;96485500.10
51423730000136;2026-03-13;316637300.14
51425255000137;2026-03-12;128909881.99
51427224000115;2026-03-13;114446036.38
51427488000179;2026-03-13;14402252.46
51427627000164;2026-03-13;202771389.46
51474213000196;2026-03-12;11525076.37
51474777000129;2026-03-12;1161267378.40
51475221000157;2026-03-13;92454069.64
51475254000105;2026-03-13;27452834.55
51475555000120;2026-03-13;2412344.31
51475680000130;2026-03-13;27738839.17
51475833000140;2026-03-12;1129175688.42
51476177000108;2026-03-13;66581512.99
51476595000197;2026-03-13;14886607.71
51476688000111;2026-03-13;58559098.83
51476823000129;2026-03-13;24003785.44
51477407000145;2026-03-13;74966442.71
51477908000121;2026-03-12;2243732.32
51478991000153;2026-03-05;8346102.94
51479016000160;2026-03-13;40633182.55
51479289000104;2026-03-13;194275434.99
51479474000107;2026-03-13;79899637.62
51479676000140;2026-03-05;133801851.95
51480427000175;2026-03-13;4316936.33
51480821000103;2026-03-12;83366876.61
51482757000108;2026-03-12;306231210.41
51486818000105;2026-03-13;10677816.80
51487078000113;2026-03-13;1551038.72
51487630000173;2026-03-13;64234545.15
51487766000183;2026-03-13;38730344.96
51488143000125;2026-03-13;16991696.19
51488342000133;2026-03-16;3164803968.30
51492762000193;2026-03-13;195723119.19
51493489000111;2026-03-13;127051962.69
51494349000168;2026-03-13;17119222.73
51495183000102;2026-03-12;24114811.15
51495548000190;2026-03-13;142508488.49
51498969000175;2026-03-13;8772704.31
51503186000132;2026-03-13;138264793.58
51507955000170;2026-03-13;69978613.17
51508469000177;2026-03-13;19792616.60
51510765000102;2026-03-12;15951723.23
51511514000142;2026-03-12;23059524.55
51511570000187;2026-03-13;347445794.91
51512988000109;2026-03-13;17585715.23
51516067000114;2026-03-13;71371677.32
51518343000183;2026-03-13;123880792.21
51518483000151;2026-03-13;150114084.52
51527264000139;2026-03-13;131064876.89
51530002000123;2026-03-13;63248876.05
51531685000133;2026-03-12;1490905819.99
51532369000186;2026-03-13;24204523.23
51533573000111;2026-03-13;1053977755.45
51537497000112;2026-03-13;15238333.46
51538282000116;2026-03-13;1020285012.22
51539533000187;2026-03-13;67486448.30
51549763000127;2026-03-12;16149089.44
51554117000158;2026-03-13;14118528.14
51555261000109;2026-03-13;14297762.53
51555270000108;2026-03-13;56205984.33
51555966000126;2026-03-13;91767579.33
51556428000156;2026-03-13;35756337.93
51556889000129;2026-03-13;19033974.97
51558159000167;2026-03-13;81306828.78
51564188000131;2026-03-13;74777355.21
51565666000128;2026-03-13;8106398.21
51568241000172;2026-03-13;124904166.32
51568497000180;2026-03-13;5993161.02
51570153000105;2026-03-13;13363381.28
51571423000100;2026-03-13;48244374.23
51572183000150;2026-03-13;1048332750.76
51573796000102;2026-03-13;95579147.66
51586134000177;2026-03-13;22966545.35
51587345000124;2026-03-13;64195589.43
51589726000142;2026-03-12;8736862.10
51598328000192;2026-03-13;14394831.58
51598758000104;2026-03-13;551213112.75
51603725000105;2026-03-13;95602967.72
51604570000121;2026-03-13;375577828.18
51605733000190;2026-03-13;507920909.78
51619618000175;2026-03-13;10573282.96
51620403000174;2026-03-13;27797937.23
51623321000183;2026-03-13;164300400.44
51623929000108;2026-03-13;40696125.65
51628969000142;2026-03-13;516082221.88
51637340000169;2026-03-13;5640068.76
51637471000146;2026-03-13;9193395.51
51637707000144;2026-03-13;27904362.95
51637823000163;2026-03-13;20923908.14
51637886000110;2026-03-13;45859404.70
51637906000152;2026-03-12;22438851.13
51638213000184;2026-03-13;52501681.15
51638992000118;2026-03-13;286666428.96
51639846000107;2026-03-13;30312582.21
51643169000109;2026-03-13;38388418.44
51651472000145;2026-03-13;20174206.25
51651775000168;2026-03-13;5765962.23
51657835000150;2026-03-12;27899615.19
51658426000178;2026-03-12;258949441.17
51659921000100;2026-03-13;262898817.38
51661677000101;2026-03-13;43616681.29
51662543000105;2026-03-13;30224322.71
51662749000135;2026-03-13;4501281675.40
51663773000199;2026-03-13;32225562.51
51672063000125;2026-03-13;4187208751.60
51673683000189;2026-03-13;20389049.73
51673830000110;2026-03-11;511690575.26
51673892000122;2026-03-13;5226261554.12
51674013000187;2026-03-13;727291659.27
51674031000169;2026-03-13;34583657.17
51674136000118;2026-03-13;35859886.83
51674415000181;2026-03-13;12548157.19
51675087000138;2026-03-13;6377119927.92
51675162000160;2026-03-13;81661273.83
51675442000179;2026-03-04;459539.68
51675926000118;2026-03-09;358959033.68
51676075000128;2026-03-13;30428939.39
51680998000153;2026-03-13;428015966.24
51681077000105;2026-03-13;241432439.44
51681170000110;2026-03-13;15682266.27
51681319000160;2026-03-13;964869470.86
51681417000106;2026-03-13;6435464.37
51681499000180;2026-03-13;32991450.46
51681561000134;2026-03-13;25873582.25
51681613000172;2026-03-13;25877880.43
51681664000102;2026-03-13;2034216040.77
51681734000114;2026-03-13;291619960.35
51681797000170;2026-03-13;217019686.10
51691876000162;2026-03-13;222263336.96
51693641000100;2026-03-13;277851194.85
51693954000168;2026-03-13;113123055.19
51694298000118;2026-03-13;2387367.55
51694493000148;2026-03-13;4428656.81
51695805000138;2026-03-16;1682165441.16
51697128000197;2026-03-13;519944731.00
51709979000102;2026-03-12;123731085.91
51710645000159;2026-03-13;4188784238.47
51711065000186;2026-03-13;7029688.84
51712758000193;2026-03-13;93759905.18
51713266000112;2026-03-13;7034336.99
51714018000196;2026-03-13;116749155.45
51717762000144;2026-03-13;8301846.20
51718479000137;2026-03-13;36791554.83
51726488000170;2026-03-13;19267818.83
51727213000150;2026-03-12;43245565.36
51730181000142;2026-03-13;44069452.56
51730753000193;2026-03-13;862580610.01
51730916000138;2026-03-13;127754605.35
51732771000104;2026-03-12;154206212.01
51733363000177;2026-03-12;201581272.72
51737019000156;2026-03-13;3168773.38
51742269000184;2026-03-13;54996078.30
51746120000173;2026-03-13;1095860907.09
51746834000181;2026-03-13;31792840.25
51748815000194;2026-03-12;188624590.30
51749932000172;2026-03-13;530580711.30
51752166000103;2026-03-13;27142787.56
51752331000119;2026-03-13;6122792.78
51752823000104;2026-03-13;3261969664.38
51752945000109;2026-03-13;29074733.50
51752977000104;2026-03-13;267957869.54
51753394000190;2026-03-13;57793682.20
51753651000193;2026-03-13;13938356.15
51760661000156;2026-03-13;2145159578.73
51761747000101;2026-03-13;301689632.68
51763468000179;2026-03-13;341377654.75
51766158000108;2026-03-12;5162434.61
51766295000142;2026-03-13;92424228.48
51768648000143;2026-03-13;5565193992.24
51769756000130;2026-03-13;4347366469.03
51776382000180;2026-03-13;1783055.58
51776593000113;2026-03-13;0.00
51777660000114;2026-03-13;39081921.96
51779306000129;2026-03-13;11594246.28
51781137000161;2026-03-13;59287171.94
51781614000199;2026-03-13;507039100.14
51800701000146;2026-03-13;40819739.20
51800853000149;2026-03-13;90662752.78
51801206000151;2026-03-13;164168997.15
51801445000101;2026-03-13;18235807.10
51806356000158;2026-03-13;32061687.71
51806448000138;2026-03-13;5405084.99
51811576000170;2026-03-13;316327449.86
51813736000110;2026-03-13;114573268.45
51817818000132;2026-03-13;259301993.10
51820051000109;2026-03-13;1073474.20
51820237000150;2026-03-13;20563426.06
51820732000169;2026-03-12;6920461.90
51825326000199;2026-03-13;1779620900.65
51825489000171;2026-03-13;94390706.55
51825587000109;2026-03-13;84321329.89
51827896000118;2026-03-13;53663403.22
51828827000129;2026-03-13;60032957.34
51830130000192;2026-03-12;56436412.99
51830742000185;2026-03-12;59377837.41
51834466000123;2026-03-13;53759384.70
51835937000118;2026-03-13;109342603.34
51837280000128;2026-03-13;4942844449.55
51837415000155;2026-03-13;23469630.98
51838442000142;2026-03-13;15210903.59
51851142000101;2026-03-11;86597519.69
51851605000127;2026-03-13;101335178.96
51853123000106;2026-03-13;106394690.35
51854557000120;2026-03-13;85964852.50
51854591000103;2026-03-13;673440271.68
51854924000196;2026-03-13;4679775.44
51855034000107;2026-03-13;56832129.78
51861413000100;2026-03-12;6692594.30
51861489000127;2026-03-13;924672556.52
51863123000197;2026-03-12;63151744.97
51863755000150;2026-03-13;45604424.41
51863845000141;2026-03-12;65835300.72
51866149000199;2026-03-12;47446814.22
51866869000154;2026-03-13;15206084.87
51867196000157;2026-03-12;1843877.25
51867306000180;2026-03-13;474134503.58
51868939000103;2026-03-13;34772282.58
51869529000187;2026-03-13;332846186.40
51885543000174;2026-03-12;86940219.14
51886989000113;2026-03-12;12098108.92
51891030000176;2026-03-13;74349944.34
51891082000142;2026-03-12;124472162.14
51891516000104;2026-03-13;133299514.02
51892732000174;2026-03-13;67716852.87
51902782000195;2026-03-13;376194861.65
51903744000157;2026-03-12;93749690.08
51905748000174;2026-03-13;58340707.88
51906271000141;2026-03-13;57584688.73
51909564000182;2026-03-13;19154792.99
51909697000159;2026-03-13;375279349.71
51910343000124;2026-03-12;52592696.58
51910513000170;2026-03-13;29010972.96
51910760000177;2026-03-13;25248398.76
51911677000112;2026-03-13;278089151.05
51918188000192;2026-03-13;80454434.15
51924043000102;2026-03-13;616163385.72
51926360000150;2026-03-13;38829263.71
51926656000170;2026-03-13;124111603.07
51927154000164;2026-03-12;42344130.07
51927928000157;2026-03-13;25233330.53
51928186000184;2026-03-13;575132053.51
51933311000144;2026-03-13;33344380.56
51937029000135;2026-03-13;28950083.87
51941840000190;2026-03-12;12994229.38
51942073000133;2026-03-13;29690782.18
51942093000104;2026-03-12;8240367.78
51943346000164;2026-03-13;79626372.38
51944194000114;2026-03-13;79136624.46
51950453000110;2026-03-13;50824211.29
51950807000126;2026-03-13;21073822.35
51951033000158;2026-03-13;21022216.49
51951669000108;2026-03-11;41524890.86
51952654000156;2026-03-13;30357123.02
51952849000104;2026-03-13;54352162.68
51953080000130;2026-03-13;14850712.21
51953098000132;2026-03-13;39482593.66
51954021000187;2026-03-12;85352321.34
51955295000190;2026-03-12;187013002.99
51955320000136;2026-03-12;75781490.16
51955353000186;2026-03-12;54892658.56
51958592000190;2026-03-13;22112250.14
51959820000146;2026-03-13;2281051228.36
51961024000148;2026-03-13;96893065.74
51973061000176;2026-03-13;27995804.81
51973414000138;2026-03-13;95572234.35
51973891000101;2026-03-11;50748800.74
51974099000163;2026-03-09;0.00
51974284000158;2026-03-13;34710642.71
51974730000124;2026-03-13;576100255.73
51974776000143;2026-03-13;59620988.22
51975393000190;2026-03-12;1820389.36
51977823000102;2026-03-13;42046612.40
51980721000146;2026-03-13;36597647.91
51981936000181;2026-03-13;22220120.36
51982216000130;2026-03-12;46699146.05
51983510000167;2026-03-13;2145616.42
51983612000182;2026-03-13;85340667.41
51983827000101;2026-03-13;84538725.83
51983867000145;2026-03-13;34892010.29
51983967000171;2026-03-13;39282843.24
51990118000145;2026-03-12;16122571.71
51992077000126;2026-03-13;3504846.14
51992208000175;2026-03-13;3614737.05
51992822000137;2026-03-12;451999504.04
51992975000184;2026-03-13;15956706.95
51993688000199;2026-03-13;3307608.95
51993725000169;2026-03-13;5821267.04
51994269000171;2026-03-13;3313296.55
51996104000139;2026-03-13;141786602.67
51998694000139;2026-03-13;29934042094.33
52000937000160;2026-03-13;6719611.41
52010050000153;2026-03-13;3727671.00
52010086000137;2026-03-13;15961466.84
52013673000180;2026-03-13;153746532.71
52016688000100;2026-03-13;174233886.07
52025303000162;2026-03-13;116957551.52
52026196000197;2026-03-13;241356981.43
52026419000116;2026-03-12;54058043.36
52029909000176;2026-03-13;34883856.09
52030471000146;2026-03-13;80195426.52
52031441000154;2026-03-13;8431427.81
52032139000110;2026-03-13;6330606.19
52032586000170;2026-03-13;130279904.74
52042045000122;2026-03-12;41860867.60
52042860000191;2026-03-12;30891843.91
52042925000107;2026-03-13;1039592.96
52043433000128;2026-03-12;1245433948.99
52046068000105;2026-03-13;19565680.41
52046394000112;2026-03-13;29381413.13
52046971000176;2026-03-13;18970358.02
52047967000122;2026-03-13;259189342.39
52048037000193;2026-03-13;192973946.73
52048082000148;2026-03-13;7429823.30
52067205000198;2026-03-13;116897059.15
52067940000100;2026-03-13;5874597.64
52068914000198;2026-03-13;51765700.87
52069190000105;2026-03-13;8242444.29
52069253000115;2026-03-13;2702900.66
52069910000124;2026-03-11;71137007.42
52070019000108;2026-03-13;246202576.15
52070167000122;2026-03-11;45684208.39
52070476000100;2026-03-13;243949901.25
52071627000137;2026-03-13;369772899.62
52077439000116;2026-03-13;3545928188.02
52078859000117;2026-03-13;4326925806.70
52078945000120;2026-03-13;70491127.03
52079356000166;2026-03-13;25943944.33
52080688000160;2026-03-12;165764515.04
52081600000125;2026-03-13;518070099.31
52081802000177;2026-03-13;12910673.46
52084663000135;2026-03-12;8216628.90
52084931000119;2026-03-13;229302508.22
52085530000183;2026-03-13;673875367.31
52087221000142;2026-03-13;10589382.61
52087389000158;2026-03-13;65962049.33
52087714000182;2026-03-13;3509091.95
52091995000147;2026-03-13;25956420.18
52095439000149;2026-03-13;1038248947.51
52096571000175;2026-03-13;502884508.42
52096803000195;2026-03-13;36818114.69
52097100000181;2026-03-13;21703883.90
52098741000150;2026-03-13;21324145.71
52098757000163;2026-03-13;17457615.90
52098763000110;2026-03-13;14860343.57
52098791000138;2026-03-13;6099552.48
52111528000131;2026-03-13;80291730.19
52115449000107;2026-03-13;152557869.59
52116116000194;2026-03-13;59203512.38
52116227000109;2026-03-13;1276856966.70
52127348000148;2026-03-13;4985988201.44
52131312000138;2026-03-13;40822068.79
52133891000158;2026-03-13;510160804.25
52133916000113;2026-03-13;37354516.88
52134078000100;2026-03-13;998354501.25
52134217000198;2026-03-13;13877155.66
52135438000180;2026-03-13;13924005.12
52145647000105;2026-03-13;1471557946.86
52145699000181;2026-03-13;7820364.38
52147283000100;2026-03-13;990573193.00
52147657000180;2026-03-13;169348512.14
52147761000174;2026-03-13;171338285.72
52149179000147;2026-03-13;6510568.74
52150842000123;2026-03-13;151094810.55
52151437000120;2026-03-13;70632541.96
52151456000156;2026-03-13;125963076.43
52151501000172;2026-03-13;100348636.28
52151906000100;2026-03-13;100571858.87
52152426000164;2026-03-13;80247066.33
52152645000143;2026-03-13;38572753.39
52155255000127;2026-03-12;26725518.56
52155328000180;2026-03-13;55295199.45
52155414000193;2026-03-13;152817999.47
52155544000126;2026-03-13;126656602.35
52156349000110;2026-03-13;389266392.36
52156446000103;2026-03-13;1907321006.86
52156522000180;2026-03-13;512089260.85
52162467000131;2026-03-13;185377359.54
52163456000176;2026-03-12;127612466.48
52163627000167;2026-03-12;908354829.17
52163929000135;2026-03-12;45973923.27
52164389000104;2026-03-12;6486493.26
52164582000145;2026-03-12;14818261.69
52164607000100;2026-03-12;99006649.75
52165001000190;2026-03-12;12449499.38
52165501000121;2026-03-12;114616321.00
52166403000109;2026-03-13;60374918.68
52168411000194;2026-03-12;74663542.13
52168563000197;2026-03-12;54494353.23
52171768000121;2026-03-13;5191853779.97
52172122000169;2026-03-13;123683237.07
52172629000112;2026-03-13;163411403.31
52177381000182;2026-03-13;23368136.55
52177883000103;2026-03-12;1130314377.97
52181042000170;2026-03-13;114301730.84
52182057000152;2026-03-13;158924640.47
52187039000163;2026-03-13;789899208.27
52187329000107;2026-03-13;127423949.70
52187755000140;2026-03-13;245561946.82
52187905000116;2026-03-13;49258007.63
52188032000166;2026-03-13;114322467.80
52188126000135;2026-03-13;1163901.32
52188187000100;2026-03-13;1981100074.27
52188289000118;2026-03-13;1956673428.46
52188399000180;2026-03-13;17065538.24
52188496000172;2026-03-13;22361120.38
52188559000190;2026-03-13;5815472.24
52188614000142;2026-03-13;228909243.83
52188692000147;2026-03-13;35533457.15
52188773000147;2026-03-13;808931996.94
52188815000140;2026-03-13;80150571.37
52188878000104;2026-03-13;41678966.75
52188920000189;2026-03-13;41674096.52
52195023000100;2026-03-12;15108474.68
52195916000148;2026-03-13;1707503.67
52195968000114;2026-03-12;19243813.45
52196245000130;2026-03-13;17503475.35
52196724000156;2026-03-12;6469565.31
52196750000184;2026-03-05;1189038118.27
52197094000134;2026-03-13;5967979.83
52197630000100;2026-03-13;23094656.36
52200135000102;2026-03-06;244.62
52201064000154;2026-03-13;12927330.03
52203642000191;2026-03-13;278670418.51
52203654000116;2026-03-13;2712601.17
52203762000199;2026-03-13;51114835.32
52204076000132;2026-03-13;2458412465.54
52204085000123;2026-03-13;4936800.85
52204330000100;2026-03-12;106263183.53
52216010000162;2026-03-13;24808450.45
52216276000105;2026-03-13;149731149.28
52216650000172;2026-03-12;36722444.94
52217086000102;2026-03-13;32939216.61
52217217000151;2026-03-12;254004876.84
52219781000103;2026-03-13;9338627.23
52221407000142;2026-03-13;44426912.51
52223038000127;2026-03-13;60571796.02
52223638000195;2026-03-13;96799573.60
52224360000170;2026-03-13;383775390.55
52224687000142;2026-03-13;81786715.25
52225340000114;2026-03-12;40362153.46
52226189000139;2026-03-13;395558397.76
52234145000150;2026-03-13;84402194.11
52237532000140;2026-03-13;7962630.53
52237908000117;2026-03-13;30708696.14
52239457000157;2026-03-13;4171297182.65
52239793000108;2026-03-13;575959453.21
52241587000124;2026-03-13;105270.54
52242659000158;2026-03-13;125519529.43
52242738000169;2026-03-13;731359818.33
52243259000167;2026-03-13;13667093.79
52243510000193;2026-03-13;695362633.22
52246951000149;2026-03-13;13053677.09
52247208000103;2026-03-13;208155912.16
52248082000191;2026-03-13;2549115.22
52248139000152;2026-03-13;552802093.39
52248677000147;2026-03-13;13057365.18
52248712000128;2026-03-13;7095994.90
52249093000196;2026-03-13;12432410.34
52249155000160;2026-03-12;80382038.41
52249243000161;2026-03-13;30821069.39
52249493000100;2026-03-13;22104738.65
52249657000190;2026-03-13;32362412.08
52249816000157;2026-03-13;38064108.22
52249973000162;2026-03-13;45894930.58
52250182000152;2026-03-13;11945986.87
52255381000153;2026-03-13;97930409.68
52257218000120;2026-03-13;27297642.01
52258756000139;2026-03-13;19690948.90
52258818000102;2026-03-13;850220923.11
52259133000180;2026-03-13;89748362.79
52259352000160;2026-03-13;223133539.95
52259505000179;2026-03-13;379033202.55
52259535000185;2026-03-13;136364060.84
52259960000174;2026-03-13;105304460.77
52265150000120;2026-03-13;15950852.51
52266110000101;2026-03-13;25640291.95
52268310000195;2026-03-13;10341477.77
52268697000180;2026-03-13;18062360.22
52269849000169;2026-03-13;337508533.58
52270281000104;2026-03-13;88503139.21
52270461000188;2026-03-13;12326879.25
52270491000194;2026-03-12;12056449.26
52272425000153;2026-03-13;13250082.65
52272566000176;2026-03-13;43728630.38
52272574000112;2026-03-13;709950187.13
52272665000158;2026-03-13;30234177.34
52272710000174;2026-03-13;2903851.87
52272755000149;2026-03-13;22145641.66
52272792000157;2026-03-13;52275109.49
52272841000151;2026-03-13;17266890.45
52273064000160;2026-03-13;21679511.87
52273340000190;2026-03-13;193301120.92
52273351000170;2026-03-13;9352488.33
52273393000100;2026-03-13;28058758.69
52273410000100;2026-03-13;37183685.75
52276849000196;2026-03-13;39028513.83
52277799000161;2026-03-12;133904413.71
52277943000160;2026-03-13;147866860.00
52278384000102;2026-03-13;15546639.51
52278586000154;2026-03-13;546268865.43
52278990000128;2026-03-13;120339019.12
52279180000196;2026-03-13;14142125.07
52279344000185;2026-03-13;10404554.08
52279451000103;2026-03-13;81974626.99
52279563000164;2026-03-13;346604451.88
52279655000144;2026-03-13;15603963.71
52280036000170;2026-03-13;425305864.67
52280783000108;2026-03-13;548388569.72
52281945000122;2026-03-13;3697295.72
52282978000197;2026-03-13;538881690.92
52285204000110;2026-03-13;126360506.85
52285421000100;2026-03-13;191572619.98
52285501000165;2026-03-13;12114484.16
52285600000147;2026-03-13;29913957.45
52285727000166;2026-03-13;1448181890.26
52285828000137;2026-03-13;44632901.17
52285839000117;2026-03-13;1493794.34
52285852000176;2026-03-13;363288090.05
52286056000158;2026-03-13;0.00
52286231000107;2026-03-13;7051273284.44
52286268000135;2026-03-13;7021928841.47
52286404000197;2026-03-13;15473839.83
52286489000103;2026-03-13;12556840.66
52286601000106;2026-03-13;9238306.26
52286774000124;2026-03-13;2741497.28
52286822000184;2026-03-13;13451237.09
52286940000192;2026-03-13;44318499.34
52287419000170;2026-03-13;6260763.43
52297687000172;2026-03-13;14831631.19
52298374000139;2026-03-13;31024223551.52
52299871000151;2026-03-13;8477253.51
52300307000101;2026-03-13;147509209.98
52300821000147;2026-03-13;35834946.13
52300904000136;2026-03-12;7036474.50
52301436000114;2026-03-12;137085544.35
52303292000135;2026-03-13;98492768.16
52304477000164;2026-03-13;126295079.32
52304643000122;2026-03-13;37572852.44
52305388000132;2026-03-13;37646433.02
52305889000119;2026-03-13;182671244.89
52306384000179;2026-03-13;311788398.39
52306588000100;2026-03-13;13329917.43
52306980000159;2026-03-13;111088548.11
52308850000155;2026-03-13;13722340.04
52308927000197;2026-03-13;3554543.04
52309148000106;2026-03-13;49615856.24
52309282000107;2026-03-13;45822133.29
52309284000104;2026-03-12;34249235.19
52309438000150;2026-03-12;30681759.57
52312715000183;2026-03-11;3797163.37
52314487000180;2026-03-13;57217028.81
52314753000175;2026-03-13;35979731.39
52315211000117;2026-03-13;22527812.09
52315276000162;2026-03-12;13261476.32
52315692000160;2026-03-13;25005468.59
52315713000148;2026-03-12;1652832307.95
52315846000114;2026-03-13;1190222109.85
52316309000199;2026-03-12;196691677.93
52316898000105;2026-03-13;2962503297.75
52317208000132;2026-03-13;40222327.35
52317414000142;2026-03-13;82060874.15
52317938000133;2026-03-12;9182767.95
52319866000163;2026-03-13;13313217.15
52320154000164;2026-03-13;107202301.12
52321112000148;2026-03-13;15447861.63
52321765000127;2026-03-13;388623128.15
52322652000146;2026-03-13;20594031.12
52322683000105;2026-03-13;106814160.15
52324000000140;2026-03-13;26259234.68
52324362000131;2026-03-13;222289175.33
52324414000170;2026-03-13;213546260.40
52324715000101;2026-03-06;0.00
52332185000135;2026-03-06;0.00
52332440000140;2026-03-13;5437060.11
52333139000150;2026-03-13;80522365.02
52334565000109;2026-03-13;6162411.36
52336786000116;2026-03-13;43058659.11
52337734000164;2026-03-13;43049753.86
52338151000158;2026-03-13;311727395.58
52338414000129;2026-03-13;594916392.59
52338898000106;2026-03-13;18835641.69
52342139000117;2026-03-13;62324572.08
52342407000109;2026-03-13;325560557.71
52342478000101;2026-03-13;9111890.89
52342548000113;2026-03-13;216164929.76
52342951000142;2026-03-13;1385710159.69
52348434000180;2026-03-13;1872727364.59
52348569000146;2026-03-13;0.00
52349320000155;2026-03-13;18783905.88
52349581000175;2026-03-13;276372426.88
52349738000162;2026-03-13;20394118.31
52349885000132;2026-03-12;61308236.09
52349969000176;2026-03-13;105285049.95
52350054000180;2026-03-13;287572266.54
52350495000182;2026-03-12;33247557.44
52353647000109;2026-03-13;158162371.99
52355943000130;2026-03-13;2211310152.88
52356027000115;2026-03-13;2798469225.39
52366435000158;2026-03-11;9262811.72
52407514000160;2026-03-12;12524009.42
52426294000111;2026-03-13;30480206.24
52434541000121;2026-03-13;82623191.67
52436983000107;2026-03-13;2425784.55
52445161000192;2026-03-13;1014628.61
52449950000100;2026-03-13;26262992.10
52459972000142;2026-03-13;95326469.04
52469290000110;2026-03-13;121188401.93
52479240000114;2026-03-13;61263367.01
52479263000129;2026-03-13;12436559.30
52498400000172;2026-03-11;7766696.34
52517724000100;2026-03-13;16173784.33
52521488000104;2026-03-13;38111405.34
52554434000137;2026-03-13;15677200.58
52557682000131;2026-03-13;50513851.34
52560303000162;2026-03-13;32607779.53
52561118000192;2026-03-13;16413034.63
52561532000100;2026-03-13;36342971.21
52561627000115;2026-03-11;1068853849.17
52561860000106;2026-03-13;17897204.14
52561989000106;2026-03-13;115309294.81
52562020000150;2026-03-13;27713639.98
52562077000159;2026-03-13;61542916.97
52562211000111;2026-03-13;61589507.49
52562281000170;2026-03-13;87167649.58
52562412000119;2026-03-13;289489595.43
52562505000143;2026-03-13;11328210.58
52562536000102;2026-03-13;123301498.24
52562579000180;2026-03-13;1070878898.52
52566489000167;2026-03-10;372749854.40
52566560000101;2026-03-13;257251598.90
52566615000183;2026-03-13;11457035.81
52578153000114;2026-03-13;57041296.01
52580782000189;2026-03-13;2013079629.92
52595650000120;2026-03-13;15319332.09
52595743000155;2026-03-13;15319938.03
52595902000111;2026-03-13;327946313.07
52596035000139;2026-03-13;264857424.28
52596720000165;2026-03-13;301110424.08
52596770000142;2026-03-13;59676222.42
52596815000189;2026-03-13;825144837.02
52596899000150;2026-03-13;20078229.03
52596959000135;2026-03-13;95017644.52
52597526000102;2026-03-13;15319226.88
52642480000198;2026-03-13;285489614.02
52648544000168;2026-03-12;1974686.83
52652331000100;2026-03-13;91104078.12
52652358000100;2026-03-13;46720146.19
52659374000117;2026-03-13;1888318.73
52660212000107;2026-03-13;10460797.17
52660513000122;2026-03-13;668937.34
52668898000174;2026-03-13;10615319.35
52680601000196;2026-03-12;30015289.63
52680646000160;2026-03-12;9247358.00
52680974000167;2026-03-13;19023789.44
52685262000130;2026-03-04;55882955.06
52687055000115;2026-03-12;27947846.87
52694097000183;2026-03-13;12749068.19
52694377000191;2026-03-13;451171283.82
52698522000102;2026-03-13;35528627.59
52699284000150;2026-03-13;8434728.03
52699397000155;2026-03-13;23936485.43
52699555000177;2026-03-13;2985524645.12
52700742000123;2026-03-13;3121047983.29
52701369000125;2026-03-13;34062574.92
52701859000121;2026-03-13;8448656.52
52702031000198;2026-03-13;12525512.15
52723241000162;2026-03-13;96948.39
52736074000194;2026-03-12;4029715.03
52740650000177;2026-03-13;25942574.57
52740892000160;2026-03-13;1436440.83
52756858000184;2026-03-13;11666918831.49
52770900000111;2026-03-13;181200482.13
52771267000186;2026-03-13;73736834.79
52791573000184;2026-03-13;1673405279.26
52792067000100;2026-03-13;1241284438.42
52792894000101;2026-03-13;286632396.85
52793236000126;2026-03-13;80072076.46
52797717000100;2026-03-13;76648643.05
52797894000196;2026-03-13;78563981.19
52798293000106;2026-03-13;6588981.67
52798426000136;2026-03-13;14144039.44
52800451000107;2026-03-13;23550589.72
52805381000180;2026-03-12;150847441.71
52805557000101;2026-03-13;48686736.35
52805695000182;2026-03-13;29233017.30
52810847000135;2026-03-13;23056375.46
52817512000149;2026-03-13;356140886.62
52818575000110;2026-03-13;267081213.50
52823832000101;2026-03-13;16051580.93
52824413000194;2026-03-13;11936295.07
52824664000179;2026-03-13;7174245.36
52826610000142;2026-03-13;6165773.12
52827543000180;2026-03-13;3825824.93
52827712000182;2026-03-13;87001235.10
52831706000107;2026-03-13;26243381.24
52832520000164;2026-03-13;39374630.01
52833922000183;2026-03-13;40910881.24
52834346000199;2026-03-13;34103150.59
52836208000149;2026-03-13;162417406.12
52837350000100;2026-03-13;560498393.09
52837618000104;2026-03-11;288200759.93
52839299000176;2026-03-13;32569341.53
52839334000157;2026-03-13;19178943.90
52839839000111;2026-03-13;59635995.32
52840017000150;2026-03-13;286191377.39
52840043000189;2026-03-13;130234149.69
52840769000111;2026-03-13;191408144.07
52841001000162;2026-03-13;1163663189.60
52841585000176;2026-03-13;9838750.81
52841864000130;2026-03-13;1669629929.98
52842009000143;2026-03-13;18224777.76
52842303000155;2026-03-13;219367504.57
52842608000167;2026-03-13;50948711.87
52849032000160;2026-03-13;189817817.03
52852528000192;2026-03-13;4830132.32
52852869000168;2026-03-13;17089788.41
52854925000101;2026-03-13;47120849.41
52856281000182;2026-03-11;154955955.71
52856535000162;2026-03-13;32085079.56
52857056000160;2026-03-13;37043775.09
52857062000118;2026-03-13;23651243.83
52857131000193;2026-03-13;36123946.80
52869693000157;2026-03-13;107884910.94
52874571000159;2026-03-13;219651736.29
52875240000133;2026-03-13;44237031.96
52875912000100;2026-03-13;192706204.11
52877035000107;2026-03-13;110089415.33
52877623000140;2026-03-13;46460216.95
52877936000107;2026-03-13;11390281.04
52878009000101;2026-03-13;296028098.93
52879059000103;2026-03-13;46946151.91
52882840000129;2026-03-13;29426153.35
52885986000128;2026-03-13;108982410.34
52886424000107;2026-03-13;7106782.90
52887331000199;2026-03-13;12473532.20
52890256000115;2026-03-13;11281968.95
52890602000165;2026-03-13;508941396.41
52891353000122;2026-03-13;20357015.37
52891666000180;2026-03-13;63572593.67
52891840000195;2026-03-12;23471543.41
52892279000169;2026-03-13;613428756.41
52892404000130;2026-03-13;204133624.28
52892505000101;2026-03-13;115258265.86
52892750000119;2026-03-13;10234011.09
52900509000194;2026-03-13;59952962.03
52901043000141;2026-03-12;638691060.20
52901294000126;2026-03-13;10230479.90
52901554000163;2026-03-13;633871541.37
52901864000188;2026-03-13;6123998.27
52903364000185;2026-03-13;2535428.95
52908981000173;2026-03-13;9776427.62
52909503000188;2026-03-13;23822952.04
52909821000149;2026-03-13;302465468.82
52910190000188;2026-03-13;19291702.48
52910681000129;2026-03-13;23653760.66
52915104000120;2026-03-12;369835065.73
52915520000128;2026-03-13;62239528.44
52917067000199;2026-03-13;5778313.30
52917159000179;2026-03-13;3669085.96
52918426000122;2026-03-13;177469681.82
52919434000193;2026-03-13;26246325.34
52920722000168;2026-03-13;28734962.28
52921843000124;2026-03-13;65743807.96
52922387000137;2026-03-13;37701420.14
52922777000107;2026-03-13;3669100.72
52923120000164;2026-03-13;158020497.18
52923285000136;2026-03-13;8701285.63
52923956000169;2026-03-13;18920616.40
52924585000130;2026-03-13;4445634.40
52925207000170;2026-03-13;152091816.71
52937020000197;2026-03-13;42242995.19
52938714000149;2026-03-13;51373871.60
52945602000115;2026-03-13;30296542.78
52948293000137;2026-03-13;248563145.96
52950174000119;2026-03-13;30469067.07
52953507000163;2026-03-13;1088757325.68
52954432000135;2026-03-13;14239618.91
52954901000116;2026-03-13;1134332.43
52955046000168;2026-03-13;8257114.23
52955280000195;2026-03-13;67811977.95
52955321000143;2026-03-13;754560734.13
52955482000137;2026-03-13;163689893.19
52955528000118;2026-03-13;180892975.41
52961161000145;2026-03-13;306907926.62
52962489000186;2026-03-13;57615321.11
52962622000102;2026-03-13;34382603.01
52962653000155;2026-03-13;162443543.08
52962690000163;2026-03-13;71408872.04
52962767000103;2026-03-13;23525557.84
52962863000143;2026-03-13;90981090.58
52962919000160;2026-03-13;67091365.74
52963364000170;2026-03-13;219516328.50
52963385000196;2026-03-10;585999817.27
52963452000172;2026-03-11;85333455.39
52963512000157;2026-03-13;55033359.52
52963564000123;2026-03-13;28315481.13
52963594000130;2026-03-13;35530985.18
52963794000192;2026-03-13;30001009.95
52966476000185;2026-03-11;55910272.55
52968244000166;2026-03-13;26074990.58
52969671000169;2026-03-13;1089798164.00
52969708000159;2026-03-13;180792717.06
52978073000156;2026-03-12;142147696.01
52980472000151;2026-03-12;4978441.26
52980608000123;2026-03-13;61194428.34
52980999000186;2026-03-12;10295455.25
52982533000110;2026-03-13;23797664.57
52982641000192;2026-03-12;532609634.57
52982700000122;2026-03-13;56637130.98
52984264000120;2026-03-13;454485928.80
52984484000154;2026-03-13;17083419.35
52984486000143;2026-03-13;26490783.65
52984589000103;2026-03-12;24547094.00
52984620000106;2026-03-13;22962037.02
52984626000183;2026-03-13;166091052.16
52984692000153;2026-03-13;87163238.42
52984696000131;2026-03-13;32253488.66
52984741000158;2026-03-13;31740062.45
52984744000191;2026-03-13;127549688.17
52984767000104;2026-03-13;48941686.80
52984855000106;2026-03-10;217878639.55
52984941000100;2026-03-13;13736757.21
52985141000104;2026-03-13;974565039.04
52985327000163;2026-03-13;531103409.21
52985351000100;2026-03-11;77042216.73
52986042000147;2026-03-13;302170927.39
52986103000176;2026-03-12;6928543.43
52986107000154;2026-03-12;53018011.30
52986136000116;2026-03-13;35736949.11
52986170000190;2026-03-06;561862080.64
52986251000190;2026-03-13;350191420.14
52986302000184;2026-03-13;378724329.47
52995360000174;2026-03-13;82558604.04
52997672000117;2026-03-13;48178248.51
52997858000176;2026-03-13;82514103.98
52998678000109;2026-03-13;13995256.06
52998791000194;2026-03-13;135849225.10
52998873000139;2026-03-13;376601460.08
52999105000108;2026-03-13;55349835.69
53012577000180;2026-03-13;60302474.23
53012742000101;2026-03-12;14770699.78
53014515000107;2026-03-13;15356988.96
53018763000126;2026-03-13;49296312.06
53018805000129;2026-03-13;47572792.48
53019258000104;2026-03-13;44903046.47
53019767000129;2026-03-13;9244480.15
53019833000160;2026-03-13;9226470.84
53020075000109;2026-03-13;25958953.11
53020264000173;2026-03-13;32500435.81
53025641000167;2026-03-13;89845089.80
53025971000152;2026-03-13;77467114.10
53026176000189;2026-03-13;19888306.42
53026250000167;2026-03-13;18098020.78
53027480000140;2026-03-12;126358294.43
53028299000159;2026-03-12;47250165.65
53033548000102;2026-03-13;18663295.15
53034321000173;2026-03-12;132543902.35
53034590000130;2026-03-13;7396346.15
53035878000129;2026-03-13;33133532.93
53036046000127;2026-03-13;64313939.26
53073017000135;2026-03-13;341637338.35
53073230000147;2026-03-13;19637262.31
53073776000106;2026-03-13;14358758.18
53074013000171;2026-03-13;61007010.80
53074033000142;2026-03-13;25455433.43
53074193000191;2026-03-13;303112459.37
53074476000133;2026-03-13;93720688.71
53074532000130;2026-03-13;1670600933.82
53074601000105;2026-03-13;119668539.04
53074714000100;2026-03-13;838510016.27
53074788000147;2026-03-13;3224357.43
53075184000115;2026-03-13;17469964.92
53075427000115;2026-03-13;21549546.48
53075712000136;2026-03-13;314726121.95
53076668000189;2026-03-13;37808709.42
53076671000100;2026-03-12;24064213.40
53076690000129;2026-03-13;22052383.72
53076735000165;2026-03-13;2995291.48
53076781000164;2026-03-13;125838115.60
53076869000186;2026-03-13;3100393.14
53076975000160;2026-03-13;364989891.00
53077029000138;2026-03-12;5303253.30
53077066000146;2026-03-13;470402371.18
53077291000182;2026-03-12;8095066.54
53077573000180;2026-03-12;211669684.23
53077659000102;2026-03-10;0.00
53077748000159;2026-03-12;35325303.62
53077797000191;2026-03-13;506831581.23
53078599000142;2026-03-13;1069642266.04
53078639000156;2026-03-13;164007896.50
53078660000151;2026-03-13;161109076.41
53078680000122;2026-03-13;110203985.37
53078711000145;2026-03-13;63349569.04
53087630000101;2026-03-12;33910851.43
53087958000128;2026-03-13;120497160.92
53088893000135;2026-03-13;120621005.15
53089062000188;2026-03-13;31980048.02
53089416000194;2026-03-13;118042817.94
53089612000169;2026-03-12;2491671.72
53090005000119;2026-03-12;21549948.80
53090038000169;2026-03-13;145747.96
53090334000160;2026-03-13;60750357.18
53090914000157;2026-03-13;1131381.83
53091541000139;2026-03-13;2199844.75
53093085000166;2026-03-13;22072054.49
53095152000181;2026-03-09;352800102.33
53095356000112;2026-03-13;20170294.90
53095590000140;2026-03-13;17953111.91
53096021000119;2026-03-13;12741320.74
53096329000164;2026-03-13;39394015.53
53096365000128;2026-03-13;23105800.32
53096373000174;2026-03-13;16908219.55
53096374000119;2026-03-13;250184301.96
53096388000132;2026-03-12;78628672.11
53096625000165;2026-03-16;462994489.16
53096668000140;2026-03-13;37331182.49
53100651000110;2026-03-13;58250382.89
53101087000150;2026-03-13;59052748.40
53108204000107;2026-03-13;146253664.83
53109560000145;2026-03-13;31278082.67
53109614000172;2026-03-13;21749375.58
53109663000105;2026-03-12;15350272.33
53109857000100;2026-03-13;32362877.14
53109923000142;2026-03-13;138702238.15
53109937000166;2026-03-13;37906170.91
53110186000106;2026-03-13;215248164.43
53110230000170;2026-03-13;152475592.64
53110507000164;2026-03-13;96938391.93
53113637000150;2026-03-13;58992355.49
53115175000100;2026-03-13;14219487.32
53115312000107;2026-03-13;4047011.76
53116234000165;2026-03-13;349019723.98
53116379000166;2026-03-13;101610343.93
53116858000182;2026-03-13;18972250.25
53117447000101;2026-03-02;80499139.02
53117757000126;2026-03-13;15353174.51
53120281000182;2026-03-05;17337107.82
53123068000124;2026-03-12;42662794.78
53123180000165;2026-03-13;1394080164.27
53124116000107;2026-03-13;7169910.15
53124207000134;2026-03-13;74419814.84
53124289000117;2026-03-13;113757057.68
53124470000123;2026-03-13;0.00
53124607000140;2026-03-13;82408910.22
53134881000108;2026-03-13;41967567.63
53135903000146;2026-03-13;65091121.87
53137297000106;2026-03-12;43546573.34
53137860000138;2026-03-13;12601585.40
53137934000136;2026-03-13;51727765.79
53142284000117;2026-03-13;17235873.91
53142344000100;2026-03-13;3850944.37
53142614000174;2026-03-12;14307950.95
53145202000198;2026-03-13;55995033.39
53146714000179;2026-03-13;31728802.06
53146929000190;2026-03-13;320911408.51
53147029000167;2026-03-13;4901825.41
53148288000102;2026-03-13;107038186.58
53148369000102;2026-03-13;30291020.77
53148499000145;2026-03-13;16083732.60
53154459000106;2026-03-12;110368518.29
53156223000109;2026-03-13;9875337.76
53156560000104;2026-03-13;41718679.86
53156698000103;2026-03-13;48026099.94
53156851000194;2026-03-13;149347822.95
53156987000102;2026-03-13;30853993.08
53158718000177;2026-03-12;223444484.62
53162920000172;2026-03-13;38821099.12
53163164000104;2026-03-13;133741062.68
53163434000179;2026-03-13;38952996.06
53163891000163;2026-03-13;93698708.75
53166894000150;2026-03-13;54091310.31
53166924000129;2026-03-13;77538191.37
53166938000142;2026-03-13;1139365.83
53167000000147;2026-03-12;20337141.66
53167071000140;2026-03-06;0.00
53167137000100;2026-03-13;46909979.65
53167181000101;2026-03-13;237122835.05
53167275000180;2026-03-06;0.00
53167347000190;2026-03-13;10935920.12
53170507000150;2026-03-13;26886021.01
53177632000191;2026-03-13;24713881.75
53177866000139;2026-03-13;89689420.77
53178930000104;2026-03-12;30991575.45
53179441000169;2026-03-12;629604999.15
53179684000105;2026-03-13;23222532.63
53179975000195;2026-03-13;19753469.49
53180043000162;2026-03-13;22348430.86
53180116000116;2026-03-13;15844622.67
53180393000129;2026-03-13;25627224.54
53180426000130;2026-03-13;178750564.67
53180529000109;2026-03-13;95421720.07
53180560000131;2026-03-13;104233653.44
53180582000100;2026-03-13;50669156.87
53180620000116;2026-03-13;1684821.18
53180706000149;2026-03-13;26193610.52
53180845000172;2026-03-13;23786426.47
53180901000179;2026-03-12;62373015.82
53181026000140;2026-03-12;71930028.61
53184378000159;2026-03-13;114354548.91
53184860000199;2026-03-13;1232819768.62
53185028000107;2026-03-13;5873350.81
53185204000100;2026-03-13;52200769.02
53188052000108;2026-03-13;97793646.72
53190611000106;2026-03-13;269868531.98
53190637000154;2026-03-13;241302028.23
53191152000185;2026-03-13;8391408.16
53191166000107;2026-03-13;6836257.21
53191371000164;2026-03-13;258577448.83
53191473000180;2026-03-13;2833927574.07
53191612000175;2026-03-13;487807652.77
53191702000166;2026-03-13;11082323.35
53192293000112;2026-03-13;12673647.91
53192577000109;2026-03-13;258152034.97
53192888000178;2026-03-13;20062318.36
53193190000177;2026-03-13;104888011.31
53193915000127;2026-03-13;16618685.07
53196974000159;2026-03-13;1069586.10
53199292000108;2026-03-13;6685856.01
53201101000197;2026-03-13;14160002.34
53201459000110;2026-03-13;8031409.48
53202110000100;2026-03-13;68729327.52
53202536000156;2026-03-12;15974980.75
53202724000184;2026-03-13;20838988.14
53202910000113;2026-03-11;517114029.83
53203274000144;2026-03-13;42121247.81
53203481000107;2026-03-11;504592730.42
53203516000108;2026-03-12;129002405.80
53203622000183;2026-03-13;6609532.95
53203886000137;2026-03-13;41542464.62
53205006000161;2026-03-12;200236341.79
53206153000156;2026-03-13;134959117.03
53206692000195;2026-03-13;78032066.88
53206759000191;2026-03-13;67586047.74
53206798000199;2026-03-12;72277221.26
53206814000143;2026-03-13;4671397.12
53211471000105;2026-03-13;24640419.89
53212784000188;2026-03-13;83225759.61
53213552000144;2026-03-13;69339884.44
53213604000182;2026-03-13;109596874.04
53214792000163;2026-03-13;27552789.75
53215594000114;2026-03-13;53440061.16
53215783000197;2026-03-13;-3326.29
53215798000155;2026-03-13;123601110.27
53215937000140;2026-03-13;102085305.11
53215975000101;2026-03-13;189199492.38
53216655000168;2026-03-13;25763871.17
53216680000141;2026-03-13;15975676.23
53220129000171;2026-03-13;23957138.79
53220140000131;2026-03-13;142804808.66
53245299000100;2026-03-13;33654202.48
53245893000100;2026-03-12;290187294.00
53246272000132;2026-03-13;35638793.62
53248945000193;2026-03-13;50448136.48
53250386000156;2026-03-13;89614041.04
53250778000115;2026-03-12;3919339.58
53251337000138;2026-03-13;15314873.34
53252009000156;2026-03-13;8330777.19
53252189000176;2026-03-13;53479713.66
53257987000190;2026-03-13;171762732.44
53258081000190;2026-03-13;32764235.62
53262567000100;2026-03-13;65173831.89
53262878000161;2026-03-13;23058057.30
53262881000185;2026-03-13;29363908.57
53263667000143;2026-03-13;118732251.12
53263708000100;2026-03-13;1226805.19
53264225000111;2026-03-13;57982358.76
53264611000103;2026-03-12;24520472.06
53269417000110;2026-03-13;28740249.09
53269794000150;2026-03-13;279250417.31
53270406000150;2026-03-13;7033640.91
53271809000114;2026-03-12;7066943.32
53272437000140;2026-03-13;19683858.03
53273391000184;2026-03-13;134668061.31
53273544000193;2026-03-13;9809908.51
53274225000100;2026-03-13;136954174.05
53274889000161;2026-03-13;139223405.49
53275192000105;2026-03-12;432589477.33
53275979000177;2026-03-12;44997652.18
53276084000157;2026-03-13;12960994.40
53276352000130;2026-03-12;581007901.41
53276421000106;2026-03-12;58216946.51
53283632000176;2026-03-13;5738167.71
53285833000102;2026-03-13;298151280.86
53286627000117;2026-03-12;24006571.21
53286844000107;2026-03-13;12132219.59
53286924000162;2026-03-12;54128902.85
53287137000135;2026-03-12;20243905.51
53290793000197;2026-03-13;106266651.63
53291467000102;2026-03-13;196991365.74
53292291000103;2026-03-12;49482225.21
53292632000132;2026-03-12;513157844.19
53293548000133;2026-03-13;373370203.10
53293875000195;2026-03-13;1883702782.83
53294108000109;2026-03-13;27927513.68
53294214000184;2026-03-13;23211134.83
53294226000109;2026-03-13;59713543.52
53294516000152;2026-03-13;2050262025.38
53294847000192;2026-03-13;14178831.85
53301954000109;2026-03-13;424085661.11
53304038000114;2026-03-13;24670987.64
53304525000187;2026-03-13;24677644.08
53304657000109;2026-03-13;25816576.91
53305155000100;2026-03-13;20561082.45
53306076000106;2026-03-13;13679242.91
53306332000165;2026-03-13;216904420.09
53306341000156;2026-03-13;938353.38
53307209000169;2026-03-13;46177826.12
53307234000142;2026-03-13;77434971.46
53310350000110;2026-03-13;137655421.62
53310961000169;2026-03-12;153507172.08
53312287000151;2026-03-13;34959529.46
53312602000140;2026-03-13;97043106.71
53312696000158;2026-03-13;73078889.11
53312814000128;2026-03-13;23188090.91
53312858000158;2026-03-13;55120117.81
53313123000149;2026-03-13;616835523.56
53313437000141;2026-03-13;28828483.92
53315260000112;2026-03-12;30459786.95
53315287000105;2026-03-12;0.00
53315338000107;2026-03-13;537106900.85
53315348000134;2026-03-13;808843482.38
53315389000120;2026-03-13;197013674.80
53316316000153;2026-03-13;245573968.45
53316387000156;2026-03-13;174912733.59
53316431000128;2026-03-13;154114056.72
53316454000132;2026-03-13;100796355.32
53316565000149;2026-03-13;699659138.18
53316577000173;2026-03-13;79793606.37
53316624000189;2026-03-13;225095879.55
53318048000109;2026-03-13;434999442.47
53318953000169;2026-03-13;1862903045.57
53319424000180;2026-03-13;1892505.18
53320884000128;2026-03-13;217182449.90
53321722000104;2026-03-13;25728085.68
53322272000174;2026-03-13;433593458.91
53322281000165;2026-03-13;497840147.21
53322344000183;2026-03-13;795928042.03
53322502000103;2026-03-13;1300388359.60
53323398000163;2026-03-12;72181526.32
53324036000197;2026-03-13;24637919.45
53327343000121;2026-03-13;41968762.71
53328378000185;2026-03-13;154358610.95
53341141000134;2026-03-13;8902386.12
53343627000101;2026-03-12;114762099.78
53345340000110;2026-03-13;12982257.15
53345452000171;2026-03-13;22318845.23
53355895000143;2026-03-12;48214339.18
53359596000187;2026-03-13;494135641.96
53359716000146;2026-03-13;609537257.15
53360213000190;2026-03-12;118406609.52
53371769000182;2026-03-13;109984401.00
53372030000195;2026-03-13;80647549.22
53372590000140;2026-03-13;25177909.01
53386204000179;2026-03-12;24673168.56
53390292000182;2026-03-13;0.00
53390524000100;2026-03-13;28976095.37
53390661000137;2026-03-13;10035549.28
53390835000161;2026-03-13;54076631.52
53390881000160;2026-03-13;4463874.50
53410443000117;2026-03-13;16649740.62
53413051000101;2026-03-13;22306663.75
53414560000159;2026-03-13;170164626.15
53415070000177;2026-03-13;20271752.04
53415140000197;2026-03-13;13447009.64
53415266000161;2026-03-13;2932076.00
53416016000146;2026-03-13;2688416.56
53422599000118;2026-03-13;51053063.83
53425122000196;2026-03-13;25029786.20
53427354000183;2026-03-13;351912886.01
53429048000186;2026-03-13;43949472.39
53432988000124;2026-03-13;1249701396.76
53440322000118;2026-03-12;132408127.08
53444176000107;2026-03-13;360557432.68
53444192000191;2026-03-13;350222876.12
53448154000107;2026-03-13;22085900.06
53449043000115;2026-03-13;11488257765.44
53450033000108;2026-03-12;132462572.71
53452110000150;2026-03-13;196573400.26
53452203000185;2026-03-13;22749293.63
53452346000197;2026-03-13;6477851.33
53452509000131;2026-03-13;5803994.68
53452656000101;2026-03-13;2821777.13
53458795000142;2026-03-13;149795287.70
53462579000170;2026-03-12;1166765513.52
53464565000196;2026-03-13;7111758469.99
53464568000120;2026-03-13;72865827.63
53464713000172;2026-03-12;109952018.63
53464935000195;2026-03-13;51514678.76
53465390000131;2026-03-12;7375985.26
53472188000137;2026-03-12;26596138.52
53474080000183;2026-03-13;1859600.72
53475103000174;2026-03-13;4056502.80
53480514000158;2026-03-13;3089857.31
53481207000191;2026-03-13;143410819.55
53482542000104;2026-03-13;330634505.76
53497497000161;2026-03-13;616549038.27
53501739000143;2026-03-13;56198264.49
53501945000153;2026-03-13;26939500.43
53502025000150;2026-03-13;49942469.09
53502091000120;2026-03-13;78623287.67
53503230000130;2026-03-13;23100720.73
53503837000110;2026-03-13;2038006.26
53506435000179;2026-03-12;358211707.64
53506962000183;2026-03-12;134343108.91
53507698000100;2026-03-13;37790054.13
53507965000131;2026-03-13;553072605.13
53508773000140;2026-03-13;7516157.61
53509435000122;2026-03-13;9118673.13
53514722000120;2026-03-12;20514992.21
53520749000126;2026-03-13;13429856.43
53523547000138;2026-03-12;25532437.41
53524506000166;2026-03-13;11088812.37
53524573000180;2026-03-13;24624535.03
53524734000136;2026-03-13;36877338.51
53524946000113;2026-03-13;76230806.17
53530086000120;2026-03-13;4283529.53
53531823000100;2026-03-12;67115289.98
53537566000113;2026-03-13;154201239.52
53539348000118;2026-03-12;62835557.48
53544038000191;2026-03-13;12039388.95
53552239000130;2026-03-13;9479014.20
53552316000152;2026-03-13;21785491.50
53552999000148;2026-03-13;5402938.61
53553068000164;2026-03-13;145074828.75
53553233000188;2026-03-13;449600472.22
53556099000179;2026-03-12;1055282942.58
53558163000150;2026-03-13;40723544.68
53561905000105;2026-03-13;1414330727.68
53575842000138;2026-03-13;13035296.45
53577957000161;2026-03-13;630613294.69
53578007000151;2026-03-13;0.00
53578150000143;2026-03-13;6669091.76
53599246000198;2026-03-13;21573167.40
53600131000176;2026-03-13;79946723.82
53600329000150;2026-03-13;77332575.89
53602540000101;2026-03-12;73548260.72
53604200000110;2026-03-13;29487764.08
53605342000100;2026-03-13;128877480.96
53616327000159;2026-03-13;213522189.57
53618093000189;2026-03-13;15859293.45
53619951000100;2026-03-13;867004550.67
53623218000169;2026-03-13;24911847.06
53623608000139;2026-03-13;95066862.32
53625021000169;2026-03-13;31972838.78
53625255000106;2026-03-13;9422784.99
53633288000106;2026-03-13;8909031.80
53633558000170;2026-03-13;38556733.77
53634357000198;2026-03-13;5896296.62
53634548000150;2026-03-12;37614073.47
53635550000143;2026-03-12;169355721.18
53636931000147;2026-03-13;213593799.06
53643571000100;2026-03-13;345794906.40
53643724000110;2026-03-13;64823215.42
53643941000100;2026-03-13;256478917.06
53644037000119;2026-03-13;179147539.58
53644172000164;2026-03-13;1447837825.27
53653582000171;2026-03-13;123906248.91
53655857000106;2026-03-13;22840578.69
53656148000145;2026-03-13;24207164.10
53657535000104;2026-03-13;770849905.30
53660217000194;2026-03-13;43541684.32
53667229000140;2026-03-13;791457298.30
53670651000155;2026-03-13;32388309.88
53670932000108;2026-03-13;39027516.97
53671189000100;2026-03-13;906060765.90
53675501000134;2026-03-13;11022573.63
53675759000130;2026-03-13;22738165.24
53677864000109;2026-03-13;8661566.68
53677926000182;2026-03-13;8666499.43
53678015000170;2026-03-13;127443281.17
53692445000146;2026-03-13;46988219.27
53692814000109;2026-03-13;137473316.89
53692914000127;2026-03-13;51744072.07
53692983000130;2026-03-13;47186572.60
53693055000190;2026-03-13;17806635.56
53693161000174;2026-03-13;20252060.07
53693299000173;2026-03-13;158701353.66
53702193000199;2026-03-13;219078179.54
53703334000198;2026-03-13;72206506.51
53703737000137;2026-03-13;55054608.73
53704225000195;2026-03-13;48767699.79
53704463000109;2026-03-13;28412553.08
53726108000122;2026-03-13;15200093.99
53732065000198;2026-03-13;68495986.08
53738716000157;2026-03-13;6283440.68
53739077000144;2026-03-13;34179491.48
53740110000156;2026-03-13;2213196.78
53741028000146;2026-03-13;89822155.00
53741342000129;2026-03-13;294691884.19
53741950000133;2026-03-13;53527713.94
53742108000116;2026-03-13;57045772.88
53743875000140;2026-03-12;19062004.18
53744455000188;2026-03-13;10931486.97
53753131000106;2026-03-13;241159777.11
53759902000172;2026-03-13;71151889.26
53760057000155;2026-03-12;578134726.48
53760107000102;2026-03-12;409339464.65
53762770000138;2026-03-12;151008520.41
53762970000190;2026-03-13;89061673.02
53766005000196;2026-03-13;247999079.23
53775592000180;2026-03-13;72125934.90
53775856000103;2026-03-13;81093438.91
53776090000173;2026-03-13;245522012.70
53776163000127;2026-03-13;31638194.26
53776228000134;2026-03-13;249328787.07
53776286000168;2026-03-13;88210877.56
53776339000140;2026-03-13;169182239.99
53776486000110;2026-03-13;24426979.60
53776531000137;2026-03-13;60023347.26
53776595000138;2026-03-13;33836019.67
53776649000165;2026-03-10;43934859.66
53778664000142;2026-03-13;123329970.15
53782478000187;2026-03-13;120752191.39
53795994000146;2026-03-13;168148634.65
53798624000162;2026-03-12;172054295.69
53798822000126;2026-03-13;7736749.04
53798986000153;2026-03-13;134013897.51
53799009000170;2026-03-13;243728254.48
53802999000159;2026-03-13;2750507778.60
53803181000150;2026-03-13;4818531.39
53803266000139;2026-03-13;4846618.58
53803455000101;2026-03-13;223159535.21
53803655000164;2026-03-13;21854511.69
53814958000182;2026-03-13;66154181.94
53818326000197;2026-03-12;106545172.63
53819383000190;2026-03-13;26405111.63
53819577000196;2026-03-13;20259596.85
53822871000157;2026-03-11;267319192.51
53823295000162;2026-03-11;267278799.05
53826252000130;2026-03-13;15100127.49
53826253000185;2026-03-12;114142720.08
53827154000118;2026-03-13;89908937.45
53827182000135;2026-03-13;6258144.53
53827700000110;2026-03-13;19628147.78
53827732000116;2026-03-13;7677355.96
53827785000137;2026-03-13;12198950.48
53827810000182;2026-03-13;23653764.13
53827819000193;2026-03-13;82092417.07
53827910000109;2026-03-13;45426276.73
53828015000109;2026-03-13;4261904985.34
53828119000113;2026-03-13;7985971.63
53828131000128;2026-03-13;7747972374.03
53828155000187;2026-03-13;19272773.64
53828243000189;2026-03-13;3925166562.06
53828269000127;2026-03-13;3712873.57
53828295000155;2026-03-13;2797553707.39
53828338000100;2026-03-13;101061101.64
53828427000149;2026-03-13;65670389.45
53828511000162;2026-03-13;3241388031.04
53829213000197;2026-03-13;17252094.83
53829927000103;2026-03-13;5460393.32
53836370000120;2026-03-13;2328423728.56
53837317000143;2026-03-13;50278618.80
53838692000108;2026-03-13;3501044.29
53842646000182;2026-03-12;62749116.12
53843200000172;2026-03-13;23777179.10
53845630000123;2026-03-13;22646191.12
53847333000117;2026-03-13;298636947.13
53847503000163;2026-03-13;27553512.30
53847637000184;2026-03-13;36317328.52
53847813000188;2026-03-13;12877847.05
53847903000179;2026-03-13;109364490.36
53848587000150;2026-03-13;803835.72
53856982000184;2026-03-13;865157686.91
53857092000197;2026-03-12;41704361.17
53857130000101;2026-03-13;49062111.23
53857273000113;2026-03-13;27174536.14
53858396000179;2026-03-12;33417304.67
53858453000110;2026-03-13;321161450.75
53860271000183;2026-03-13;172283188.62
53861634000103;2026-03-11;27781454.27
53865931000119;2026-03-13;32013340.73
53866598000162;2026-03-13;4913197.42
53870582000123;2026-03-13;140889412.95
53872754000106;2026-03-12;227500401.91
53872937000113;2026-03-13;53328008.68
53873687000136;2026-03-13;80219911.93
53877256000148;2026-03-13;19272060.72
53877518000174;2026-03-13;8070277.27
53878348000142;2026-03-13;17114652.65
53879901000161;2026-03-13;7850564.78
53880483000122;2026-03-13;116091861.36
53880721000108;2026-03-13;5891945.01
53881158000184;2026-03-13;276622035.88
53881429000100;2026-03-13;4816074.70
53881500000146;2026-03-13;2006666.52
53901897000190;2026-03-13;8147244.45
53904799000107;2026-03-13;1149491.09
53905242000190;2026-03-12;73780922.40
53906581000191;2026-03-13;37193362.17
53906748000114;2026-03-13;13037082.09
53906981000105;2026-03-13;180483407.32
53908014000174;2026-03-13;419279333.23
53908527000185;2026-03-13;7409393.40
53909049000128;2026-03-13;46122720.04
53916885000130;2026-03-13;5202062.92
53921236000127;2026-03-13;33727845.97
53922164000132;2026-03-13;112174018.08
53922651000103;2026-03-13;1839098034.37
53923144000186;2026-03-13;230164226.34
53925528000138;2026-03-13;3324760.60
53925846000107;2026-03-13;2696900.61
53926217000193;2026-03-13;9321724.14
53926542000156;2026-03-13;39628084.71
53926596000111;2026-03-13;282238284.05
53927477000183;2026-03-13;13481725.00
53935306000104;2026-03-13;2495771.80
53936122000150;2026-03-13;20693134.33
53936458000113;2026-03-13;98567407.55
53941463000114;2026-03-13;821460967.27
53944910000199;2026-03-13;17217971.87
53962215000150;2026-03-13;17987914.98
53962293000154;2026-03-13;19380636.29
53962449000105;2026-03-13;30257013.37
53962771000126;2026-03-13;81490138.86
53965130000125;2026-03-13;1160614013.77
53965405000120;2026-03-13;1161070240.99
53967724000175;2026-03-12;509023679.80
53969799000195;2026-03-13;78336222.56
53969939000125;2026-03-12;464157959.45
53971385000109;2026-03-13;22796371.99
53980424000126;2026-03-13;227889580.14
53980788000106;2026-03-13;67112520.99
53987253000167;2026-03-13;109116169.83
53987879000173;2026-03-13;6039098.17
53988388000147;2026-03-13;59743036.80
53988525000143;2026-03-13;11901581.74
53988898000114;2026-03-12;1553978157.17
53989470000196;2026-03-13;29887945.99
53989910000105;2026-03-13;19438750.67
53989928000107;2026-03-13;34844373.75
53990084000114;2026-03-12;100454070.37
53990350000109;2026-03-13;102578177.20
53990541000170;2026-03-13;362573492.71
53990872000100;2026-03-12;12429588.28
53991040000109;2026-03-13;15218926.42
53991112000118;2026-03-13;7204790.90
53991177000163;2026-03-12;14675189.87
53991194000109;2026-03-13;20198662.13
53991216000122;2026-03-13;169331243.64
53991262000121;2026-03-13;201086099.88
53991346000165;2026-03-13;2780109.62
53991435000101;2026-03-12;395890155.78
53991515000167;2026-03-13;3473936.80
53991547000162;2026-03-13;22652253.79
53991752000128;2026-03-13;28301608.65
54005088000163;2026-03-13;82749600.39
54006013000105;2026-03-13;33866356.98
54006238000153;2026-03-13;3953187211.08
54006950000152;2026-03-13;428652040.05
54007351000153;2026-03-13;44253585.77
54007648000119;2026-03-13;25306176.67
54007899000101;2026-03-13;61651056.55
54008229000100;2026-03-13;1469661.78
54008247000183;2026-03-13;16545343.11
54008556000153;2026-03-13;19681968.25
54008795000103;2026-03-13;73952763.84
54008802000177;2026-03-13;148590096.62
54008987000110;2026-03-13;28432306.96
54010535000172;2026-03-13;8974948.63
54020440000130;2026-03-13;3107054740.85
54020713000146;2026-03-13;7047366917.36
54021672000102;2026-03-13;22985992.45
54022134000132;2026-03-13;765395356.46
54023112000197;2026-03-13;50454227.33
54025238000109;2026-03-13;22411465.89
54026114000130;2026-03-13;162620336.63
54026669000181;2026-03-13;163463300.90
54027967000196;2026-03-12;5141121.70
54029274000132;2026-03-13;56825660.32
54029546000102;2026-03-13;58738883.52
54029997000131;2026-03-13;67660017.94
54030009000174;2026-03-13;22141937.42
54041112000110;2026-03-12;66119991.14
54041912000130;2026-03-13;46736961.32
54044934000154;2026-03-13;52054205.86
54045041000123;2026-03-13;48506425.05
54047035000105;2026-03-12;12411371.78
54047532000103;2026-03-13;15051820.92
54047830000101;2026-03-13;22878511.91
54048344000108;2026-03-13;11010470.05
54048422000166;2026-03-13;54279924.46
54048557000121;2026-03-13;8320042.93
54048589000127;2026-03-13;42524420.45
54062386000195;2026-03-13;34082032.80
54063418000177;2026-03-13;36964365.61
54065159000113;2026-03-13;41569109.95
54065253000172;2026-03-13;6476554.36
54066153000160;2026-03-13;29214212.62
54069422000142;2026-03-13;15567745.79
54070196000110;2026-03-13;72727374.24
54070861000175;2026-03-13;22581632.75
54070966000124;2026-03-11;39575451.63
54070985000150;2026-03-13;45648910.67
54071119000184;2026-03-13;1193299817.59
54072658000138;2026-03-13;104993927.50
54082775000182;2026-03-13;4749099.11
54087357000188;2026-03-13;39000089.60
54088735000148;2026-03-13;15054838.11
54090484000136;2026-03-13;253164114.40
54090919000142;2026-03-13;8606634.01
54092021000103;2026-03-13;21165256.52
54092326000115;2026-03-13;2373088.25
54093404000104;2026-03-12;48875453.05
54094181000191;2026-03-13;22584220.25
54094978000199;2026-03-13;51615510.07
54104510000138;2026-03-13;64821730.34
54104652000103;2026-03-13;5489382.62
54104763000101;2026-03-13;22053337.35
54104952000184;2026-03-13;42307332.97
54105685000160;2026-03-13;35436124.44
54105958000176;2026-03-13;44531884.13
54106156000180;2026-03-13;17015976.30
54106504000110;2026-03-13;35829294.51
54111263000105;2026-03-13;54898646.64
54112627000163;2026-03-12;124891530.22
54114648000118;2026-03-13;13374973.01
54114987000102;2026-03-13;196762657.29
54115006000133;2026-03-13;1646079.06
54115120000163;2026-03-13;312738099.74
54115218000110;2026-03-13;90559478.58
54115354000100;2026-03-13;52148281.58
54115879000146;2026-03-13;147953.65
54116160000120;2026-03-13;6815337.02
54116217000190;2026-03-13;323549252.42
54124933000110;2026-03-13;21506223.98
54125545000153;2026-03-12;73385378.83
54126718000158;2026-03-13;10585723.82
54127053000105;2026-03-13;35687807.16
54128184000107;2026-03-13;30214782.63
54130030000141;2026-03-13;52483481.24
54130296000194;2026-03-13;9620800.33
54130675000184;2026-03-13;29538611.25
54132078000199;2026-03-13;28047904.45
54133777000153;2026-03-13;21624169.88
54142143000167;2026-03-13;98429521.11
54143414000107;2026-03-13;2372027.00
54143634000122;2026-03-13;31864270.30
54149691000119;2026-03-13;26611031.77
54150227000142;2026-03-13;43095133.94
54151845000107;2026-03-13;146679743.37
54152157000161;2026-03-13;63911067.45
54168036000108;2026-03-13;52671942.52
54169385000144;2026-03-13;22551102.97
54170181000123;2026-03-13;25699799.50
54170554000166;2026-03-13;40266769.71
54170673000119;2026-03-13;1434046611.50
54173311000181;2026-03-13;24069783.21
54174048000145;2026-03-13;9668623.73
54174274000126;2026-03-13;6251281.82
54174638000178;2026-03-13;4572637.19
54179046000149;2026-03-13;33973083.18
54181290000146;2026-03-13;7834023.28
54188911000113;2026-03-13;201591326.30
54189401000160;2026-03-13;20541995.34
54195596000151;2026-03-13;171038760.97
54196866000149;2026-03-13;12920386.90
54198302000145;2026-03-13;289951553.07
54198519000155;2026-03-12;112448999.68
54200136000174;2026-03-13;23197586.23
54200140000132;2026-03-13;258422949.14
54200289000111;2026-03-13;16803882.52
54200888000135;2026-03-13;42658613.06
54200961000179;2026-03-13;38910380.12
54208873000113;2026-03-13;149315260.78
54209132000157;2026-03-13;16892992.93
54211353000160;2026-03-13;436571651.74
54212291000100;2026-03-13;78027339.94
54212989000126;2026-03-13;248333955.79
54215352000193;2026-03-13;54186549.20
54216181000117;2026-03-13;329087513.77
54217318000158;2026-03-13;27092410.75
54217470000130;2026-03-13;182703489.46
54218313000140;2026-03-13;965358747.65
54218786000147;2026-03-11;128549765.02
54219303000129;2026-03-13;154142083.51
54219336000179;2026-03-13;132421318.61
54227728000180;2026-03-13;767730188.59
54228000000172;2026-03-12;28594591.45
54229255000150;2026-03-13;37207650.51
54233243000107;2026-03-13;227564835.94
54235352000155;2026-03-13;16433143.60
54235704000172;2026-03-13;136156661.93
54236091000198;2026-03-13;19657157.84
54237051000160;2026-03-13;304331967.26
54246922000102;2026-03-12;10123040.69
54248494000157;2026-03-13;54747482.79
54248765000174;2026-03-13;139865073.61
54251076000119;2026-03-13;13591151.23
54251235000185;2026-03-13;47867305.98
54252160000157;2026-03-13;17956914.17
54252360000100;2026-03-13;235887205.00
54253260000106;2026-03-13;15972598.23
54253330000118;2026-03-13;2933690.54
54254287000105;2026-03-13;148039297.20
54267168000197;2026-03-12;50972880.22
54269927000150;2026-03-12;15727581.63
54270586000133;2026-03-13;28730669.66
54271778000164;2026-03-13;32796464.11
54272086000130;2026-03-12;67876375.85
54274648000185;2026-03-05;0.00
54275274000112;2026-03-12;40040129.89
54277476000101;2026-03-13;35584949.10
54277489000172;2026-03-13;39858659.13
54277615000199;2026-03-13;151692641.70
54277671000123;2026-03-13;173297372.68
54277851000105;2026-03-13;16388247.07
54278040000129;2026-03-13;8880468.51
54278393000129;2026-03-13;469428815.95
54278859000196;2026-03-13;21217015.47
54279158000171;2026-03-13;22270781.69
54279319000127;2026-03-13;49340699.60
54279400000107;2026-03-13;58907848.04
54279549000196;2026-03-13;39122746.44
54286305000130;2026-03-13;14529091.99
54286744000143;2026-03-13;203140826.27
54287295000158;2026-03-12;54592361.36
54292066000121;2026-03-12;29339240.82
54292227000187;2026-03-13;22599128.49
54293388000195;2026-03-13;64741350.74
54303937000165;2026-03-13;79672844.88
54304610000108;2026-03-13;46961512.37
54304929000133;2026-03-13;425772815.33
54305132000150;2026-03-13;97201907.90
54305814000163;2026-03-12;79728082.47
54307395000107;2026-03-13;493264892.97
54307808000145;2026-03-13;509146826.09
54310224000129;2026-03-13;0.00
54311522000133;2026-03-12;755873631.86
54313147000160;2026-03-13;23983093.28
54315487000120;2026-03-13;201337774.38
54321911000140;2026-03-13;151651934.02
54322173000155;2026-03-13;1037789297.73
54324824000146;2026-03-13;23813186.28
54331416000111;2026-03-13;117097419.56
54332024000177;2026-03-13;19500230.19
54332905000198;2026-03-13;127127022.57
54333128000104;2026-03-13;24252041.93
54333407000160;2026-03-13;28436774.04
54333831000104;2026-03-13;1888264642.90
54334025000150;2026-03-12;76792041.85
54334448000170;2026-03-13;102869772.03
54334534000183;2026-03-13;34597593.55
54334726000190;2026-03-13;28247135.41
54334915000162;2026-03-13;263716187.66
54334995000156;2026-03-13;5609456526.36
54341666000132;2026-03-13;117655302.20
54343423000133;2026-03-12;9605665.23
54344616000109;2026-03-13;182736256.36
54345278000120;2026-03-13;182576144.11
54346161000160;2026-03-13;299402002.57
54346596000105;2026-03-13;50212974.59
54346670000193;2026-03-13;2925495.22
54346805000110;2026-03-13;24903923.74
54347632000155;2026-03-13;13539499.25
54347933000189;2026-03-13;37174253.31
54349452000102;2026-03-13;9073028.01
54350048000159;2026-03-13;59683222.20
54350167000101;2026-03-13;63027943.43
54350231000154;2026-03-13;22891623.67
54365722000179;2026-03-13;28221819.45
54366569000102;2026-03-12;137908398.82
54367802000163;2026-03-13;60226293.29
54367942000131;2026-03-13;6024353800.68
54368270000189;2026-03-13;47412603.65
54370725000109;2026-03-13;1284977.17
54371322000176;2026-03-13;174839884.45
54372773000128;2026-03-13;300608061.47
54373935000142;2026-03-13;23138067.77
54374062000192;2026-03-13;20613830.88
54374180000109;2026-03-13;25911013.69
54379670000190;2026-03-13;67478763.63
54381707000114;2026-03-13;41401975.53
54383407000174;2026-03-13;365132935.27
54384289000119;2026-03-13;38328305.58
54384337000179;2026-03-13;76563711.03
54384365000196;2026-03-13;34122738.85
54384400000177;2026-03-12;30271747.98
54384404000155;2026-03-13;25741237.60
54384481000105;2026-03-12;32683169.41
54384507000115;2026-03-12;30393911.31
54384534000198;2026-03-13;10068557.12
54384609000130;2026-03-13;15864610.23
54384643000105;2026-03-13;21063511.82
54384687000135;2026-03-13;56511821.13
54384723000160;2026-03-13;103520711.29
54384761000113;2026-03-12;8379778.43
54384868000161;2026-03-13;6913557.85
54384916000111;2026-03-13;97377104.09
54385101000157;2026-03-13;34090384.84
54386077000170;2026-03-06;37239804.21
54390568000195;2026-03-13;113430881.76
54390771000161;2026-03-13;63317638.05
54391531000181;2026-03-13;47489581.31
54391780000177;2026-03-12;13160462.38
54398443000101;2026-03-13;43843309.43
54399276000113;2026-03-13;18170950.92
54401649000143;2026-03-13;1024661761.13
54402012000171;2026-03-13;64740860.02
54405192000145;2026-03-13;32811514.52
54407534000166;2026-03-13;9936646334.06
54407607000110;2026-03-12;22715477.24
54409732000169;2026-03-13;13731902.85
54409912000140;2026-03-12;23441849.53
54409981000154;2026-03-13;27014396.69
54410101000160;2026-03-13;36543940.18
54410202000130;2026-03-13;20610529.02
54410358000111;2026-03-13;14429087.02
54410516000133;2026-03-13;39438298.93
54410620000128;2026-03-13;598829786.45
54418972000120;2026-03-13;135526040.83
54421429000181;2026-03-13;34517450.83
54422433000164;2026-03-13;98331184.01
54422882000102;2026-03-13;223289793.24
54423418000130;2026-03-13;30863221.67
54424321000142;2026-03-13;19632681.96
54424983000112;2026-03-13;10024921.66
54426679000104;2026-03-13;190595664.38
54436219000167;2026-03-12;47098066.81
54438539000156;2026-03-13;36272852.86
54438899000158;2026-03-13;183092835.93
54439019000168;2026-03-13;260650034.16
54439279000133;2026-03-13;3319242.25
54439846000151;2026-03-13;3363765.70
54439900000169;2026-03-13;4842575.92
54440968000168;2026-03-13;25096514.87
54441115000140;2026-03-13;39609221.16
54441552000164;2026-03-13;108319066.42
54442403000110;2026-03-13;19581861.33
54443336000158;2026-03-13;229197575.87
54443377000144;2026-03-12;19802684.24
54444340000130;2026-03-13;785019682.23
54444348000105;2026-03-13;66042878.82
54444451000147;2026-03-13;1107234073.93
54457772000186;2026-03-12;7682900.04
54459426000137;2026-03-13;329929879.99
54463494000170;2026-03-11;18389426.66
54463551000110;2026-03-13;54337454.62
54463768000120;2026-03-13;48528650.13
54464472000124;2026-03-13;6034323.00
54465283000176;2026-03-13;204726129.24
54466251000195;2026-03-12;100018482.68
54467280000171;2026-03-12;73193562.92
54473445000118;2026-03-13;47958253.77
54473794000130;2026-03-13;12138596.01
54480133000131;2026-03-13;87999778.47
54483566000140;2026-03-13;2420100.59
54484640000143;2026-03-13;6022114.78
54484843000130;2026-03-13;205535610.64
54485055000168;2026-03-13;55140856.94
54486055000182;2026-03-13;738494638.55
54486187000104;2026-03-13;62622812.01
54486405000100;2026-03-13;17730025.09
54486644000160;2026-03-13;44319949.35
54486726000105;2026-03-13;81861277.42
54486743000142;2026-03-13;118469145.54
54486748000175;2026-03-13;49334410.92
54486870000141;2026-03-13;86895024.15
54487556000183;2026-03-13;18629492.65
54487667000190;2026-03-13;70275559.93
54487714000103;2026-03-13;16884425.93
54487736000165;2026-03-13;19800453688.94
54487778000104;2026-03-13;48189115.18
54493205000185;2026-03-12;24562316.15
54494130000157;2026-03-13;16176590.58
54494538000129;2026-03-13;3759963.81
54495895000101;2026-03-13;99512994.67
54496626000160;2026-03-13;11907077.82
54496707000160;2026-03-13;9929736130.96
54496927000193;2026-03-13;83017202.22
54497340000107;2026-03-13;11423666.69
54501062000106;2026-03-13;286.88
54501503000170;2026-03-13;354948903.04
54501678000187;2026-03-12;22302956.84
54504993000168;2026-03-13;5976785.77
54509470000104;2026-03-13;138663422.32
54509777000105;2026-03-13;21367464.10
54509800000161;2026-03-13;324230288.09
54510057000160;2026-03-13;43820102.40
54512668000147;2026-03-12;13355169.10
54513447000193;2026-03-12;42019503.36
54514671000108;2026-03-12;741299505.57
54515638000194;2026-03-12;72168741.87
54516738000135;2026-03-13;9848015.76
54516765000108;2026-03-13;43119203.83
54517043000178;2026-03-10;0.00
54517219000191;2026-03-13;3366066779.19
54518349000149;2026-03-12;59113109.45
54518391000160;2026-03-13;963734862.51
54518613000144;2026-03-13;22692295.77
54518718000101;2026-03-13;61415737.25
54518783000129;2026-03-13;196698304.62
54518925000158;2026-03-13;1134075456.33
54519122000118;2026-03-13;6638896.59
54541581000106;2026-03-13;96065196.31
54541970000123;2026-03-13;807387035.74
54542245000170;2026-03-13;1406096.38
54542827000156;2026-03-13;47043327.06
54542996000196;2026-03-13;16772411.51
54544537000141;2026-03-12;30896475.16
54545529000110;2026-03-12;51961559.75
54545755000109;2026-03-13;43109359.50
54546137000175;2026-03-13;393146045.69
54546664000180;2026-03-13;761658179.88
54546764000106;2026-03-13;270183674.60
54546863000198;2026-03-13;31862678.04
54547085000151;2026-03-13;954054369.25
54547163000118;2026-03-13;31452934.09
54547258000131;2026-03-13;28871831.21
54548764000145;2026-03-13;52805470.80
54553820000130;2026-03-13;24442316.88
54558737000153;2026-03-13;48627646.81
54560505000130;2026-03-12;43105723.64
54563767000158;2026-03-13;4710811.39
54564179000139;2026-03-13;19959623.18
54564966000180;2026-03-13;33969503.63
54565408000130;2026-03-13;4988645.81
54566051000104;2026-03-13;28383775.85
54566226000183;2026-03-13;138298815.33
54581602000109;2026-03-13;106896027.53
54582300000155;2026-03-13;28582440.78
54582378000170;2026-03-13;482346928.21
54584273000150;2026-03-13;86717837.36
54584477000190;2026-03-13;106021560.99
54584755000100;2026-03-13;840988420.35
54584927000145;2026-03-13;58250786.91
54585072000177;2026-03-13;488632186.05
54585116000169;2026-03-13;57496091.00
54585181000194;2026-03-13;414880182.08
54591780000110;2026-03-13;5755898.68
54592501000133;2026-03-13;15772958.93
54592628000152;2026-03-13;5597734.93
54592731000100;2026-03-13;5324446.73
54597946000106;2026-03-12;39253155.77
54599810000135;2026-03-13;103114272.26
54600352000107;2026-03-13;57228690.04
54600520000164;2026-03-13;74285013.08
54601090000103;2026-03-13;72739402.01
54601837000115;2026-03-13;51112155.15
54602092000109;2026-03-13;4417261640.82
54602844000131;2026-03-13;201063466.60
54602971000130;2026-03-13;34387653.74
54603050000192;2026-03-13;17325243.92
54603259000156;2026-03-13;1296349995.57
54603340000136;2026-03-13;1611465286.87
54603391000168;2026-03-13;571643949.31
54603456000175;2026-03-13;52524724.14
54603605000104;2026-03-13;106864015.59
54616304000107;2026-03-13;17817639.84
54616434000140;2026-03-13;13621843.81
54616482000138;2026-03-12;76109486.77
54616493000118;2026-03-13;3768516.31
54617556000150;2026-03-13;29388422.01
54617643000108;2026-03-13;51936018.84
54617703000192;2026-03-13;173113837.52
54617746000178;2026-03-13;44160441.98
54617801000120;2026-03-13;6025115.54
54617897000126;2026-03-13;97624895.92
54618052000155;2026-03-12;41421374.54
54618143000190;2026-03-13;111724252.66
54618187000110;2026-03-13;50762123.13
54618245000106;2026-03-11;0.00
54620595000107;2026-03-13;7144533.54
54630495000161;2026-03-13;7718954.44
54631508000117;2026-03-13;29721900.95
54634825000197;2026-03-12;27456214.15
54635078000101;2026-03-13;12422900.19
54640072000122;2026-03-12;192727366.50
54640454000156;2026-03-12;2322662.57
54641408000171;2026-03-13;20744371.71
54641722000154;2026-03-13;217675372.12
54642106000118;2026-03-13;1187371184.07
54643280000185;2026-03-13;640853353.29
54643338000190;2026-03-13;437469546.57
54643894000167;2026-03-13;77657636.00
54643939000101;2026-03-13;121002323.24
54643959000174;2026-03-13;261230158.05
54643982000169;2026-03-13;24920919.71
54644019000108;2026-03-13;28531984.50
54644119000126;2026-03-13;20641318.32
54644328000170;2026-03-13;45119247.18
54644413000138;2026-03-13;57196926.69
54644512000110;2026-03-13;34339196.17
54649259000197;2026-03-13;22234237.92
54651346000189;2026-03-13;25972549.34
54652596000133;2026-03-12;30351237.99
54657079000157;2026-03-13;23846312.17
54658474000154;2026-03-13;53684046.47
54659905000105;2026-03-12;32561010.77
54660699000145;2026-03-13;44079922.90
54660721000157;2026-03-13;181111631.48
54677126000124;2026-03-13;164558705.10
54678410000115;2026-03-13;710544903.50
54678854000150;2026-03-13;19585392.38
54679041000185;2026-03-13;187400446.75
54679495000156;2026-03-13;664526542.10
54679549000183;2026-03-13;10208458.83
54679697000106;2026-03-13;11182109.55
54680537000179;2026-03-13;9273998.32
54680552000117;2026-03-12;36230084.37
54680816000132;2026-03-13;52094310.00
54688094000162;2026-03-13;13139592.02
54697588000103;2026-03-13;471619678.62
54698647000168;2026-03-13;3938233.60
54698804000135;2026-03-13;11178354.80
54699599000122;2026-03-13;89010278.24
54699701000190;2026-03-13;62215598.75
54699979000167;2026-03-13;174814691.31
54700051000155;2026-03-13;28664208.26
54704685000186;2026-03-13;1119581808.40
54705411000101;2026-03-13;102631281.95
54707255000118;2026-03-13;52364373.79
54707725000143;2026-03-13;1325314221.63
54708603000171;2026-03-12;166850374.63
54709028000121;2026-03-12;456283498.08
54710401000164;2026-03-12;38399513.87
54712817000111;2026-03-13;74848567.27
54713265000166;2026-03-13;21326553.46
54713571000100;2026-03-13;33923251.61
54713770000100;2026-03-13;25622716.12
54714057000181;2026-03-12;22660145.65
54714137000137;2026-03-13;22570152.67
54715191000105;2026-03-13;41687801.28
54715720000162;2026-03-13;34891554.15
54715775000172;2026-03-13;33921412.92
54715888000178;2026-03-13;21326194.04
54715915000102;2026-03-13;5816732.61
54715962000156;2026-03-13;88160881.37
54716011000100;2026-03-13;181935966.47
54716054000187;2026-03-11;182364821.96
54732092000123;2026-03-09;65909851.92
54734936000175;2026-03-13;8529109.63
54739553000190;2026-03-13;184961317.36
54739814000171;2026-03-12;65409230.21
54739998000170;2026-03-12;35080522.63
54740112000108;2026-03-13;19929399.23
54740225000103;2026-03-13;32826635.53
54740284000181;2026-03-13;18095264.53
54740944000124;2026-03-12;97763107.77
54741044000100;2026-03-13;14211953.59
54741097000112;2026-03-13;7907894.00
54741167000132;2026-03-13;3217464.53
54745704000112;2026-03-13;36153919.18
54746199000120;2026-03-13;106296935.81
54746522000166;2026-03-13;2869560.14
54747293000102;2026-03-13;7191150.70
54747911000106;2026-03-12;34856669.39
54748071000104;2026-03-13;38898702.86
54748996000147;2026-03-13;28970241.26
54753511000103;2026-03-13;15052695.41
54753749000139;2026-03-13;21656785.76
54754380000189;2026-03-13;36632924.48
54755971000170;2026-03-13;612035334.32
54757112000110;2026-03-11;7683259.67
54757129000178;2026-03-13;199204266.62
54758649000103;2026-03-13;21826827.71
54759045000173;2026-03-13;31209288.62
54760175000126;2026-03-13;48818667.22
54760280000165;2026-03-13;110286885.92
54760506000128;2026-03-13;13125838.54
54760539000178;2026-03-13;25869501.06
54765494000124;2026-03-13;11968404.67
54766247000142;2026-03-13;4440821.88
54771588000106;2026-03-04;0.00
54771640000124;2026-03-12;194290682.16
54773359000120;2026-03-13;973351367.19
54776180000127;2026-03-13;121408832.67
54776432000118;2026-03-13;24529001.93
54778670000162;2026-03-13;27563263.02
54779308000106;2026-03-13;13515194.26
54779512000127;2026-03-13;161260549.41
54779578000117;2026-03-13;211141992.23
54779587000108;2026-03-13;60606216.61
54779598000198;2026-03-13;86168554.61
54779679000198;2026-03-13;40032170.14
54784279000170;2026-03-13;1720749.92
54784316000140;2026-03-13;83785657.51
54784679000186;2026-03-13;91033548.16
54785011000153;2026-03-12;42071425.29
54785547000179;2026-03-12;12796898.77
54788959000162;2026-03-13;46149164.00
54790257000113;2026-03-13;394233548.98
54790351000172;2026-03-13;207318036.76
54792610000102;2026-03-13;0.00
54793790000139;2026-03-12;13369941.96
54794563000128;2026-03-12;80758526.42
54794710000160;2026-03-13;48655960.01
54794777000102;2026-03-13;28339795.22
54794799000164;2026-03-13;11588611.13
54794830000167;2026-03-13;37654034.32
54794954000142;2026-03-13;59904217.64
54795606000190;2026-03-13;2196829.79
54795750000126;2026-03-13;2210478.33
54796786000124;2026-03-13;5193741.52
54803944000126;2026-03-12;42696417.34
54803982000189;2026-03-12;42015588.90
54806837000151;2026-03-12;38257674.90
54810341000151;2026-03-12;25276505.63
54810408000158;2026-03-13;387100698.06
54810787000186;2026-03-13;87800187.32
54811496000102;2026-03-13;44806787.91
54812046000134;2026-03-13;86207395.81
54812770000168;2026-03-13;162765760.80
54813687000103;2026-03-13;35668457.97
54823789000100;2026-03-13;1437459270.82
54825816000183;2026-03-13;15187918.97
54828230000172;2026-03-13;115717583.68
54829603000120;2026-03-13;14959761887.89
54834372000142;2026-03-13;113021872.78
54835274000120;2026-03-13;34211126.48
54837587000117;2026-03-13;137879497.30
54837791000138;2026-03-13;122767119.30
54837929000107;2026-03-13;8228744.55
54842813000158;2026-03-11;13518375.47
54843968000109;2026-03-13;2052431.38
54846236000172;2026-03-11;46826630.28
54853464000170;2026-03-13;798718420.94
54853793000110;2026-03-13;130869486.50
54854634000130;2026-03-13;13211853.88
54854995000187;2026-03-13;2774292805.19
54855450000195;2026-03-13;35220366.94
54856060000130;2026-03-12;19407536.22
54856394000103;2026-03-13;245405662.85
54858693000187;2026-03-13;257707719.11
54862828000188;2026-03-13;34831624.37
54863546000103;2026-03-13;35802445.73
54864529000182;2026-03-13;292215053.00
54866547000101;2026-03-11;0.00
54872331000140;2026-03-13;38005262.91
54873893000109;2026-03-13;71055375.05
54874404000133;2026-03-13;64410045.43
54874511000161;2026-03-13;66408733.05
54874513000150;2026-03-13;2005239950.84
54875082000147;2026-03-13;115646292.17
54875105000113;2026-03-13;11743681.25
54875275000106;2026-03-13;44103490.31
54875423000184;2026-03-13;15556397.25
54875613000100;2026-03-13;1413288292.04
54875616000135;2026-03-13;11447369.54
54875709000160;2026-03-13;3280453776.78
54883919000108;2026-03-12;62829043.17
54884180000140;2026-03-13;1054549329.17
54885849000119;2026-03-12;222409399.63
54886474000101;2026-03-13;23269469.12
54887516000129;2026-03-13;2779492.29
54888270000100;2026-03-13;9137646.14
54889540000105;2026-03-13;1162150.33
54889576000180;2026-03-13;31369955.23
54890096000130;2026-03-12;0.00
54890370000170;2026-03-13;75684498.52
54890522000135;2026-03-13;14305171.14
54890958000124;2026-03-13;11666023.25
54891935000134;2026-03-16;1386554967.50
54892763000113;2026-03-13;63445144.52
54893266000130;2026-03-13;28620150.36
54893611000135;2026-03-13;80253774.05
54893677000125;2026-03-13;46369126.12
54895184000124;2026-03-13;138957658.53
54895607000106;2026-03-12;22590722.66
54900133000143;2026-03-13;37410003.63
54902876000152;2026-03-13;8823959.45
54903335000149;2026-03-13;483402021.82
54903958000111;2026-03-13;25415254.14
54904083000172;2026-03-12;68041066.63
54904328000161;2026-03-13;797931669.40
54904544000107;2026-03-13;1570502528.67
54908780000100;2026-03-13;110421407.07
54909934000170;2026-03-13;30896281.31
54910462000175;2026-03-13;24048723.39
54910665000161;2026-03-13;118388687.97
54912056000141;2026-03-13;54439054.33
54912091000160;2026-03-13;59990008.91
54923843000199;2026-03-13;26159442.73
54926765000186;2026-03-12;19230324.29
54927598000198;2026-03-13;310215120.08
54931987000197;2026-03-13;19535428.05
54934053000109;2026-03-13;2200398.05
54934244000170;2026-03-12;134268332.20
54936545000133;2026-03-13;978630205.99
54936671000198;2026-03-13;4748685.69
54936827000130;2026-03-13;7496840.85
54936922000134;2026-03-13;48879998.65
54941294000185;2026-03-13;2481666655.76
54941550000134;2026-03-13;106685832.03
54946915000113;2026-03-12;21933734.68
54952299000103;2026-03-13;65781855.34
54952575000133;2026-03-13;43258328.03
54953009000146;2026-03-12;9080097.43
54953885000172;2026-03-13;18709756.80
54954115000144;2026-03-13;31885906.79
54954879000130;2026-03-13;126041912.32
54955077000144;2026-03-13;23642043.20
54967224000104;2026-03-13;12416070.61
54969348000110;2026-03-13;4376272.67
54970344000152;2026-03-13;93513549.07
54970836000148;2026-03-13;10064147.49
54973692000183;2026-03-13;13795642.31
54973853000139;2026-03-13;224839912.30
54974029000101;2026-03-13;9165354.04
54974348000109;2026-03-16;18013972.91
54976144000107;2026-03-12;95810919.83
54976215000171;2026-03-13;23407411.22
54976262000115;2026-03-13;2254734923.19
54976744000175;2026-03-13;19698013.02
54977043000150;2026-03-12;9120635.25
54977585000123;2026-03-13;129214965.38
54977709000170;2026-03-13;10921932.36
54978097000130;2026-03-13;43883720.87
54978342000100;2026-03-13;22333244.61
54978659000146;2026-03-11;44724588.02
54978672000103;2026-03-13;1240549.37
54978789000189;2026-03-13;204145037.89
54979157000130;2026-03-12;23787715.33
54980234000171;2026-03-12;39448136.86
54980746000138;2026-03-13;110741169.45
54985693000148;2026-03-12;797632842.46
54986293000157;2026-03-13;16107615.57
54987974000130;2026-03-13;89753100.18
54989237000176;2026-03-13;15316066.07
54990769000123;2026-03-13;30955200.36
54991263000139;2026-03-13;35534934.48
54995765000138;2026-03-13;17724645.95
54995819000165;2026-03-13;28522480.53
54996629000162;2026-03-13;1676082677.92
54996742000148;2026-03-13;68632648.08
54996800000133;2026-03-13;8643461.72
54996887000149;2026-03-13;98250170.21
54996960000182;2026-03-13;16245036.28
54997138000136;2026-03-13;107772204.54
55008207000102;2026-03-13;63812649.66
55010943000197;2026-03-13;1215040.25
55017054000151;2026-03-13;27978108.04
55018173000129;2026-03-12;158854055.02
55018681000107;2026-03-13;8534586.69
55018863000188;2026-03-13;42184951.49
55019321000120;2026-03-13;21987868.87
55019427000123;2026-03-12;35787907.82
55019751000141;2026-03-13;58287694.62
55019754000185;2026-03-13;434793203.38
55020138000144;2026-03-13;31650179.82
55020228000135;2026-03-13;39089469.39
55029477000191;2026-03-13;309826131.30
55030873000139;2026-03-12;136834333.47
55032827000179;2026-03-13;5236281.34
55035529000132;2026-03-12;114617663.94
55035808000104;2026-03-13;27696039.68
55036101000104;2026-03-13;67642022.16
55036145000134;2026-03-13;24978134.71
55036882000137;2026-03-13;27904230.67
55037399000177;2026-03-12;32856750.41
55038658000184;2026-03-13;175140489.76
55038873000185;2026-03-13;5967393.13
55040169000167;2026-03-13;58676861.34
55043642000160;2026-03-13;22503406.91
55044642000184;2026-03-12;112175537.99
55044949000185;2026-03-13;51944708.12
55048579000154;2026-03-13;32877099.33
55048708000104;2026-03-13;44755768.58
55050131000175;2026-03-13;19633294.34
55050444000123;2026-03-13;210416712.90
55052221000103;2026-03-12;28888012.72
55052563000115;2026-03-13;430305696.92
55052709000122;2026-03-13;491711072.07
55052860000160;2026-03-13;34038094.69
55052986000135;2026-03-13;55828148.95
55053084000113;2026-03-13;41569171.85
55053214000118;2026-03-13;47449949.58
55053567000118;2026-03-13;108276924.92
55053659000106;2026-03-13;33861469.21
55054075000147;2026-03-13;48398005.91
55063728000154;2026-03-13;26962286.36
55063966000160;2026-03-13;22928139.90
55064130000180;2026-03-13;80935275.84
55064184000145;2026-03-13;66996577.00
55064365000171;2026-03-12;32734987.37
55065236000106;2026-03-13;12707662.98
55068368000183;2026-03-13;45329792.77
55068479000190;2026-03-12;68811617.63
55068559000145;2026-03-06;21489937.52
55068591000120;2026-03-13;72989364.12
55068674000110;2026-03-13;51817701.97
55068715000178;2026-03-13;169001791.30
55068755000110;2026-03-13;33806648.46
55068840000188;2026-03-13;60902638.46
55068869000160;2026-03-13;32044927.87
55068953000183;2026-03-13;53750705.96
55069073000121;2026-03-13;64446493.25
55069151000198;2026-03-13;28859235.97
55069370000177;2026-03-12;511398644.24
55069807000172;2026-03-13;19632955.45
55070827000163;2026-03-13;60855793.60
55071026000112;2026-03-13;70822711.84
55071163000157;2026-03-13;322476708.28
55073649000124;2026-03-13;79985883.34
55073916000163;2026-03-13;129451752.46
55075238000178;2026-03-13;2348550.22
55079959000156;2026-03-12;93845495.12
55080073000122;2026-03-11;33959109.33
55080153000188;2026-03-13;104609970.17
55080368000107;2026-03-11;27300489.85
55080475000127;2026-03-11;29047547.63
55080502000161;2026-03-12;1023242.00
55081659000101;2026-03-13;21807607.62
55083993000102;2026-03-13;77580240.94
55085387000118;2026-03-12;17285676.41
55086164000175;2026-03-13;24158037.62
55086985000101;2026-03-13;310134984.34
55087532000108;2026-03-13;7394415038.94
55088765000117;2026-03-12;65032490.87
55088856000152;2026-03-13;220017723.50
55089131000189;2026-03-13;61908678.85
55098692000144;2026-03-13;29932618.89
55101260000145;2026-03-13;9993485.12
55101415000143;2026-03-13;49738329.60
55105106000141;2026-03-13;65842676.60
55107431000143;2026-03-13;125832988.66
55108624000119;2026-03-13;81696070.68
55108844000142;2026-03-13;283901436.07
55109050000101;2026-03-12;5562354311.60
55109432000127;2026-03-12;6016120175.51
55109529000130;2026-03-13;25508762.95
55109850000114;2026-03-13;53474092.01
55110089000130;2026-03-13;18192078.58
55110376000140;2026-03-13;10420868.15
55110383000142;2026-03-13;5273612.92
55110626000142;2026-03-13;10244538.65
55110714000144;2026-03-13;55703693.27
55111228000140;2026-03-13;58450466.03
55111474000100;2026-03-13;22571955.00
55111599000122;2026-03-13;35479893.43
55111622000189;2026-03-13;25579547.90
55112047000139;2026-03-12;17940933.43
55112367000199;2026-03-13;25443205.45
55112451000102;2026-03-13;21081268.98
55112525000100;2026-03-13;26606027.60
55112606000100;2026-03-13;47963650.27
55117996000101;2026-03-13;120451746.73
55121153000189;2026-03-13;29234697.67
55121322000180;2026-03-13;7165742.31
55122120000153;2026-03-13;68369091.74
55123003000104;2026-03-13;24843946.21
55124039000102;2026-03-13;2625429.58
55124287000153;2026-03-13;8346435.86
55124489000103;2026-03-13;2314118.91
55126476000165;2026-03-13;30522983.26
55127040000190;2026-03-13;10415587.98
55127241000198;2026-03-13;102979023.91
55133076000187;2026-03-13;50623516.33
55133403000109;2026-03-13;22366610.19
55133760000169;2026-03-12;4761906.74
55135530000139;2026-03-13;1880447.77
55136061000172;2026-03-13;85117882.24
55136339000101;2026-03-13;140945598.99
55136457000110;2026-03-13;23234536.70
55136698000169;2026-03-12;45456455.26
55138792000157;2026-03-13;955488913.18
55138841000151;2026-03-13;955805862.70
55138930000106;2026-03-13;15787275.31
55140045000153;2026-03-13;261487783.90
55140544000140;2026-03-13;84402293.04
55140702000162;2026-03-13;41468073.82
55141284000128;2026-03-13;28533521.00
55142314000110;2026-03-13;6024003.18
55143602000190;2026-03-13;124873849.03
55143832000159;2026-03-13;56781905.74
55144098000142;2026-03-13;26063940.65
55144371000139;2026-03-12;109995642.25
55145271000127;2026-03-13;2767387.92
55150656000182;2026-03-13;427422584.79
55150666000118;2026-03-13;41114843.99
55150713000123;2026-03-13;80565060.52
55153488000189;2026-03-13;426920488.81
55158789000103;2026-03-12;4858855.06
55158969000187;2026-03-13;34248631.46
55159406000103;2026-03-13;48505988.83
55160342000160;2026-03-12;390674929.59
55161090000194;2026-03-13;12502906.61
55161223000122;2026-03-13;15792872.22
55161795000101;2026-03-12;109405566.52
55161850000163;2026-03-13;120823207.23
55162173000106;2026-03-13;23096039.57
55162785000190;2026-03-13;21153362.76
55167531000165;2026-03-13;275388052.27
55167843000179;2026-03-12;41816027.86
55169143000113;2026-03-13;29397928.50
55169240000106;2026-03-13;65891921.33
55169391000164;2026-03-13;3665771.38
55170049000184;2026-03-13;839087060.29
55172242000154;2026-03-13;79986504.82
55172307000161;2026-03-13;259128529.32
55172353000160;2026-03-13;20386048.05
55172372000197;2026-03-13;1233949.05
55172760000178;2026-03-13;22925894.38
55173865000141;2026-03-13;11784779.18
55174013000179;2026-03-12;59110924.58
55174203000196;2026-03-12;95240473.23
55176419000190;2026-03-13;44790399.53
55176509000181;2026-03-12;1657055028.19
55176840000100;2026-03-13;47411163.11
55177071000156;2026-03-16;68569368.39
55177251000138;2026-03-13;36374279.80
55191665000111;2026-03-13;10326869.17
55192514000188;2026-03-13;88792404.15
55193005000170;2026-03-13;266231774.94
55193035000186;2026-03-13;140897166.86
55193559000177;2026-03-12;830239414.34
55196480000108;2026-03-12;21526392.71
55196942000189;2026-03-13;20535841.74
55198628000135;2026-03-12;165313469.04
55199146000108;2026-03-12;119823837.81
55199864000176;2026-03-12;66880357.56
55204781000128;2026-03-12;307854764.02
55211651000112;2026-03-10;15966443.31
55213551000125;2026-03-13;563984149.86
55213867000117;2026-03-13;9069844.66
55215989000142;2026-03-13;23638939.96
55216276000101;2026-03-13;28299765.17
55217827000143;2026-03-13;22610115.03
55218514000100;2026-03-13;299087827.87
55218653000133;2026-03-13;275158908.27
55218837000101;2026-03-16;19011735.61
55222762000124;2026-03-13;284468312.13
55222854000104;2026-03-13;112924263.83
55225565000169;2026-03-13;13774935.58
55225719000112;2026-03-13;16147511.26
55227365000145;2026-03-13;2278741.21
55228297000139;2026-03-13;31812970.41
55230778000189;2026-03-13;81865435.36
55231454000165;2026-03-13;109413474.09
55234165000110;2026-03-13;7793354.94
55237992000167;2026-03-13;61997604.98
55238212000101;2026-03-13;24558936.86
55239189000161;2026-03-13;34057473.80
55239338000192;2026-03-13;5499455.65
55239395000171;2026-03-13;32441943.13
55239865000105;2026-03-12;493711647.14
55240049000103;2026-03-13;23316124.74
55240052000127;2026-03-13;10732367.20
55240187000192;2026-03-13;57682955.28
55245828000100;2026-03-13;14555891.43
55250157000167;2026-03-13;6187715.41
55250638000172;2026-03-13;39189628.39
55250846000171;2026-03-13;42343578.05
55253855000116;2026-03-13;26440190.51
55259492000126;2026-03-13;1102375059.02
55259599000174;2026-03-12;12116663.78
55259621000186;2026-03-13;6461653.06
55259680000154;2026-03-13;8878384.43
55259749000140;2026-03-13;23270828.96
55259773000189;2026-03-13;23599996.85
55263153000113;2026-03-13;29944820.30
55263898000182;2026-03-13;17296883.67
55264276000179;2026-03-13;130863721.05
55264830000118;2026-03-13;696629693.75
55266850000128;2026-03-13;20874963.76
55267271000108;2026-03-13;40210890.40
55273611000103;2026-03-13;50061669.28
55274339000178;2026-03-13;342416667.78
55274875000173;2026-03-13;19626051782.84
55274899000122;2026-03-13;26710295.49
55275422000161;2026-03-13;71313673.39
55275483000129;2026-03-13;25060926.42
55275543000103;2026-03-13;69378893.01
55276100000137;2026-03-13;22646572.59
55276939000175;2026-03-12;444771439.89
55287174000179;2026-03-13;39309447.02
55288457000135;2026-03-13;4337498.55
55288602000188;2026-03-13;63944936.98
55292453000120;2026-03-12;1179075279.66
55298739000113;2026-03-12;47505089.29
55298741000192;2026-03-13;110556911.56
55299284000150;2026-03-12;67959509.02
55299651000116;2026-03-13;79695765.12
55299702000100;2026-03-13;104675725.77
55299768000108;2026-03-12;25333529.53
55299792000139;2026-03-13;31079430.40
55299896000143;2026-03-13;22540608.15
55299967000108;2026-03-13;2609136.07
55300519000187;2026-03-13;11151908.25
55308112000104;2026-03-12;57228572.26
55312485000140;2026-03-13;9945567.10
55314521000105;2026-03-12;57055143.83
55314750000120;2026-03-12;82279125.96
55315085000199;2026-03-13;115342271.91
55315251000157;2026-03-12;12477448.73
55315314000175;2026-03-13;65367150.31
55315627000123;2026-03-13;311263864.20
55316332000171;2026-03-12;127301861.42
55317287000170;2026-03-13;0.00
55317381000129;2026-03-13;13873570.23
55317403000150;2026-03-12;29231294.15
55317990000188;2026-03-13;26572348.14
55323655000192;2026-03-13;15124651.19
55325127000172;2026-03-13;27103718.10
55325425000162;2026-03-13;1622700.81
55326236000104;2026-03-13;378848178.34
55328125000137;2026-03-13;189225383.43
55333163000188;2026-03-12;193491143.24
55334418000127;2026-03-13;881552698.09
55342126000136;2026-03-13;43551269.75
55342176000113;2026-03-16;74235766.09
55342504000181;2026-03-13;9541205.96
55343356000110;2026-03-13;32903398.62
55343794000188;2026-03-13;54820041.18
55344166000117;2026-03-12;77511131.20
55345429000102;2026-03-13;572142230.71
55345742000140;2026-03-13;161703836.20
55345936000146;2026-03-13;20068480.94
55347224000166;2026-03-13;299620179.69
55347477000130;2026-03-13;39668991.52
55348313000127;2026-03-12;228387903.62
55349046000102;2026-03-13;56166.80
55360701000123;2026-03-13;63742104.01
55362588000115;2026-03-12;26852732.62
55368221000109;2026-03-13;12355533.44
55370326000100;2026-03-13;372831835.76
55370858000130;2026-03-13;444482699.92
55371154000181;2026-03-13;2198727825.69
55372147000102;2026-03-13;35410.50
55372378000108;2026-03-13;109523023.76
55372749000151;2026-03-13;253672488.00
55372850000102;2026-03-13;1645921486.14
55373107000177;2026-03-13;36494522.25
55379681000132;2026-03-13;31793212.95
55380290000138;2026-03-13;704339088.15
55380475000142;2026-03-12;31043952.58
55381060000193;2026-03-13;24049177.67
55381443000161;2026-03-13;825794827.79
55381795000117;2026-03-13;9020348.52
55382000000195;2026-03-12;55236149.06
55382010000120;2026-03-13;12212082.09
55382237000176;2026-03-13;11371928.36
55382748000198;2026-03-12;86851609.73
55383759000192;2026-03-13;10789359.05
55384132000156;2026-03-13;2868462649.57
55387239000158;2026-03-13;42278437.91
55387521000135;2026-03-13;35762917.32
55387720000143;2026-03-13;4952088.53
55387901000170;2026-03-13;78558417.78
55390412000177;2026-03-13;88639027.01
55392560000120;2026-03-13;23556798.19
55392667000179;2026-03-13;7630400.10
55392723000175;2026-03-13;42741653.85
55392885000103;2026-03-13;27347914.79
55393064000191;2026-03-13;27171158.53
55393379000139;2026-03-13;106552817.52
55401862000118;2026-03-13;61154058.81
55402065000155;2026-03-13;4487590.67
55402464000116;2026-03-13;846436919.57
55405968000190;2026-03-13;129261050.00
55411535000147;2026-03-12;5945262096.88
55412066000180;2026-03-13;443053543.26
55413150000119;2026-03-12;51357872.13
55413254000123;2026-03-12;23053558.26
55413536000120;2026-03-13;26985469.85
55419784000189;2026-03-13;1006347548.89
55420173000150;2026-03-13;888283313.99
55425363000160;2026-03-13;31750647.87
55430779000177;2026-03-13;28225477.26
55432303000175;2026-03-11;68323076.39
55435590000177;2026-03-13;36199672.28
55436980000161;2026-03-12;14050640.40
55437642000144;2026-03-13;15594634.59
55437858000100;2026-03-13;75481157.63
55444460000109;2026-03-12;21141473.96
55444936000101;2026-03-13;29366484.93
55446590000172;2026-03-13;33809763.51
55459928000120;2026-03-13;56750926.14
55465345000102;2026-03-11;68953021.63
55465409000175;2026-03-11;174937891.18
55465485000180;2026-03-13;5917904.15
55465528000128;2026-03-13;35171960.55
55466133000140;2026-03-12;2311625.71
55466425000182;2026-03-13;118189128.34
55466651000163;2026-03-03;716076656.81
55466751000190;2026-03-13;66155191.73
55466830000109;2026-03-13;104360747.51
55466901000165;2026-03-13;20049453.43
55466958000164;2026-03-13;27956881.82
55467007000100;2026-03-13;374670270.89
55467075000179;2026-03-13;30591724.07
55467126000162;2026-03-13;53629022.44
55467262000152;2026-03-13;31697143.23
55467322000137;2026-03-12;50214323.69
55467420000174;2026-03-13;34056989.04
55467486000164;2026-03-13;18906888.41
55467847000172;2026-03-13;2454722841.95
55471693000192;2026-03-13;6865895.36
55477207000143;2026-03-13;141281682.45
55477809000109;2026-03-13;309742643.24
55483389000165;2026-03-13;1118292943.32
55483696000146;2026-03-13;296152490.90
55484169000156;2026-03-13;52158269.90
55484260000171;2026-03-13;446499.44
55485710000140;2026-03-13;35282402.95
55486068000114;2026-03-13;9575712.32
55486791000101;2026-03-11;0.00
55488908000188;2026-03-13;112937881.71
55490066000107;2026-03-13;12413212.60
55496653000103;2026-03-13;20994343.41
55497476000171;2026-03-13;47696904.36
55498017000102;2026-03-13;16987484.36
55498621000139;2026-03-13;69383034.52
55499702000153;2026-03-12;3011148.85
55499832000196;2026-03-13;629469710.53
55499992000135;2026-03-13;184061656.53
55500053000163;2026-03-13;1079549.61
55502261000100;2026-03-13;15241489.90
55502385000187;2026-03-13;35825831.97
55505792000148;2026-03-13;18658879.18
55506450000142;2026-03-13;64798699.34
55507561000173;2026-03-13;33846011.96
55507577000186;2026-03-13;29029910.98
55507601000187;2026-03-13;42542486.00
55507855000103;2026-03-10;2635498.91
55508066000189;2026-03-13;92827043.46
55508422000164;2026-03-12;20116420.99
55520810000160;2026-03-13;686727457.45
55521846000169;2026-03-13;21025741.82
55522095000103;2026-03-13;39245447.94
55522434000143;2026-03-13;736272714.70
55528853000192;2026-03-13;128920149.95
55529244000158;2026-03-13;68491130.46
55533539000106;2026-03-13;1033081827.83
55536261000112;2026-03-13;20656661.74
55536644000190;2026-03-13;184440505.16
55536855000123;2026-03-13;87722034.00
55537730000118;2026-03-13;30905375.48
55538070000190;2026-03-12;30099644.45
55538508000130;2026-03-13;430862627.33
55538903000112;2026-03-12;20727068.57
55539196000189;2026-03-12;28777713.33
55539367000170;2026-03-12;25335403.59
55539660000137;2026-03-13;10496152.00
55550657000114;2026-03-13;157427980.21
55559277000140;2026-03-13;10535435.53
55559450000100;2026-03-13;19470632.84
55559580000143;2026-03-13;32412807.52
55562304000134;2026-03-13;118164481.59
55563267000189;2026-03-13;23000577.92
55563322000130;2026-03-13;48786236.93
55563583000150;2026-03-12;73320444.16
55563973000120;2026-03-12;11026549.98
55572497000104;2026-03-12;208476153.69
55572596000196;2026-03-13;3507789.65
55572800000179;2026-03-13;2111922.03
55573077000142;2026-03-12;180590973.20
55574437000120;2026-03-13;71581721235.81
55574617000102;2026-03-12;14499821.09
55574929000116;2026-03-13;26859494.70
55575058000155;2026-03-13;2108164.41
55575357000190;2026-03-13;39116500.56
55575472000164;2026-03-12;74514066.47
55577828000107;2026-03-12;1274671780.37
55579447000159;2026-03-13;362624872.16
55580077000170;2026-03-13;21762867.37
55581653000101;2026-03-13;939109521.99
55582462000156;2026-03-13;155519883.49
55582552000147;2026-03-13;66639087.72
55582812000184;2026-03-16;209798500.72
55583192000106;2026-03-13;322866636.59
55583687000127;2026-03-13;103259399.59
55583745000112;2026-03-13;41044113.26
55587423000141;2026-03-13;128052482.82
55587881000180;2026-03-13;116329524.39
55594748000151;2026-03-12;330851335.40
55597133000189;2026-03-13;51875643.27
55597302000180;2026-03-13;11128924.49
55597503000188;2026-03-13;14059284.80
55597712000121;2026-03-13;9043626.50
55600064000115;2026-03-13;72430308.58
55600283000102;2026-03-13;11882112.67
55606732000111;2026-03-13;11736488.25
55612488000108;2026-03-12;21330689.25
55614115000168;2026-03-16;195899272.36
55614186000160;2026-03-11;23752761.76
55614640000183;2026-03-13;0.00
55614817000141;2026-03-13;8022828.63
55615052000164;2026-03-13;63199412.34
55615446000112;2026-03-13;53117052.02
55616947000113;2026-03-13;48114786.05
55618112000100;2026-03-13;2940669.43
55618772000183;2026-03-13;18153397.46
55625314000171;2026-03-13;0.00
55626779000147;2026-03-12;24637187.55
55627121000150;2026-03-13;28585499.83
55627404000100;2026-03-12;58158727.46
55630600000125;2026-03-13;10465556.14
55632270000107;2026-03-13;52765748.71
55633340000141;2026-03-06;483060831.87
55633378000114;2026-03-11;1887080.05
55634848000164;2026-03-11;529311854.72
55635552000168;2026-03-13;157910966.13
55635640000160;2026-03-13;100667204.96
55635663000174;2026-03-13;35835058.39
55647058000113;2026-03-13;48305646.71
55648207000169;2026-03-12;1063819.11
55649203000103;2026-03-13;4076121725.65
55652661000193;2026-03-13;1545734008.02
55652936000199;2026-03-13;559548774.62
55653173000109;2026-03-13;221591290.86
55655844000162;2026-03-13;1746091130.46
55658042000106;2026-03-13;42851273.52
55658081000103;2026-03-13;77497330.04
55664322000127;2026-03-13;9141247.91
55664723000187;2026-03-13;9219516.57
55664985000141;2026-03-13;4076631.95
55665077000172;2026-03-13;9983254.02
55665281000193;2026-03-13;16657737.86
55665349000134;2026-03-13;97386062.51
55666057000116;2026-03-13;33276826.18
55666433000172;2026-03-13;39273793.98
55667045000106;2026-03-13;1434139122.69
55667823000167;2026-03-13;4892954.19
55668010000191;2026-03-13;279320673.01
55670650000136;2026-03-11;37591152.26
55674822000140;2026-03-13;35549819.26
55675472000136;2026-03-13;23318102.15
55675782000150;2026-03-13;23077322.97
55677112000173;2026-03-13;113660541.44
55677113000118;2026-03-13;22969257.02
55684603000141;2026-03-12;64616278.79
55684647000171;2026-03-12;76366667.15
55685435000109;2026-03-13;181821822.79
55686350000145;2026-03-13;9284575.11
55686637000175;2026-03-13;22735824.91
55689417000103;2026-03-13;112276515.57
55690368000110;2026-03-13;25122961.39
55691644000165;2026-03-13;490930.41
55692607000171;2026-03-13;491065.56
55693070000164;2026-03-13;490990.52
55693237000197;2026-03-13;490927.40
55694682000171;2026-03-11;26765819.24
55695430000167;2026-03-13;14776269.52
55701008000177;2026-03-13;68561234.16
55704392000161;2026-03-13;25453662.68
55705137000133;2026-03-13;14916213.05
55708971000182;2026-03-13;185906646.53
55710493000145;2026-03-13;20871484.82
55711544000153;2026-03-06;-3451687.02
55712023000110;2026-03-13;83395109.09
55713743000109;2026-03-13;23573512.91
55714194000189;2026-03-13;46974045.52
55717378000100;2026-03-11;108272871.62
55724152000129;2026-03-13;54772794.60
55726312000179;2026-03-12;813214161.48
55726727000142;2026-03-10;159416549.70
55744162000126;2026-03-13;1153294934.51
55746538000131;2026-03-13;34754210.23
55746782000102;2026-03-13;1034804343.07
55749856000156;2026-03-12;119573586.08
55749879000160;2026-03-13;252113419.61
55750036000184;2026-03-13;293502914.72
55750156000181;2026-03-13;22265865.52
55750852000198;2026-03-13;22115326.09
55751489000125;2026-03-13;1339695321.32
55751548000165;2026-03-13;51984949.61
55751710000145;2026-03-13;23559976.97
55751815000102;2026-03-13;43606469.29
55751847000108;2026-03-13;263514163.12
55751956000117;2026-03-13;68575880.68
55752247000156;2026-03-13;1243279634.09
55753823000180;2026-03-13;32216669.43
55753965000147;2026-03-13;4651028.33
55754033000119;2026-03-13;22860202.42
55754091000142;2026-03-13;12136326.98
55754164000104;2026-03-13;115780024.17
55754239000149;2026-03-13;38417534.00
55761382000168;2026-03-13;47184827.22
55761575000119;2026-03-13;12645460.33
55761731000141;2026-03-13;21456848.24
55761979000102;2026-03-13;12191698.71
55763285000104;2026-03-13;406569188.08
55767954000116;2026-03-13;54503470.29
55768091000100;2026-03-13;9548549.13
55768240000122;2026-03-13;39037196.42
55768938000148;2026-03-13;64330130.57
55770799000197;2026-03-13;41493763.63
55771625000149;2026-03-13;154197720.36
55772515000100;2026-03-13;2102700.71
55772629000141;2026-03-13;49676806.91
55779486000108;2026-03-13;3769438.59
55779544000195;2026-03-13;7233248.78
55780933000130;2026-03-13;145031367.51
55791634000100;2026-03-13;18107859.74
55800571000100;2026-03-13;20205495.93
55801014000104;2026-03-12;22956578.59
55801106000186;2026-03-13;80404158.22
55801407000100;2026-03-13;83593957.19
55804334000100;2026-03-13;63949551.09
55808078000129;2026-03-13;1158114817.62
55808602000161;2026-03-12;52343528.18
55808610000108;2026-03-13;10675002.28
55809687000100;2026-03-13;22143241.80
55809957000175;2026-03-13;21029815.40
55813031000153;2026-03-13;77381231.26
55823636000125;2026-03-12;66249045.38
55824741000189;2026-03-12;15811921.26
55825849000196;2026-03-13;19206201.13
55826207000101;2026-03-13;218102358.37
55826668000184;2026-03-12;24997092.44
55837621000116;2026-03-13;6943660.79
55839003000105;2026-03-13;125806772.23
55849563000140;2026-03-13;16740338.62
55849686000181;2026-03-13;20914505.38
55849709000158;2026-03-13;13468639.02
55859549000128;2026-03-13;4814474087.10
55861122000164;2026-03-13;47815840.97
55892310000150;2026-03-13;25469987.80
55892452000117;2026-03-13;1189469.62
55892816000169;2026-03-13;23365795.23
55893092000178;2026-03-13;1187179.63
55893260000125;2026-03-13;49243654.32
55893460000188;2026-03-12;123984145.77
55893494000172;2026-03-13;48557453.87
55893628000155;2026-03-13;50123375.84
55893741000130;2026-03-13;19270492.03
55893745000119;2026-03-13;30527742.63
55893863000127;2026-03-13;1696356.32
55894074000100;2026-03-12;470914998.45
55894284000107;2026-03-12;23766773.34
55894379000112;2026-03-13;77854763.05
55894503000140;2026-03-13;45360326.63
55894549000169;2026-03-13;49139313.53
55894683000160;2026-03-13;15987853.05
55895200000141;2026-03-13;21872714.23
55895324000127;2026-03-12;20370829.39
55896144000160;2026-03-13;41055095.65
55897646000105;2026-03-13;35173548.25
55898568000163;2026-03-13;56727239.27
55898593000147;2026-03-12;44001660.41
55898873000155;2026-03-13;127804942.34
55898974000126;2026-03-13;33635689.00
55899189000198;2026-03-12;75298592.35
55899469000104;2026-03-13;29573886.16
55900108000122;2026-03-04;43282676.72
55904966000145;2026-03-13;910339291.54
55907076000197;2026-03-13;1731507833.75
55907888000132;2026-03-13;1397965759.01
55908733000110;2026-03-12;444788596.55
55911526000115;2026-03-13;632571353.15
55911650000180;2026-03-13;24503651.57
55912409000176;2026-03-12;32043808.87
55912709000155;2026-03-12;203302359.09
55913887000109;2026-03-13;38455794.10
55913983000149;2026-03-13;446040805.38
55914466000194;2026-03-12;23144749.71
55915452000195;2026-03-13;3374624.87
55915455000129;2026-03-13;11210649.58
55915733000148;2026-03-13;2253096.95
55916218000182;2026-03-13;44224482.12
55927207000106;2026-03-13;54695084.56
55928061000105;2026-03-13;6095561957.38
55937743000184;2026-03-13;17120961.46
55937891000107;2026-03-13;10725667.54
55937962000163;2026-03-13;158266294.65
55937998000147;2026-03-13;67149667.91
55939214000110;2026-03-13;67326527.96
55939498000144;2026-03-13;14285941.56
55940336000126;2026-03-12;46128066.54
55940458000112;2026-03-13;11142149.70
55940692000140;2026-03-13;200392462.33
55945272000156;2026-03-13;18228471.63
55946775000146;2026-03-13;9041175.51
55947120000192;2026-03-12;827427642.99
55947668000132;2026-03-13;39690364.78
55951226000160;2026-03-13;180673718.48
55952408000155;2026-03-11;102436236.16
55955495000102;2026-03-12;100765392.08
55955665000140;2026-03-13;158045146.74
55956652000196;2026-03-13;786853598.93
55956807000194;2026-03-13;11646155.75
55957999000153;2026-03-16;1249949.54
55958159000105;2026-03-12;6936429.30
55958204000121;2026-03-13;4245454.31
55963851000121;2026-03-12;64781003.42
55968913000198;2026-03-12;160133599.44
55969096000192;2026-03-13;706694208.19
55981966000149;2026-03-13;45882521.91
55983101000111;2026-03-13;37713571.49
55983603000142;2026-03-12;67005152.10
55984087000170;2026-03-13;50197918.73
55984149000144;2026-03-12;55257802.96
55984221000133;2026-03-13;50654500.79
55984282000109;2026-03-12;19410115.28
55985935000166;2026-03-13;40966503.92
55986292000175;2026-03-13;279564834.32
55986610000106;2026-03-13;107824087.31
55991827000104;2026-03-13;54779724.63
55992019000153;2026-03-13;277081939.95
55992122000101;2026-03-13;95317458.27
55992782000184;2026-03-12;102556241.72
55993375000191;2026-03-13;47923649.50
55994151000102;2026-03-13;45104069.54
55994210000134;2026-03-13;1284406357.88
55994391000107;2026-03-13;79576251.02
56002195000163;2026-03-12;47553848.09
56002374000109;2026-03-16;1758351.87
56002415000159;2026-03-12;108256375.10
56002643000129;2026-03-16;1669054.00
56002809000107;2026-03-16;1735195.57
56004782000191;2026-03-13;24797502.60
56006271000109;2026-03-12;23601953.88
56006659000100;2026-03-13;1333538.28
56006990000120;2026-03-13;1375440.40
56007132000108;2026-03-13;1093970.33
56007519000156;2026-03-13;1477284.59
56007558000153;2026-03-13;2184830.50
56008185000135;2026-03-16;2183224.03
56009000000107;2026-03-13;1269978.89
56009163000190;2026-03-13;2074599.00
56009380000180;2026-03-13;1478525.23
56009404000109;2026-03-13;23496689.11
56022951000116;2026-03-13;175729278.94
56029266000111;2026-03-13;26122396.77
56033386000192;2026-03-12;3986400.04
56033932000195;2026-03-13;22305385.99
56033991000163;2026-03-13;258035606.38
56046971000127;2026-03-13;61986830.49
56047035000130;2026-03-13;38409176.37
56047068000180;2026-03-13;53255699.65
56047238000127;2026-03-13;22467369.61
56047457000106;2026-03-13;40310990.28
56047653000180;2026-03-13;48237170.62
56047671000162;2026-03-13;23137525.12
56048083000143;2026-03-13;54243156.91
56048468000100;2026-03-13;1605413.57
56048560000170;2026-03-13;20678608.56
56048626000122;2026-03-10;27159006.68
56049227000186;2026-03-13;218879332.71
56049285000100;2026-03-13;918213457.46
56049361000187;2026-03-13;949138458.88
56049404000124;2026-03-13;11490277.74
56049459000134;2026-03-13;433312740.07
56051304000132;2026-03-13;40072897.40
56052260000165;2026-03-13;134514130.92
56052362000180;2026-03-13;4689575.81
56052884000182;2026-03-13;53844898.16
56053092000122;2026-03-13;57290422.89
56053893000198;2026-03-13;127611138.60
56055581000113;2026-03-11;58134697.47
56058841000104;2026-03-13;42236877.83
56060474000183;2026-03-13;38573329.53
56060531000124;2026-03-13;13594435.61
56060562000185;2026-03-13;67584790.77
56060597000114;2026-03-13;7655477.68
56061188000132;2026-03-13;32849078.76
56063105000144;2026-03-13;1623693817.71
56067569000129;2026-03-13;333945736.99
56067582000188;2026-03-13;383967972.63
56067767000192;2026-03-13;75712700.73
56069323000196;2026-03-13;775203691.94
56070131000108;2026-03-12;6581096.03
56073725000164;2026-03-13;385285436.59
56082045000107;2026-03-12;20189286.35
56083672000162;2026-03-12;17722160.98
56085661000111;2026-03-12;61282566.13
56086728000132;2026-03-13;19534187.77
56088296000107;2026-03-13;75755625.71
56088570000130;2026-03-13;11313351.40
56089347000107;2026-03-13;42633646.63
56090751000109;2026-03-12;196234659.42
56091475000195;2026-03-13;41461982.05
56092829000116;2026-03-13;35317020.84
56093011000118;2026-03-13;11336118.27
56093218000192;2026-03-13;351774201.59
56105999000198;2026-03-13;330597237.99
56106292000104;2026-03-13;37261493.74
56106516000170;2026-03-13;3308402.53
56107403000199;2026-03-13;61895922.52
56107942000128;2026-03-13;61803198.36
56108411000150;2026-03-13;995266346.69
56109203000175;2026-03-13;10676460.61
56125991000193;2026-03-13;444841990.31
56127042000142;2026-03-12;22247064.22
56127779000165;2026-03-13;458396813.09
56134593000133;2026-03-12;27564732.57
56134800000150;2026-03-13;3365047246.27
56136544000130;2026-03-13;29587420.52
56140217000151;2026-03-13;40052498.74
56140513000152;2026-03-13;78995624.82
56141085000182;2026-03-13;2501330.20
56141721000176;2026-03-13;53987843.53
56141798000146;2026-03-13;60072611.13
56147579000174;2026-03-13;35763729.30
56149470000176;2026-03-12;1792746.92
56150032000128;2026-03-13;60231753.25
56150334000104;2026-03-12;11373770.96
56154549000195;2026-03-12;12647903.40
56159439000116;2026-03-13;35282486.51
56171772000140;2026-03-13;3003929.73
56171855000130;2026-03-13;36313076.64
56171894000137;2026-03-13;75341532.25
56174179000158;2026-03-13;17223527.89
56174498000163;2026-03-13;44040395.56
56174734000141;2026-03-13;19793853.23
56174994000117;2026-03-13;24721963.09
56175172000150;2026-03-13;51306482.48
56175997000175;2026-03-13;52127241.62
56176352000157;2026-03-13;18219199.52
56185166000184;2026-03-13;45801299.76
56185252000197;2026-03-13;45796097.34
56190639000131;2026-03-13;37618230.73
56199309000107;2026-03-13;33385548.62
56199556000103;2026-03-13;28649810.76
56208863000103;2026-03-13;729504495.87
56209124000136;2026-03-13;1141289554.05
56209467000109;2026-03-13;297820077.21
56209706000112;2026-03-13;32737782.86
56209979000167;2026-03-13;46207503.49
56223657000172;2026-03-13;2909218.94
56223773000191;2026-03-13;149839971.77
56224202000171;2026-03-13;19899587.83
56224296000189;2026-03-13;23696993.50
56225663000169;2026-03-13;44940925.39
56237434000164;2026-03-13;106907230.12
56237501000140;2026-03-13;12189893.43
56237607000144;2026-03-13;75653008.26
56237770000107;2026-03-13;140552010.66
56251883000167;2026-03-13;142452310.23
56268870000109;2026-03-13;51267534.77
56281562000105;2026-03-13;31656058.34
56281671000122;2026-03-13;18546726.96
56282214000152;2026-03-12;22346718.60
56283391000153;2026-03-13;775875.50
56283509000143;2026-03-13;28763793.46
56284312000129;2026-03-13;1797524165.04
56284450000108;2026-03-13;88351907.11
56284639000109;2026-03-13;83796590.64
56285899000190;2026-03-13;71326173.09
56321253000111;2026-03-12;24204660.91
56323300000166;2026-03-13;16360495.73
56343321000143;2026-03-13;15641768.11
56343578000103;2026-03-13;840280.13
56344900000100;2026-03-13;885071323.59
56349290000138;2026-03-13;38404686.21
56365169000108;2026-03-13;54130123.55
56365479000114;2026-03-13;24524661.21
56365598000177;2026-03-13;2668025.80
56367765000119;2026-03-13;68013176.80
56367918000128;2026-03-13;28155336.70
56377442000106;2026-03-13;3187955.59
56377520000172;2026-03-13;429633740.52
56385272000101;2026-03-13;6434216.03
56386123000167;2026-03-13;6372578.03
56386364000106;2026-03-13;15734245.27
56388082000148;2026-03-13;22886641.26
56388159000180;2026-03-13;12947544.53
56388213000197;2026-03-13;146787132.50
56388249000170;2026-03-13;31138323.67
56388276000143;2026-03-13;16805376.16
56393401000103;2026-03-13;18675198.85
56415515000107;2026-03-13;372900015.05
56415575000120;2026-03-13;248825053.70
56415717000159;2026-03-13;1137239278.76
56416792000134;2026-03-13;8747593.87
56422147000124;2026-03-13;20197845.71
56428551000105;2026-03-13;159172143.24
56430125000106;2026-03-11;44979027.49
56430479000150;2026-03-13;717979680.38
56430872000144;2026-03-13;125460979.33
56431064000100;2026-03-13;68159223.14
56431278000178;2026-03-13;14972640.70
56431500000132;2026-03-13;175189701.06
56431727000188;2026-03-13;3237124091.13
56431886000182;2026-03-13;755517243.32
56432533000105;2026-03-13;4464408.74
56479808000158;2026-03-13;69153761.07
56504692000160;2026-03-12;161628506.96
56525734000149;2026-03-12;165785758.44
56544536000122;2026-03-13;123192308.07
56544725000103;2026-03-13;23049926.50
56545142000199;2026-03-13;18820210.61
56573470000107;2026-03-13;21233545.30
56608307000124;2026-03-13;340455593.07
56615977000178;2026-03-13;317354914.01
56617182000107;2026-03-13;8230365.91
56658377000197;2026-03-13;267423750.30
56659299000145;2026-03-13;13760520.47
56659416000170;2026-03-12;32354536.45
56661673000147;2026-03-13;97722403.19
56661922000102;2026-03-13;83741858.79
56690945000137;2026-03-13;10103244.60
56704051000159;2026-03-13;328874984.28
56704449000195;2026-03-13;8964255.96
56706457000170;2026-03-13;92678038.28
56706600000124;2026-03-12;45201914.15
56706789000155;2026-03-13;74877232.60
56706816000190;2026-03-13;165297554.26
56707981000166;2026-03-12;28148668.71
56726092000146;2026-03-13;21410964.04
56778085000198;2026-03-13;22385553.77
56778531000164;2026-03-13;365753581.99
56781309000110;2026-03-13;2076328.05
56797565000104;2026-03-13;27977323.69
56824090000190;2026-03-13;2121485985.04
56844601000135;2026-03-12;20571224.18
56844612000115;2026-03-13;128249980.86
56848758000139;2026-03-13;22911977.30
56862671000116;2026-03-13;22146327.17
56875585000148;2026-03-13;86264165.16
56876275000148;2026-03-12;865540358.82
56879657000125;2026-03-12;29913983.12
56886239000165;2026-03-13;23121286.19
56886582000100;2026-03-13;66794640.13
56886777000150;2026-03-13;46538295.37
56887842000161;2026-03-13;60208250.77
56903183000100;2026-03-12;655592588.88
56912045000197;2026-03-13;5588309.33
56912295000127;2026-03-12;43628819.22
56912856000198;2026-03-13;295143424.18
56914505000116;2026-03-12;100215456.33
56914660000132;2026-03-12;122270325.67
56915560000120;2026-03-13;29889485435.55
56915716000173;2026-03-12;31655834.47
56916483000123;2026-03-13;16931727.65
56916550000100;2026-03-16;1677753.10
56916553000143;2026-03-13;3786298.40
56926467000111;2026-03-13;10971325.28
56926582000196;2026-03-13;52081018.06
56934311000182;2026-03-13;265540714.75
56934584000127;2026-03-13;12855283.57
56934790000137;2026-03-13;207716156.13
56935104000142;2026-03-13;22749168.62
56936565000130;2026-03-09;3930560.27
56942408000137;2026-03-13;87514803.48
56944017000151;2026-03-13;3810914224.50
56944681000109;2026-03-13;10857084.03
56944742000120;2026-03-13;5997335.11
56947022000118;2026-03-13;72035029.97
56947713000111;2026-03-12;125670324.69
56951180000141;2026-03-13;66030140.25
56951691000163;2026-03-12;12619267.23
56953877000151;2026-03-13;86080984.95
56953911000198;2026-03-13;13518482.78
56954063000131;2026-03-13;13994920.71
56954817000153;2026-03-13;5593950.55
56954946000141;2026-03-13;486728963.87
56955022000160;2026-03-13;54675804.02
56955238000125;2026-03-13;565199823.92
56955481000143;2026-03-13;19585723.12
56955548000140;2026-03-13;116121062.68
56955612000192;2026-03-13;61971913.52
56955862000122;2026-03-13;57657467.15
56955895000172;2026-03-13;15792843.13
56957419000190;2026-03-13;26634877.28
56964025000160;2026-03-13;40831880.96
56973260000106;2026-03-13;21845517.04
56973849000104;2026-03-13;254449137.65
56974172000110;2026-03-13;11016282856.54
56974598000174;2026-03-13;1280437853.04
56976377000135;2026-03-13;46968388.53
56976504000104;2026-03-13;10853429.13
56983274000100;2026-03-13;15009617.51
56984639000103;2026-03-13;24170864.12
56992708000120;2026-03-13;402144111.78
56992930000123;2026-03-12;188183959.34
56993984000103;2026-03-13;388654357.75
57009700000164;2026-03-13;966156929.91
57009772000101;2026-03-12;23460122.50
57009782000147;2026-03-13;529401975.84
57009826000139;2026-03-13;436421463.47
57010267000187;2026-03-12;23519404.59
57010979000104;2026-03-13;8176866.01
57014036000141;2026-03-13;2502729.99
57017755000116;2026-03-13;44588916.49
57018425000145;2026-03-13;21198215.86
57018478000166;2026-03-13;40217033.95
57018584000140;2026-03-13;38194460.89
57018671000105;2026-03-13;17199934.69
57021822000176;2026-03-12;447173129.05
57027347000145;2026-03-13;145265322.34
57027498000101;2026-03-13;658941926.32
57027655000170;2026-03-13;1966150636.33
57030535000122;2026-03-13;85604613.85
57030923000103;2026-03-13;3644661.75
57031665000180;2026-03-12;58961782.51
57032497000147;2026-03-13;2238629094.99
57032645000123;2026-03-13;3800454404.54
57032921000153;2026-03-13;3763893290.76
57032992000156;2026-03-13;116722727.81
57033161000107;2026-03-13;21947106.32
57033363000140;2026-03-12;26713162.32
57033451000142;2026-03-13;35868868.12
57033556000100;2026-03-13;14790038.02
57033695000125;2026-03-13;251348407.22
57033833000176;2026-03-13;345815507.30
57033919000107;2026-03-13;2942076460.32
57034741000100;2026-03-13;3342255.39
57035683000130;2026-03-13;11014822.79
57035810000109;2026-03-13;65676164.42
57035905000114;2026-03-13;121395388.75
57038991000119;2026-03-13;291854562.57
57039057000111;2026-03-13;22593489.85
57045881000184;2026-03-13;33909981.59
57046745000109;2026-03-13;1430991648.37
57049210000191;2026-03-13;40820780.57
57055396000191;2026-03-12;20339039.63
57055583000175;2026-03-13;13468123.85
57055712000125;2026-03-13;23706297.40
57058350000126;2026-03-13;26310667.63
57061738000186;2026-03-13;94829747.81
57065462000104;2026-03-13;203934388.40
57065769000105;2026-03-13;11766932.80
57066197000189;2026-03-13;41452384.45
57069309000155;2026-03-12;13777465.18
57070016000198;2026-03-13;11900440.90
57070106000189;2026-03-12;95223562.27
57070240000180;2026-03-13;9784814.19
57070309000175;2026-03-13;89626490.44
57073766000113;2026-03-13;54435864.04
57074358000186;2026-03-12;15024492.92
57075445000158;2026-03-13;21879120.65
57075698000121;2026-03-13;177642069.44
57075941000101;2026-03-13;3224004.94
57076004000170;2026-03-13;21903436.76
57076641000147;2026-03-13;53170694.27
57084609000103;2026-03-13;4614911.23
57085218000103;2026-03-12;27843043.26
57088293000128;2026-03-13;153531279.54
57088620000141;2026-03-13;61886702.93
57090774000178;2026-03-12;309519292.50
57106143000108;2026-03-12;23074806.06
57106323000181;2026-03-13;27833290.50
57108629000177;2026-03-13;25279907.99
57110842000113;2026-03-13;977164773.89
57113258000111;2026-03-13;19311976.64
57118122000102;2026-03-13;255604707.56
57118984000127;2026-03-13;28959237.46
57119209000196;2026-03-13;22191483.00
57132572000141;2026-03-13;4776969.52
57134507000155;2026-03-11;320502012.71
57136671000100;2026-03-13;127759728.66
57137532000192;2026-03-13;5221229.43
57137857000175;2026-03-13;24420625.94
57138074000106;2026-03-12;59955495.26
57138450000162;2026-03-13;47767564.80
57138708000120;2026-03-13;131980699.51
57146882000115;2026-03-13;16116734.92
57151194000143;2026-03-13;45923254.41
57154741000144;2026-03-13;4212144.04
57155770000120;2026-03-12;249098540.12
57156776000112;2026-03-13;6210980.45
57157488000182;2026-03-12;12061446.59
57158493000100;2026-03-12;33042855.79
57158611000180;2026-03-13;23451725.74
57162917000100;2026-03-13;8526658.86
57163556000116;2026-03-12;34317148.81
57166213000105;2026-03-13;4260648.11
57166392000180;2026-03-13;4299810.02
57171299000164;2026-03-12;87802556.68
57172951000165;2026-03-13;45797965.95
57173313000169;2026-03-13;103834922.37
57173714000119;2026-03-13;68693291.79
57176726000105;2026-03-13;13673262408.38
57183830000119;2026-03-13;303746316.89
57186183000107;2026-03-13;26841629.58
57186836000140;2026-03-13;5139606.24
57187727000147;2026-03-12;67909356.39
57187780000148;2026-03-12;54077511.01
57188514000130;2026-03-13;44510794.61
57188749000121;2026-03-12;34363343.81
57188854000160;2026-03-13;77406567.93
57190346000117;2026-03-13;179426304.93
57190368000187;2026-03-13;279432067.15
57190500000150;2026-03-13;17757599.30
57190762000115;2026-03-13;37368794.10
57191768000107;2026-03-13;132426980.19
57192393000108;2026-03-13;224461815.97
57204032000126;2026-03-13;26378065.73
57204890000170;2026-03-13;70452067.17
57204983000103;2026-03-13;45859187.02
57205240000140;2026-03-13;1590740.35
57205740000181;2026-03-13;23367835.79
57205934000187;2026-03-13;20960024.45
57210425000142;2026-03-13;24575804.18
57216218000103;2026-03-13;80617375.74
57226027000114;2026-03-13;25471856.95
57227105000103;2026-03-13;1018418132.02
57233773000135;2026-03-13;82231492.01
57234329000134;2026-03-13;14461165.26
57235960000158;2026-03-12;37927971.29
57242161000109;2026-03-13;1276732746.72
57242432000126;2026-03-13;63675906.30
57242621000107;2026-03-13;693167856.56
57243068000119;2026-03-02;0.00
57246176000145;2026-03-13;72363351.35
57247150000111;2026-03-13;209.44
57249012000171;2026-03-13;172775691.16
57249502000178;2026-03-13;161495540.36
57249756000196;2026-03-13;49948125.74
57251582000104;2026-03-13;235631911.90
57251890000121;2026-03-13;268585492.24
57252434000104;2026-03-13;47180191.99
57261099000100;2026-03-12;13812498.63
57264092000134;2026-03-13;174999117.31
57264484000101;2026-03-13;233125058.87
57270020000108;2026-03-13;107759732.95
57276391000199;2026-03-13;25169306.31
57276699000134;2026-03-13;183176173.60
57276785000147;2026-03-03;0.00
57276793000193;2026-03-13;61013832.36
57276848000165;2026-03-13;472376952.41
57277278000128;2026-03-03;73641693.65
57277433000106;2026-03-03;869558883.62
57277488000116;2026-03-03;812336775.38
57277762000157;2026-03-04;1966247421.83
57277937000126;2026-03-13;14252407.85
57278218000120;2026-03-12;33212558.83
57279743000160;2026-03-13;160854902.17
57279837000139;2026-03-12;18721853.22
57279886000171;2026-03-13;28416271.51
57279928000174;2026-03-13;12593107.04
57279999000177;2026-03-13;29897469.38
57280201000107;2026-03-12;65999285.08
57280277000132;2026-03-13;155693604.37
57280340000130;2026-03-11;1415521942.57
57280397000130;2026-03-12;4647430.59
57280409000126;2026-03-13;23289241.99
57280468000102;2026-03-13;49965771.10
57281019000170;2026-03-13;52817402.52
57281238000150;2026-03-13;9220069.37
57281655000100;2026-03-13;32675803.42
57284583000147;2026-03-13;88814019.51
57285541000120;2026-03-13;493763772.07
57285625000164;2026-03-13;340151706.36
57285759000185;2026-03-13;36653281.75
57285927000132;2026-03-13;28860600.93
57300689000197;2026-03-13;308451398.14
57300942000102;2026-03-13;4722054.52
57301287000107;2026-03-13;1760738.37
57305649000138;2026-03-13;132959015.43
57305986000125;2026-03-13;1168986.53
57308366000140;2026-03-13;239696509.87
57309730000196;2026-03-12;83207881.57
57310629000155;2026-03-13;26914763.22
57310870000184;2026-03-13;28763414.72
57323572000129;2026-03-13;140345319.44
57324104000179;2026-03-13;17399668.81
57324861000142;2026-03-12;26081402.85
57324934000104;2026-03-13;22334773.45
57325988000186;2026-03-13;1064008416.92
57326791000161;2026-03-13;47230712.81
57326847000188;2026-03-13;21628610.97
57335243000106;2026-03-13;100874173.85
57336185000127;2026-03-13;239989283.53
57338802000123;2026-03-13;162069173.11
57339074000174;2026-03-13;129320856.92
57340494000170;2026-03-13;29362733.53
57340633000166;2026-03-13;43910053.49
57341120000170;2026-03-13;23628290.65
57341243000100;2026-03-13;181787562.74
57341511000194;2026-03-13;29336764.60
57341650000118;2026-03-13;73664132.62
57341740000109;2026-03-12;79449291.29
57341983000147;2026-03-13;599628759.47
57342019000133;2026-03-13;73674919.07
57342258000193;2026-03-12;61192402.99
57342734000176;2026-03-13;715165321.75
57343754000161;2026-03-13;1804498591.90
57346416000183;2026-03-13;87027581.23
57346476000104;2026-03-13;34207805.28
57346708000116;2026-03-12;1238319978.67
57357581000130;2026-03-12;854464923.49
57363042000104;2026-03-13;9802847.12
57369144000137;2026-03-12;11756032.72
57370727000188;2026-03-13;41651735.82
57371131000100;2026-03-13;6951893.50
57371454000196;2026-03-12;59901418.20
57375967000175;2026-03-13;612350903.58
57376385000103;2026-03-12;12440054.87
57378112000106;2026-03-12;57956490.78
57378230000106;2026-03-13;42643864.16
57378397000177;2026-03-12;16521853.47
57378502000178;2026-03-13;9303806.12
57378517000136;2026-03-13;39164792.73
57378527000171;2026-03-13;3605975.16
57378533000129;2026-03-13;38313637.56
57378563000135;2026-03-13;27667381.39
57395116000194;2026-03-13;22000502.72
57395516000108;2026-03-13;20845822.47
57395587000100;2026-03-13;16594638.42
57395648000121;2026-03-13;15387784.08
57396330000165;2026-03-13;123884938.25
57398359000186;2026-03-12;33014538.91
57400187000138;2026-03-13;22443442.51
57400717000148;2026-03-13;24519692.67
57400933000193;2026-03-13;78073456.58
57401238000146;2026-03-13;25337398.41
57401383000127;2026-03-13;2878646.77
57401470000184;2026-03-13;44656930.02
57401528000190;2026-03-13;34495575.15
57401595000104;2026-03-13;46452060.68
57414728000187;2026-03-13;5811893.89
57415728000100;2026-03-13;5023058.63
57416421000115;2026-03-13;32630039.07
57416672000108;2026-03-12;206877550.56
57420290000140;2026-03-13;136484102.78
57435321000136;2026-03-13;21910809.50
57435995000130;2026-03-13;81682805.93
57436270000167;2026-03-13;19219629.99
57438524000186;2026-03-13;589281661.38
57438785000104;2026-03-12;78084317.61
57438918000134;2026-03-12;316652681.22
57439066000108;2026-03-13;39639166.81
57439290000191;2026-03-13;35273930.41
57439496000111;2026-03-13;110156380.79
57439794000101;2026-03-13;2038313659.44
57440038000100;2026-03-13;1188130.30
57440344000139;2026-03-13;5329487.11
57445402000117;2026-03-13;24746483.13
57446923000199;2026-03-13;98986543.02
57448345000120;2026-03-12;23197412.48
57449111000105;2026-03-13;494312233.00
57449291000117;2026-03-12;519630336.70
57454364000169;2026-03-13;7855764.35
57454792000191;2026-03-12;3575511.72
57455865000160;2026-03-04;138580.54
57457010000178;2026-03-13;14922552.76
57457157000168;2026-03-13;26263714.87
57463732000135;2026-03-16;0.00
57466264000152;2026-03-12;106996743.52
57466836000101;2026-03-13;19872483.32
57467940000102;2026-03-13;158026064.97
57470913000199;2026-03-12;47513444.66
57472562000155;2026-03-13;416756615.89
57472630000186;2026-03-12;15535738.56
57473219000125;2026-03-12;34967338.02
57473503000100;2026-03-12;73228016.57
57473697000135;2026-03-12;37445239.33
57473861000104;2026-03-13;7042888.69
57473997000114;2026-03-13;33651325.95
57474039000168;2026-03-13;27243867.21
57474064000141;2026-03-12;23573278.57
57474275000184;2026-03-12;16818796.57
57474374000166;2026-03-12;26544903.98
57492192000118;2026-03-13;23880761.69
57494227000158;2026-03-13;66289624.27
57499088000155;2026-03-13;25480338.72
57499155000131;2026-03-13;30682582.26
57512269000174;2026-03-13;29135007.45
57512491000177;2026-03-12;16251425.40
57512910000170;2026-03-13;17816762.61
57513308000158;2026-03-12;27179525.41
57514772000169;2026-03-13;96824865.58
57516887000192;2026-03-13;85071636.30
57517964000129;2026-03-12;61022535.50
57525392000120;2026-03-13;15301415.75
57527539000110;2026-03-13;42405361.03
57527685000146;2026-03-13;41396837.30
57527967000143;2026-03-13;30697048.13
57528848000105;2026-03-13;9348637.73
57531860000179;2026-03-13;74164621.38
57533951000143;2026-03-13;6482181.64
57535053000124;2026-03-13;26585787.78
57535658000115;2026-03-13;20853166.72
57536308000173;2026-03-13;12377070.74
57536557000169;2026-03-13;21580282.03
57536946000194;2026-03-12;22776971.23
57537357000120;2026-03-13;64553449.88
57537861000120;2026-03-13;6477852.93
57541842000178;2026-03-13;12295528.49
57542682000181;2026-03-13;259538164.23
57550081000110;2026-03-13;853399362.42
57552109000159;2026-03-13;45583175.72
57552335000130;2026-03-13;21685322.03
57552611000160;2026-03-13;77308778.00
57553193000125;2026-03-13;4881760.54
57553569000100;2026-03-13;77670087.39
57553988000133;2026-03-13;859862482.23
57555037000101;2026-03-12;22049870.01
57555092000193;2026-03-13;107761287.16
57556363000125;2026-03-13;32917495.38
57561942000166;2026-03-13;27234420.46
57562064000101;2026-03-12;63099631.38
57565313000104;2026-03-13;12891700.11
57565778000165;2026-03-13;15157031.08
57566553000123;2026-03-13;117743778.78
57566789000160;2026-03-13;117588957.78
57567833000156;2026-03-13;6590149.75
57568598000137;2026-03-12;21703605.69
57568860000143;2026-03-12;65341160.43
57569111000130;2026-03-12;75522275.85
57569203000110;2026-03-12;181951484.20
57569540000108;2026-03-12;100043902.95
57569797000160;2026-03-12;100297208.90
57570655000112;2026-03-13;485173972.39
57581872000108;2026-03-13;1108076.81
57583715000131;2026-03-12;7882189.17
57590385000101;2026-03-13;43824761.25
57590612000107;2026-03-13;38101669.24
57590641000160;2026-03-12;49078820.09
57590826000175;2026-03-13;1582045659.42
57591252000150;2026-03-12;65284063.21
57591671000191;2026-03-12;155921397.11
57592067000180;2026-03-12;88123398.05
57593831000131;2026-03-13;57925501.61
57594567000150;2026-03-13;311173876.99
57600511000161;2026-03-13;115083850.07
57601370000100;2026-03-13;325383979.23
57602960000149;2026-03-12;40611206.29
57605877000123;2026-03-12;99964634.76
57607406000154;2026-03-12;99299256.05
57611636000197;2026-03-12;17122461.40
57613783000104;2026-03-13;110928147.15
57620173000120;2026-03-13;29293868.95
57623403000104;2026-03-13;1031603371.50
57623826000124;2026-03-12;153665588.74
57626567000195;2026-03-13;20906146.52
57627579000134;2026-03-12;41264525.66
57628211000190;2026-03-13;26824411.00
57629609000141;2026-03-13;163881683.02
57630008000159;2026-03-13;37428840.21
57630783000104;2026-03-12;10094482.08
57630902000129;2026-03-13;27545967.45
57630933000180;2026-03-13;70257738.94
57631016000110;2026-03-13;59505824.42
57631047000170;2026-03-13;59208163.15
57636187000131;2026-03-13;590416707.18
57637148000159;2026-03-13;27686860.52
57638817000107;2026-03-11;6502939.70
57639204000194;2026-03-13;12835135.79
57639394000140;2026-03-13;24133081.99
57641567000164;2026-03-13;22330508.69
57641802000106;2026-03-13;121410426.76
57643968000153;2026-03-12;29302069.05
57644743000111;2026-03-13;1554844.66
57645110000128;2026-03-13;671969736.75
57647314000106;2026-03-13;10080192.83
57647628000109;2026-03-12;14333004.21
57647643000149;2026-03-13;14787227.73
57653905000188;2026-03-12;198895381.26
57654090000151;2026-03-13;57701671.18
57654269000109;2026-03-13;296352632.60
57655791000105;2026-03-12;33608874.58
57659750000197;2026-03-13;127036385.14
57660315000182;2026-03-13;41059228.44
57660316000127;2026-03-13;481728800.40
57660583000102;2026-03-13;115453998.70
57661754000100;2026-03-13;28308483.61
57662061000131;2026-03-12;64253785.54
57662143000186;2026-03-13;394778085.30
57662228000164;2026-03-12;24793406.37
57662266000117;2026-03-13;265114733.46
57662392000171;2026-03-13;1862401.41
57672253000129;2026-03-13;31548476.75
57672265000153;2026-03-13;21464084.15
57672914000116;2026-03-12;447920510.97
57675854000195;2026-03-12;131738718.27
57676229000168;2026-03-13;67304177.66
57676980000164;2026-03-13;1505153006.58
57677562000191;2026-03-13;10992459.14
57677894000176;2026-03-13;14612635.82
57679361000123;2026-03-13;302035739.15
57680289000154;2026-03-13;16887326.04
57680612000190;2026-03-13;8765455.15
57680850000103;2026-03-13;19563054.62
57681558000105;2026-03-13;5317406.18
57681617000137;2026-03-13;38705469.89
57681732000101;2026-03-13;10526394.68
57681917000116;2026-03-13;31745464.18
57682222000159;2026-03-13;407892444.14
57682872000102;2026-03-13;17151738.36
57682990000102;2026-03-13;44959285.76
57683251000135;2026-03-12;1673896.05
57693281000122;2026-03-13;13622012.76
57693904000167;2026-03-13;89486819.38
57699544000100;2026-03-13;58564256.13
57699570000139;2026-03-12;37687068.71
57701615000162;2026-03-12;102159162.79
57706191000129;2026-03-12;165026013.88
57706349000160;2026-03-13;27400690.77
57710483000135;2026-03-13;95811087.24
57711303000130;2026-03-13;112711099.95
57711375000187;2026-03-12;100286000.10
57711638000158;2026-03-13;47876301.23
57711964000165;2026-03-13;32325199.78
57713013000125;2026-03-13;15753106.76
57713250000196;2026-03-13;32487545.15
57713682000105;2026-03-13;74322334.48
57713718000142;2026-03-13;101029145.86
57713837000103;2026-03-13;284648964.56
57714118000107;2026-03-13;74201672.07
57714384000121;2026-03-13;0.00
57714518000104;2026-03-13;21282681.31
57714726000103;2026-03-13;11940151.56
57717000000124;2026-03-13;82150511.99
57717004000102;2026-03-13;91623418.04
57718604000195;2026-03-13;4752034.54
57718687000112;2026-03-12;104621082.20
57719249000179;2026-03-13;1534977597.74
57719513000174;2026-03-12;39592860.15
57724721000161;2026-03-13;81343821.89
57725549000160;2026-03-13;27766437.14
57726577000100;2026-03-13;17864586.60
57733177000114;2026-03-13;18332983.18
57733994000172;2026-03-13;29718357.11
57735776000177;2026-03-13;149936724.26
57736190000127;2026-03-13;97176204.63
57736320000121;2026-03-13;2723390.72
57738351000111;2026-03-13;69652785.13
57744175000120;2026-03-13;23993231.89
57744364000101;2026-03-13;19857405.89
57744596000151;2026-03-13;47396296.74
57744696000188;2026-03-12;14812688.10
57745265000136;2026-03-13;13555018.18
57745690000125;2026-03-12;68335434.51
57746542000125;2026-03-13;40254718.70
57747620000106;2026-03-13;32367675.47
57747855000106;2026-03-13;28394089.72
57748037000110;2026-03-13;1044386081.51
57749481000150;2026-03-12;39591122.82
57751201000148;2026-03-13;23882173.00
57751362000131;2026-03-13;9094887.82
57751617000166;2026-03-13;9002109.12
57752951000134;2026-03-13;301364599.01
57753060000100;2026-03-13;123161187.69
57753153000127;2026-03-13;222851127.98
57753435000124;2026-03-13;30289784.87
57753479000154;2026-03-12;76959586.87
57771660000193;2026-03-12;306321066.60
57771924000109;2026-03-13;41291476.18
57775175000198;2026-03-13;24433501.55
57775617000104;2026-03-13;16802140.47
57775689000143;2026-03-13;117822296.51
57775779000134;2026-03-13;487779538.64
57775943000103;2026-03-13;26853946.45
57776076000120;2026-03-13;51562277.73
57776123000136;2026-03-11;193347402.84
57776286000119;2026-03-04;374013750.91
57776425000104;2026-03-04;416132608.17
57776487000116;2026-03-13;14000203.65
57776540000189;2026-03-04;779762938.19
57776606000130;2026-03-04;517766785.38
57776653000184;2026-03-13;15649650.78
57776875000105;2026-03-13;36381161.53
57777043000103;2026-03-13;98735783.58
57778073000126;2026-03-13;1169308.99
57778285000103;2026-03-13;45936984.46
57779711000123;2026-03-13;40608921.76
57785030000178;2026-03-10;82583868.12
57785049000114;2026-03-13;48000440.77
57785163000144;2026-03-13;2302467.89
57786682000127;2026-03-13;50687168.84
57788149000102;2026-03-13;1204302191.86
57788626000121;2026-03-13;1605479.91
57789052000106;2026-03-13;1584804.39
57789708000190;2026-03-13;1429970.90
57790094000167;2026-03-13;1709015.45
57790579000150;2026-03-16;1264052.43
57790619000164;2026-03-13;69213118.44
57790865000116;2026-03-13;1722732.18
57791034000169;2026-03-13;45313871.26
57791060000197;2026-03-13;1607864.00
57791787000174;2026-03-12;1632604726.19
57792986000105;2026-03-13;4750146.00
57793442000150;2026-03-13;268542541.31
57794594000177;2026-03-13;65337376.83
57795472000103;2026-03-13;126493665.28
57796012000191;2026-03-13;32299419.50
57809185000105;2026-03-13;178976625.22
57812805000157;2026-03-13;66477012.01
57813069000151;2026-03-13;62844201.15
57813684000168;2026-03-13;624644943.11
57813902000164;2026-03-12;67463917.95
57815131000144;2026-03-13;836088178.24
57823778000118;2026-03-13;1555022068.01
57823798000199;2026-03-12;19934958.00
57824357000101;2026-03-13;12902448.75
57829025000110;2026-03-13;16080154.03
57829732000106;2026-03-12;1585210760.36
57830033000186;2026-03-13;0.00
57831012000185;2026-03-13;40691861.87
57831696000115;2026-03-13;1009775.99
57832914000136;2026-03-13;838170642.55
57833811000190;2026-03-13;40328246.83
57834063000160;2026-03-12;237896002.80
57838316000174;2026-03-13;47608604.78
57839927000137;2026-03-13;50024465.92
57840524000108;2026-03-13;33576037.45
57840764000102;2026-03-13;44639878.07
57842417000119;2026-03-13;10286926.13
57842835000106;2026-03-12;29511466.49
57844309000185;2026-03-13;822711121.34
57846785000135;2026-03-12;39029248.04
57850204000139;2026-03-13;29349084.37
57879318000101;2026-03-12;8968635.02
57879610000124;2026-03-13;11366002.87
57879699000129;2026-03-13;113653506.94
57880575000163;2026-03-13;37314307.02
57883015000162;2026-03-13;53613566.61
57883031000155;2026-03-13;33791501.75
57883567000170;2026-03-13;67005622.24
57884228000109;2026-03-13;60256613.40
57886546000109;2026-03-13;164137194.11
57886981000133;2026-03-11;10652384.83
57888155000123;2026-03-13;34597939.03
57888197000164;2026-03-12;103452774.74
57890176000183;2026-03-13;71295416.64
57897771000140;2026-03-13;23437386.92
57897828000101;2026-03-13;25761258.11
57903183000172;2026-03-13;51399288.08
57904489000143;2026-03-12;65286482.01
57904523000180;2026-03-12;53182517.25
57905649000179;2026-03-13;202507891.46
57906153000110;2026-03-13;27921381.84
57907705000104;2026-03-13;225844266.67
57908724000155;2026-03-12;23728824.52
57913754000150;2026-03-12;13031278.58
57916349000195;2026-03-12;28724955.82
57917961000182;2026-03-12;42352816.42
57922476000105;2026-03-13;2658651.12
57922672000171;2026-03-13;27864765.73
57925362000100;2026-03-13;52109961.60
57926049000197;2026-03-13;53127834.23
57935598000128;2026-03-11;29314986.17
57941469000142;2026-03-13;24864324.34
57941538000118;2026-03-13;508841852.62
57942829000120;2026-03-13;23573904.64
57944304000124;2026-03-12;48932181.68
57952464000115;2026-03-13;77598725.97
57955368000120;2026-03-13;97847376.97
57966847000142;2026-03-13;56244039.09
57966896000185;2026-03-13;22278111.50
57967324000110;2026-03-13;178470672.54
57967401000132;2026-03-13;31622932.24
57967789000171;2026-03-13;24660167.34
57968717000149;2026-03-06;8522899.04
57975394000110;2026-03-13;95819958.96
57976053000160;2026-03-13;18469826.49
57976525000184;2026-03-16;92764833.12
57976621000122;2026-03-13;8811722.13
57980969000193;2026-03-13;302021879.30
57985995000104;2026-03-13;33394241.30
57986005000152;2026-03-13;70353328.05
57986215000140;2026-03-13;2475636.86
57992560000197;2026-03-12;284973862.99
57997724000179;2026-03-12;5960639.81
57997804000124;2026-03-13;191795843.50
57998092000168;2026-03-13;6168076.22
57998318000120;2026-03-13;64303131.68
58000144000128;2026-03-13;4263254.44
58002209000174;2026-03-13;37231993.00
58002587000158;2026-03-13;96057600.67
58002802000110;2026-03-13;42415656.99
58005595000158;2026-03-12;35425976.35
58005789000153;2026-03-13;201530704.08
58013360000108;2026-03-11;237650455.61
58013601000119;2026-03-13;211119678.31
58013738000173;2026-03-13;823095448.27
58013833000177;2026-03-13;7744871.21
58016115000154;2026-03-13;253702483.97
58017586000187;2026-03-13;42036521.05
58018929000128;2026-03-13;74653904.63
58019240000118;2026-03-13;45396334.43
58019419000175;2026-03-12;27007728.39
58021813000148;2026-03-13;1554325.36
58034507000146;2026-03-13;1357349208.92
58034586000195;2026-03-12;65225919.91
58034912000164;2026-03-13;26125810.44
58035090000136;2026-03-13;32246993.64
58037689000109;2026-03-13;109051313.95
58037777000100;2026-03-13;142263853.40
58039379000123;2026-03-13;40925273.66
58039498000186;2026-03-13;200357972.85
58039642000184;2026-03-13;56030975.62
58052836000110;2026-03-13;816509557.77
58054338000106;2026-03-12;103829425.17
58060783000189;2026-03-12;16933625.83
58062679000123;2026-03-13;912328077.84
58069072000175;2026-03-13;23639909.24
58070170000122;2026-03-13;35598368.12
58070396000123;2026-03-13;117015919.92
58072140000155;2026-03-13;103893973.25
58075015000107;2026-03-13;158940280.00
58075809000162;2026-03-13;20199899.34
58075902000177;2026-03-13;29599689.52
58075972000125;2026-03-13;329527485.45
58078914000155;2026-03-12;8319816.30
58079532000146;2026-03-12;5346726.40
58079791000177;2026-03-12;2494279.96
58080114000179;2026-03-12;10484821.84
58088687000149;2026-03-12;238199657.43
58095438000180;2026-03-13;27853522.17
58096097000168;2026-03-12;11588061.38
58107448000199;2026-03-13;1314770419.28
58108737000102;2026-03-13;338053143.81
58108799000114;2026-03-13;28118872.53
58108837000139;2026-03-13;11389876.09
58109362000103;2026-03-13;76647632.51
58110964000172;2026-03-13;70222265.41
58111935000125;2026-03-13;232952434.54
58113332000162;2026-03-13;75146621.39
58113604000124;2026-03-12;136543101.95
58114377000151;2026-03-13;3937009.80
58114391000155;2026-03-13;1069329.25
58114569000168;2026-03-13;35808264.63
58114787000100;2026-03-13;25675841.16
58114949000100;2026-03-13;9006816.43
58115184000115;2026-03-13;392531118.49
58115356000150;2026-03-13;1344710791.62
58115501000101;2026-03-13;268721950.52
58115570000107;2026-03-13;280395339.29
58115642000116;2026-03-13;5573445.50
58131262000175;2026-03-12;24751499.57
58132132000157;2026-03-13;21187105.64
58132375000195;2026-03-13;9060610.41
58132740000161;2026-03-13;693241130.22
58135755000183;2026-03-13;9057758.52
58136324000131;2026-03-13;21193449.78
58137699000116;2026-03-12;8474762.13
58140467000117;2026-03-12;43784310.05
58140821000103;2026-03-13;20960283.36
58140887000101;2026-03-12;46314790.36
58147204000130;2026-03-13;274735127.04
58148070000171;2026-03-13;268544688.66
58149159000152;2026-03-13;268534645.31
58150449000116;2026-03-13;21955121.72
58151240000177;2026-03-12;116907986.05
58151732000162;2026-03-12;34319026.54
58152200000140;2026-03-12;21899997.73
58152739000107;2026-03-12;25066833.73
58153881000160;2026-03-13;6595104.38
58155129000159;2026-03-12;30224181.25
58156138000164;2026-03-12;126993182.80
58156540000149;2026-03-12;1358041.16
58156912000137;2026-03-13;598330073.87
58157022000140;2026-03-12;20222099.36
58157767000109;2026-03-12;127145485.48
58159080000102;2026-03-13;338054623.52
58159464000125;2026-03-13;68328773.95
58159944000196;2026-03-13;1893616.64
58171813000124;2026-03-12;45576593.41
58171973000173;2026-03-13;8368691.07
58172632000112;2026-03-13;3574282.44
58174371000170;2026-03-12;50331522.91
58174985000151;2026-03-12;308473275.28
58175913000129;2026-03-13;64235997.83
58176513000138;2026-03-13;72481099.71
58176530000175;2026-03-13;1174702.57
58177186000139;2026-03-12;3557530.15
58180460000129;2026-03-12;4106352.66
58182374000155;2026-03-13;32902036.23
58182515000130;2026-03-13;17925926.12
58182549000124;2026-03-13;26980685.98
58182737000152;2026-03-13;17752857.41
58191395000137;2026-03-13;403370793.40
58191678000189;2026-03-13;150565726.82
58191820000198;2026-03-12;47704699.20
58193485000167;2026-03-13;9423423.42
58193931000133;2026-03-13;2816011.62
58194437000193;2026-03-12;111451633.41
58199201000140;2026-03-12;9210845.04
58199575000165;2026-03-13;169346448.56
58206461000103;2026-03-12;11638317.48
58211682000161;2026-03-13;83233300.08
58212852000122;2026-03-13;7709312.77
58213068000139;2026-03-13;20201232.18
58213245000187;2026-03-13;18110835.01
58213594000107;2026-03-13;368491044.63
58214025000178;2026-03-13;45059087.69
58214442000110;2026-03-13;43293200.71
58215208000108;2026-03-13;31001722.59
58219849000130;2026-03-13;597319230.89
58221726000134;2026-03-13;107401076.55
58229344000157;2026-03-13;25947759.32
58236446000108;2026-03-12;47413285.14
58237182000107;2026-03-13;11535781.91
58238695000124;2026-03-12;154962277.51
58242689000140;2026-03-13;125357796.43
58242925000129;2026-03-13;2786865.25
58251560000107;2026-03-13;53580601.53
58252364000149;2026-03-13;19432766.29
58253070000131;2026-03-13;22530539.72
58256126000101;2026-03-13;122371385.12
58258574000144;2026-03-12;2977457931.31
58264015000147;2026-03-13;530588238.93
58274368000128;2026-03-13;101970960.26
58275203000170;2026-03-13;1465067.16
58275549000179;2026-03-13;10709191.30
58277022000183;2026-03-13;113355917.05
58277322000162;2026-03-13;1169338846.69
58279975000180;2026-03-13;216504974.22
58280010000108;2026-03-13;594619996.87
58281724000130;2026-03-13;527309049.62
58283513000137;2026-03-13;58648820.15
58284253000114;2026-03-12;4994361.04
58286101000150;2026-03-13;11390374.09
58286171000109;2026-03-13;11389045.64
58286226000180;2026-03-13;69876558.03
58287774000125;2026-03-13;59787740.02
58287952000118;2026-03-13;262350909.54
58287989000146;2026-03-13;893226.61
58288004000105;2026-03-13;100721967.40
58288187000150;2026-03-13;28332138.04
58289474000185;2026-03-13;99620235.16
58290160000100;2026-03-12;214961857.71
58290551000117;2026-03-12;27773244.80
58290845000149;2026-03-12;12722727.81
58292505000157;2026-03-12;17251609.59
58307597000100;2026-03-12;33551070.51
58309151000106;2026-03-13;8027418.15
58311520000103;2026-03-12;607679287.21
58313417000194;2026-03-13;23150803.58
58322530000136;2026-03-13;1609313.32
58323626000119;2026-03-12;88518416.96
58324656000140;2026-03-13;19134293.84
58327943000103;2026-03-12;271646151.20
58331211000197;2026-03-13;24065528.50
58331524000145;2026-03-13;344592102.88
58332017000126;2026-03-13;2666698595.33
58332310000193;2026-03-13;12487405.43
58332774000108;2026-03-13;74190743.30
58339483000133;2026-03-12;11347597.94
58340147000100;2026-03-13;924282576.25
58340832000137;2026-03-13;56497113.33
58340943000143;2026-03-13;1006000875.61
58341091000109;2026-03-13;2095778070.84
58341225000191;2026-03-13;31826275.67
58341266000188;2026-03-13;212621345.17
58341334000109;2026-03-13;220052193.95
58341387000120;2026-03-13;42803398.55
58341429000122;2026-03-13;28823141.68
58341471000143;2026-03-13;11207556.17
58341982000165;2026-03-12;36352724.86
58345446000138;2026-03-12;38884057.85
58348647000199;2026-03-13;22042920.96
58348771000154;2026-03-13;76048711.18
58354005000100;2026-03-13;199052089.63
58354857000190;2026-03-13;168125378.63
58355283000174;2026-03-12;48703836.07
58356902000145;2026-03-12;75883498.45
58360837000121;2026-03-13;37431852.79
58360941000116;2026-03-13;22407000.37
58361052000173;2026-03-13;124995099.28
58364988000158;2026-03-13;11311298.65
58365044000103;2026-03-13;29339255.73
58370027000156;2026-03-13;37399905.71
58370379000101;2026-03-13;626879915.20
58370839000100;2026-03-13;882729063.65
58371326000105;2026-03-13;262647678.58
58371770000120;2026-03-13;1169456494.13
58374531000124;2026-03-13;135350522.46
58376783000192;2026-03-12;7322657.12
58377616000166;2026-03-13;150734649.39
58377889000100;2026-03-12;125793744.69
58378060000122;2026-03-13;6793021372.51
58389969000186;2026-03-13;113159138.14
58390457000130;2026-03-13;269484239.03
58391060000162;2026-03-12;138113640.03
58396943000165;2026-03-13;289869195.36
58397978000119;2026-03-13;4241728.67
58398268000103;2026-03-13;1451915.75
58398452000153;2026-03-13;89411423.10
58398535000142;2026-03-03;27744885.08
58399055000104;2026-03-13;120575904.30
58399190000141;2026-03-13;37646422.43
58399345000140;2026-03-13;11106090.39
58399352000141;2026-03-13;5508032.84
58399524000187;2026-03-13;65543501.68
58399655000164;2026-03-13;134500184.00
58400287000127;2026-03-13;24487414.32
58404653000116;2026-03-13;3519612.92
58410285000119;2026-03-13;273783805.89
58416021000172;2026-03-13;36643216.90
58416584000160;2026-03-13;13678772.25
58426951000107;2026-03-13;52359298.05
58428308000112;2026-03-13;6170524.98
58430028000149;2026-03-13;315171772.83
58430442000158;2026-03-13;276648684.43
58436162000157;2026-03-13;19264087.73
58436194000152;2026-03-13;90796560.02
58436348000106;2026-03-13;9643312.10
58436590000180;2026-03-13;226342466.70
58436786000174;2026-03-13;86141452.72
58437280000180;2026-03-13;1363817297.49
58437495000109;2026-03-13;589247507.54
58438579000159;2026-03-13;7095613.93
58440238000118;2026-03-13;79565403.45
58443172000110;2026-03-13;2874387.64
58443366000115;2026-03-13;552887761.88
58443398000110;2026-03-13;28581983.65
58443848000175;2026-03-12;1621872489.04
58444240000165;2026-03-13;11906921.25
58444620000108;2026-03-13;10181850.94
58451811000199;2026-03-13;106465833.30
58455168000171;2026-03-13;14554236.54
58456224000192;2026-03-13;43042.91
58456642000180;2026-03-13;154549866.88
58456957000127;2026-03-13;169630370.07
58459098000120;2026-03-12;26239337.00
58459106000138;2026-03-13;30953948.73
58459343000107;2026-03-12;521537528.38
58459878000170;2026-03-13;122706685.02
58460439000187;2026-03-13;10059977.47
58460574000122;2026-03-13;203148002.43
58460637000140;2026-03-13;16856632.32
58471224000161;2026-03-13;201047562.49
58471539000109;2026-03-12;140640936.25
58476975000170;2026-03-12;5064777.56
58479912000178;2026-03-13;398549396.57
58481477000116;2026-03-13;393236116.80
58481981000116;2026-03-11;0.00
58489489000197;2026-03-13;193816895.57
58490086000168;2026-03-12;7542372.47
58490605000198;2026-03-13;32174177.32
58493740000197;2026-03-13;39526831.16
58495741000170;2026-03-13;184416689.86
58499233000160;2026-03-13;44130440.62
58500891000125;2026-03-13;64402120.70
58501367000179;2026-03-13;38158852.91
58509776000111;2026-03-13;45948754.26
58510143000123;2026-03-13;33408475.37
58510182000120;2026-03-13;952304998.32
58510997000100;2026-03-13;50761904.88
58511038000109;2026-03-13;50765780.98
58511089000130;2026-03-13;18388150.47
58511134000157;2026-03-13;50798645.30
58516289000186;2026-03-13;69083703.95
58516599000109;2026-03-13;8323821.44
58516787000129;2026-03-13;776840558.02
58516864000140;2026-03-12;686414081.42
58517209000107;2026-03-13;27749849.23
58520856000178;2026-03-13;0.00
58521484000102;2026-03-13;50198158.92
58521670000133;2026-03-13;1700537852.79
58522089000136;2026-03-12;69215274.65
58524155000107;2026-03-13;198440521.86
58528770000191;2026-03-13;41032150.62
58528785000150;2026-03-13;55103528.14
58529615000190;2026-03-13;41455131.80
58530089000188;2026-03-13;20778627.91
58530416000100;2026-03-12;496854758.05
58531139000141;2026-03-13;24181305.50
58531378000100;2026-03-13;11447214.95
58531613000135;2026-03-13;54160295.14
58531846000138;2026-03-11;60872070.52
58541727000166;2026-03-13;3053866.00
58542057000100;2026-03-13;30966510.24
58542170000188;2026-03-13;18710324.23
58542735000127;2026-03-13;109405355.29
58542932000146;2026-03-13;2681510.48
58543779000171;2026-03-13;354140807.30
58547919000180;2026-03-13;35099940.94
58550166000161;2026-03-13;1210972.10
58555141000150;2026-03-13;215499507.53
58555207000102;2026-03-11;227968998.32
58560468000110;2026-03-12;49329579.77
58560931000124;2026-03-13;10744496.40
58561042000181;2026-03-13;1429203924.56
58561162000189;2026-03-13;311363016.97
58561222000163;2026-03-13;278820368.61
58561451000188;2026-03-13;331905571.74
58564663000119;2026-03-13;249070893.70
58564711000179;2026-03-13;2586759.08
58566249000149;2026-03-12;20201325.48
58568424000137;2026-03-12;18169642.22
58568493000140;2026-03-13;11705885.70
58568530000110;2026-03-13;372846894.09
58568625000134;2026-03-13;1633311.91
58569284000111;2026-03-11;240547063.15
58570048000115;2026-03-13;9276567.91
58578837000100;2026-03-13;75826586.62
58580560000142;2026-03-13;48159121.39
58580816000111;2026-03-13;18744890.04
58580968000114;2026-03-13;39993269.80
58581132000134;2026-03-13;14150721.01
58586883000143;2026-03-13;232696768.60
58587071000112;2026-03-13;23860137.13
58596785000197;2026-03-12;324219933.47
58599912000101;2026-03-12;121262281.74
58600298000150;2026-03-13;2357890626.89
58612335000140;2026-03-12;9818687.64
58614804000160;2026-03-12;6283921.97
58615586000189;2026-03-12;52530233.04
58617334000199;2026-03-13;91865669.78
58639093000189;2026-03-13;115556816.98
58646002000132;2026-03-12;5003378.43
58649695000117;2026-03-13;34742169.86
58650505000181;2026-03-13;1253560.03
58651604000188;2026-03-13;28439132.73
58651661000167;2026-03-13;22476485.45
58651702000115;2026-03-13;14374583.50
58651920000150;2026-03-13;133887311.77
58651958000122;2026-03-13;10985725.83
58653503000146;2026-03-13;217662595.73
58653657000138;2026-03-13;58346881.35
58653978000132;2026-03-13;44383201.48
58666096000101;2026-03-13;31211711.52
58666203000100;2026-03-13;113578688.90
58666620000144;2026-03-13;9212003.86
58672830000145;2026-03-13;20848272.84
58674067000191;2026-03-13;26251256.85
58674224000169;2026-03-13;735876306.30
58685680000104;2026-03-13;634606506.16
58686035000106;2026-03-13;6424834.24
58688316000106;2026-03-12;107865945.23
58689667000123;2026-03-13;9797407631.60
58691085000181;2026-03-13;42197524.29
58692067000114;2026-03-13;25175107.73
58692461000152;2026-03-12;29105896.27
58702918000162;2026-03-10;79032715.47
58703709000133;2026-03-13;29029692.74
58706064000192;2026-03-12;58841815.23
58707218000160;2026-03-13;82556467.13
58707733000140;2026-03-13;78113672.68
58718281000100;2026-03-13;58507864.10
58721178000101;2026-03-13;13523052.49
58729502000138;2026-03-13;15868333.87
58731115000136;2026-03-13;68739825.46
58733754000130;2026-03-13;763532256.66
58734874000152;2026-03-11;46314388.29
58735449000188;2026-03-12;1941551208.87
58736115000129;2026-03-13;1113985849.57
58736286000158;2026-03-13;37951641.09
58738052000140;2026-03-13;626448246.70
58739330000183;2026-03-13;2871796.34
58740593000102;2026-03-13;80798058.04
58741013000100;2026-03-13;1584449946.77
58741833000193;2026-03-12;51114520.36
58743462000189;2026-03-12;20706976.72
58754975000195;2026-03-13;17216762.30
58755276000160;2026-03-13;404119602.62
58756897000168;2026-03-13;34195389.40
58757058000164;2026-03-13;13186056.35
58757607000109;2026-03-13;21489363.42
58758334000109;2026-03-13;5377766.42
58764299000130;2026-03-10;58384391.25
58769482000129;2026-03-13;81815660.83
58770366000120;2026-03-13;30217543.08
58771665000189;2026-03-13;17062300.14
58771674000170;2026-03-13;5600100.53
58771687000149;2026-03-13;34071385.68
58771694000140;2026-03-13;40262848.76
58772444000125;2026-03-13;12492520.41
58804815000103;2026-03-13;26288204.56
58805989000190;2026-03-13;1001332050.35
58806326000190;2026-03-13;208584624.04
58806331000101;2026-03-12;11324695.39
58806888000134;2026-03-13;648213439.35
58807091000151;2026-03-13;300647808.16
58808244000185;2026-03-13;197431139.24
58808777000167;2026-03-13;23227932.59
58809176000179;2026-03-13;313003822.85
58823412000101;2026-03-13;597428626.42
58824388000125;2026-03-13;25220783.36
58824430000108;2026-03-13;100053355.37
58824505000150;2026-03-13;9287575047.51
58826286000149;2026-03-13;10521762.46
58827446000174;2026-03-13;10073248.42
58841072000141;2026-03-13;95610316.15
58843165000105;2026-03-13;39146825.40
58849702000124;2026-03-12;107694892.72
58863464000101;2026-03-13;73766437.72
58864973000159;2026-03-13;83681176.61
58865368000100;2026-03-12;3879208.44
58866307000150;2026-03-13;12039518.52
58867692000150;2026-03-13;8281966.71
58877803000109;2026-03-13;253106526.48
58877827000168;2026-03-13;275971854.63
58878941000102;2026-03-13;276269518.61
58889797000100;2026-03-12;23296995.53
58891176000160;2026-03-12;45367453.30
58893245000175;2026-03-13;76191325.18
58895807000110;2026-03-13;76192245.97
58897493000194;2026-03-13;6928949.22
58897741000105;2026-03-13;205225941.87
58898796000121;2026-03-13;33129710.17
58899415000129;2026-03-13;304605847.43
58901636000194;2026-03-12;49262443.68
58901881000100;2026-03-13;674880350.00
58903850000180;2026-03-13;5252784.56
58910768000182;2026-03-13;40089165.48
58913844000103;2026-03-13;150639061.09
58914943000100;2026-03-13;4798988.49
58918631000174;2026-03-12;46407059.01
58930938000190;2026-03-13;7251470.51
58938098000102;2026-03-13;164097541.63
58939722000196;2026-03-13;52390124.12
58941655000144;2026-03-13;214840129.61
58942869000135;2026-03-13;144049503.32
58943835000165;2026-03-13;432543672.93
58945580000170;2026-03-13;29026343.20
58946221000137;2026-03-13;42534435.15
58951964000103;2026-03-13;77714048.84
58952085000198;2026-03-13;1292983309.64
58953805000130;2026-03-13;99186062.86
58954010000146;2026-03-13;85110820.94
58956623000112;2026-03-13;23294036.82
58975241000136;2026-03-13;60336365.62
58976417000174;2026-03-13;189125504.62
58976789000109;2026-03-13;113496341.36
58988434000121;2026-03-13;1172662984.93
58988618000191;2026-03-13;985445793.03
58989233000149;2026-03-13;1041651097.11
58991723000180;2026-03-13;161562731.16
58999948000182;2026-03-13;40283781.83
59004460000130;2026-03-13;101709612.88
59004781000135;2026-03-13;6921570.27
59010805000169;2026-03-13;3251764.79
59013332000153;2026-03-13;67442369.44
59015153000155;2026-03-13;772953.15
59016052000107;2026-03-13;414154449.81
59016158000100;2026-03-13;414011429.55
59016228000112;2026-03-13;3090134027.25
59018715000114;2026-03-12;99758516.52
59029401000117;2026-03-13;16041637.64
59033590000100;2026-03-13;1120199582.13
59035902000106;2026-03-12;133013476.20
59036017000141;2026-03-12;172445979.08
59039061000105;2026-03-13;10232323.43
59039877000139;2026-03-13;10098365.69
59040331000106;2026-03-13;34598112.20
59040943000190;2026-03-12;11338892.63
59045071000153;2026-03-13;93641935.28
59046429000162;2026-03-13;188967778.12
59051487000184;2026-03-13;52941380.45
59052566000100;2026-03-13;90922060.98
59054099000157;2026-03-13;5873150.03
59054402000111;2026-03-13;22190096.62
59055352000197;2026-03-13;191837841.45
59058767000114;2026-03-13;903214518.01
59060765000160;2026-03-12;47174808.53
59061141000167;2026-03-13;34246718.57
59061584000158;2026-03-12;14435237.25
59063042000114;2026-03-13;4672130.49
59064446000122;2026-03-13;41456389.30
59065619000127;2026-03-13;8259718.45
59065792000125;2026-03-13;941959041.98
59065914000183;2026-03-13;2148067399.38
59067509000102;2026-03-13;65984057.55
59068994000120;2026-03-13;697131315.60
59069697000108;2026-03-13;37634785.33
59075638000134;2026-03-12;57828452.43
59076923000170;2026-03-11;72436287.21
59079948000127;2026-03-13;234899747.28
59080848000110;2026-03-13;23745332.76
59080936000112;2026-03-13;82629679.86
59086497000155;2026-03-11;25694647.30
59090051000102;2026-03-13;50921960.43
59091360000199;2026-03-13;23607327.89
59091384000148;2026-03-13;6925358.48
59091573000110;2026-03-13;198857612.35
59091609000166;2026-03-13;698210.75
59091792000108;2026-03-13;470736319.97
59092234000159;2026-03-13;39167445.83
59092416000120;2026-03-13;56963489.78
59092571000146;2026-03-13;26767854.36
59092640000111;2026-03-13;78301590.07
59108512000119;2026-03-13;50064554.19
59108976000125;2026-03-13;319095495.59
59110024000146;2026-03-13;52344791.77
59110710000117;2026-03-13;13262895.24
59121474000134;2026-03-13;211759663.68
59122774000138;2026-03-13;9306335.26
59123735000155;2026-03-13;2067662.02
59126264000139;2026-03-13;3156089.03
59126843000181;2026-03-13;30128407.94
59127319000125;2026-03-13;101843087.20
59134727000104;2026-03-13;12220464.71
59135126000116;2026-03-13;15939975.58
59142878000104;2026-03-13;15754088.94
59144456000178;2026-03-13;86971452.69
59145007000144;2026-03-13;9220000.94
59150192000165;2026-03-13;1907877.14
59150919000104;2026-03-13;44613776.15
59159502000102;2026-03-13;7292161.62
59162368000107;2026-03-13;47733029.49
59162945000152;2026-03-13;34527097.62
59163141000178;2026-03-13;100847331.90
59163243000193;2026-03-13;44634908.35
59163342000175;2026-03-13;37717991.86
59163409000171;2026-03-13;86530315.52
59163531000148;2026-03-13;35114334.38
59163781000188;2026-03-13;33285190.31
59163811000156;2026-03-13;72454613.05
59166684000149;2026-03-12;32632178.42
59175933000162;2026-03-13;209902790.66
59176878000125;2026-03-13;53216092.62
59187428000138;2026-03-13;91053563.97
59193493000176;2026-03-13;31598821.29
59193684000138;2026-03-13;35388142.16
59194590000183;2026-03-13;43252122.57
59194673000172;2026-03-13;734263591.97
59194839000150;2026-03-13;42196866.66
59195033000187;2026-03-02;63655086.97
59196167000112;2026-03-13;6322487.82
59196324000190;2026-03-13;66549056.98
59196408000123;2026-03-13;3777548.21
59196483000194;2026-03-13;56352980.00
59196553000104;2026-03-13;95420135.87
59196633000160;2026-03-09;0.00
59196694000127;2026-03-12;19406365.60
59202037000145;2026-03-13;56305430.89
59209986000157;2026-03-13;54192445.51
59212502000129;2026-03-13;29693685.33
59214022000105;2026-03-13;2652308.55
59218871000129;2026-03-12;610169304.23
59221269000140;2026-03-13;4543517.64
59225536000158;2026-03-13;67363850.71
59242342000160;2026-03-13;107046576.68
59245392000100;2026-03-13;1024444569.27
59246759000100;2026-03-13;67508946.54
59261413000172;2026-03-13;104919507.74
59262432000113;2026-03-13;92044338.78
59265782000133;2026-03-13;202912263.20
59270842000106;2026-03-13;1328357.87
59280930000199;2026-03-13;56749800.94
59294368000152;2026-03-12;14569659.13
59306031000118;2026-03-13;57103436.90
59306348000154;2026-03-13;3213080.30
59307680000133;2026-03-13;131239667.06
59309776000130;2026-03-12;51371030.70
59312403000119;2026-03-13;45205903.76
59313251000179;2026-03-13;12085323.21
59313291000110;2026-03-13;53691531.37
59313610000198;2026-03-13;21154349.42
59324436000189;2026-03-13;38838503.11
59332047000103;2026-03-13;48103999.21
59332655000100;2026-03-13;546287607.83
59333727000133;2026-03-13;1083256692.48
59334008000137;2026-03-12;66193311.65
59334845000166;2026-03-12;12949110.30
59335817000163;2026-03-12;29667592.45
59337094000131;2026-03-12;158586944.20
59349634000105;2026-03-13;24623468.58
59349920000162;2026-03-13;245570560.07
59356756000110;2026-03-13;11109958.21
59357502000117;2026-03-13;49981999.95
59357995000195;2026-03-13;281009547.55
59376795000180;2026-03-13;268183805.08
59376901000125;2026-03-13;2916611.11
59377247000174;2026-03-13;13648812.91
59382292000117;2026-03-13;1397422.31
59383135000126;2026-03-13;44318071.97
59384121000127;2026-03-13;7130058.48
59385830000127;2026-03-13;7061990.35
59388239000123;2026-03-13;158385087.25
59400308000177;2026-03-13;39756266.70
59405818000137;2026-03-13;87613549.55
59406338000190;2026-03-13;34217472.27
59409945000104;2026-03-12;6861291.59
59410619000117;2026-03-12;6856164.07
59411359000102;2026-03-13;28790912.05
59412238000177;2026-03-13;20365451.24
59412482000130;2026-03-13;11538103.13
59412583000100;2026-03-13;24429548.75
59412648000118;2026-03-13;186953265.22
59423653000126;2026-03-13;96479022.84
59424781000194;2026-03-13;330707577.37
59432100000130;2026-03-12;9474627.27
59435481000100;2026-03-13;150723752.43
59444625000195;2026-03-13;62899652.03
59445834000153;2026-03-13;63090258.50
59447444000112;2026-03-13;412453634.00
59448040000143;2026-03-13;1138800.17
59448572000180;2026-03-12;825303111.45
59452806000163;2026-03-13;28937348.08
59460968000143;2026-03-13;36146907.88
59461279000153;2026-03-13;10662881.47
59462321000150;2026-03-13;52962752.42
59468497000110;2026-03-13;75386749.82
59469036000161;2026-03-13;107430093.39
59469438000166;2026-03-13;419923857.49
59471095000174;2026-03-13;73506664.68
59472527000161;2026-03-11;0.00
59475324000129;2026-03-12;941413263.17
59481849000177;2026-03-13;11620462.13
59483247000159;2026-03-13;38236954.41
59498375000176;2026-03-12;17679910.34
59500277000126;2026-03-13;50165739.80
59500522000103;2026-03-13;23168213.80
59500768000177;2026-03-13;34121879.55
59501003000151;2026-03-13;12207801.22
59503302000125;2026-03-13;10574003.19
59503560000101;2026-03-13;30011267.30
59503816000180;2026-03-13;47359859.26
59511583000168;2026-03-13;176910009.69
59511685000183;2026-03-13;84110708.61
59511772000130;2026-03-13;12909922.72
59511841000106;2026-03-13;9622861.26
59511897000160;2026-03-13;12217515.37
59512275000157;2026-03-13;25783492.98
59523534000145;2026-03-12;47959898.53
59525427000156;2026-03-13;5478630.55
59526642000171;2026-03-13;31440613.65
59526901000164;2026-03-13;43634604.31
59527110000159;2026-03-13;9219590.12
59527449000155;2026-03-13;1540132.86
59534196000147;2026-03-12;9943999.56
59542783000188;2026-03-12;23899819.23
59550812000153;2026-03-12;33406916.61
59554567000152;2026-03-13;9601595.77
59559015000137;2026-03-13;33688103.11
59574097000199;2026-03-12;40983126.62
59578382000188;2026-03-13;10259163.50
59579314000133;2026-03-13;26299894.15
59587336000145;2026-03-13;128473631.27
59590770000184;2026-03-13;3480298.49
59591104000160;2026-03-13;216579084.63
59591550000175;2026-03-13;129617400.31
59593077000165;2026-03-13;107227067.20
59598933000175;2026-03-13;6234118.74
59600526000155;2026-03-13;69028496.97
59602591000110;2026-03-13;57029668.65
59616408000135;2026-03-13;43726065.97
59620552000145;2026-03-13;55642363.82
59620728000169;2026-03-13;4888482.40
59623194000124;2026-03-13;149012301.96
59623578000147;2026-03-13;67173739.18
59627860000100;2026-03-13;18164407.86
59632074000193;2026-03-12;36839364.98
59633097000112;2026-03-13;4885623.80
59633551000135;2026-03-13;5539324.84
59645144000148;2026-03-13;30293300.32
59655459000176;2026-03-13;37762558.10
59655567000149;2026-03-13;14095693.61
59655628000178;2026-03-13;80832020.16
59655691000104;2026-03-13;19778693.76
59664941000172;2026-03-13;344150364.43
59666444000103;2026-03-13;71048421.41
59672854000167;2026-03-13;189050480.95
59677391000126;2026-03-12;2290595.84
59677535000144;2026-03-12;13015223.53
59678100000114;2026-03-13;22115635.59
59678131000175;2026-03-11;108531972.86
59678350000154;2026-03-13;34585782.33
59679052000189;2026-03-13;43503188.50
59680776000142;2026-03-13;22224657.91
59682459000165;2026-03-11;41499082.56
59688288000181;2026-03-13;23566664.04
59692771000130;2026-03-12;9575769.64
59694980000112;2026-03-11;8486380.05
59695343000160;2026-03-11;10336898.16
59696874000178;2026-03-13;6451092.04
59698615000186;2026-03-11;65959831.93
59700291000173;2026-03-12;312013215.13
59700453000173;2026-03-12;55929128.98
59700538000151;2026-03-12;72888972.59
59706837000101;2026-03-13;35047232.85
59714471000104;2026-03-13;192791365.02
59719333000118;2026-03-13;2590401.67
59719465000140;2026-03-13;32011173.91
59732633000137;2026-03-11;7829265.15
59732681000125;2026-03-11;4258860.00
59737857000131;2026-03-11;19183699.96
59743618000194;2026-03-13;23246404.69
59749356000175;2026-03-13;115640424.34
59753794000107;2026-03-12;6570359.98
59754081000168;2026-03-13;61771368.50
59754353000120;2026-03-13;19702840.21
59754488000195;2026-03-13;14811939.13
59755018000146;2026-03-13;101414472.05
59755240000149;2026-03-13;7486152.28
59760144000199;2026-03-13;378255930.39
59765425000134;2026-03-13;44345569.72
59766036000123;2026-03-12;11151799.18
59768307000180;2026-03-12;22381904.05
59769297000105;2026-03-12;247759217.51
59771973000177;2026-03-13;968.15
59772310000177;2026-03-12;10270375.53
59779613000111;2026-03-13;9522206.63
59784697000181;2026-03-12;11422980.17
59785096000193;2026-03-12;53912455.03
59785318000178;2026-03-13;44762469.39
59786639000197;2026-03-13;85655163.14
59790218000130;2026-03-13;53192774.99
59791603000100;2026-03-13;1839054.53
59795490000102;2026-03-13;2054351148.84
59814123000109;2026-03-13;72103790.28
59814812000113;2026-03-13;111365867.09
59815671000153;2026-03-13;20643519.86
59816458000166;2026-03-13;104332485.71
59816551000170;2026-03-13;1376221352.88
59817226000122;2026-03-13;20683737.17
59817381000149;2026-03-13;15931669.61
59817462000149;2026-03-13;12670365.85
59817562000175;2026-03-13;32409287.49
59817659000188;2026-03-13;5467948.08
59817810000188;2026-03-13;39177994.14
59817983000104;2026-03-13;106136630.03
59818212000123;2026-03-13;46991911.12
59818523000192;2026-03-13;12077650.90
59818611000194;2026-03-13;120850143.29
59818797000181;2026-03-13;35341980.42
59818904000171;2026-03-13;59490115.00
59818969000117;2026-03-13;14352160.75
59819194000102;2026-03-13;21729671.89
59821324000133;2026-03-13;23552111.14
59825178000114;2026-03-13;13074963.91
59825229000108;2026-03-13;13619900.41
59825586000176;2026-03-13;19517675.42
59825832000190;2026-03-13;18641760.26
59825858000138;2026-03-13;67953203.19
59826045000162;2026-03-13;33405998.09
59826291000114;2026-03-13;20708256.89
59826496000108;2026-03-13;24080709.00
59836398000143;2026-03-13;24014461.74
59837299000186;2026-03-13;44060665.15
59845122000121;2026-03-11;11439357.64
59845471000143;2026-03-12;40527331.03
59846133000126;2026-03-12;21791335.78
59848886000170;2026-03-13;10381037.59
59858117000153;2026-03-13;5439004.98
59861817000105;2026-03-13;89388504.09
59869706000137;2026-03-13;41785520.26
59870227000130;2026-03-13;24957133.81
59873582000163;2026-03-13;14730308.49
59878473000139;2026-03-12;9014904.99
59878508000130;2026-03-13;19295472.35
59879046000175;2026-03-13;87295492.71
59879592000106;2026-03-12;16242966.54
59881609000160;2026-03-13;8140583.52
59884498000145;2026-03-13;5805463.02
59887628000101;2026-03-13;10174686.27
59888171000141;2026-03-13;3407597186.99
59888220000146;2026-03-13;31335068.20
59889169000197;2026-03-13;3380072973.95
59901268000147;2026-03-13;1810770.58
59903329000105;2026-03-13;3798543.83
59904332000143;2026-03-13;81681449.02
59907848000141;2026-03-13;25498099.69
59910896000199;2026-03-13;18754360.53
59911014000100;2026-03-13;6437919.07
59911193000185;2026-03-13;10587744.02
59911771000183;2026-03-13;11289158.02
59912850000109;2026-03-13;3140176.04
59913153000172;2026-03-13;3145493.56
59913353000125;2026-03-13;3162167.99
59913705000142;2026-03-13;3140137.16
59928561000106;2026-03-13;7496060.33
59928742000124;2026-03-13;7472533.64
59937952000189;2026-03-13;85164727.29
59939442000140;2026-03-13;7789860.12
59941201000136;2026-03-13;23015659.52
59941319000164;2026-03-13;66789293.97
59941429000126;2026-03-13;34637053.41
59941548000189;2026-03-13;52317636.62
59941697000148;2026-03-13;15105170.29
59941827000142;2026-03-13;11894055.17
59941897000109;2026-03-13;36102470.45
59941960000107;2026-03-13;29940663.64
59942328000170;2026-03-13;8160651.46
59942415000127;2026-03-13;3660442.24
59948831000132;2026-03-13;47773623.43
59948931000169;2026-03-13;30307996.15
59950117000189;2026-03-13;11800083.31
59953892000198;2026-03-13;10230971.27
59956217000112;2026-03-13;24484984.79
59960677000114;2026-03-12;358768703.01
59963244000112;2026-03-13;15910162.78
59964808000131;2026-03-12;43216192.60
59965040000110;2026-03-13;29856598.62
59975239000120;2026-03-13;32332132.35
59976184000172;2026-03-12;316094051.42
59976505000139;2026-03-12;392051208.12
59980830000175;2026-03-12;10080526.99
59982154000179;2026-03-12;94829195.23
59982664000146;2026-03-13;528127669.28
59982948000132;2026-03-12;37375107.42
59983764000197;2026-03-13;18003529.57
59995885000159;2026-03-13;20353155.18
59996327000108;2026-03-13;9657062.74
59996453000162;2026-03-13;83895332.38
59997256000168;2026-03-13;47930666.65
59999918000139;2026-03-13;10856297.45
60005132000138;2026-03-13;5791461.87
60008150000173;2026-03-13;594239799.52
60015897000159;2026-03-12;6396654.80
60018029000122;2026-03-12;40861298.10
60018334000114;2026-03-12;266051911.84
60018531000133;2026-03-13;88054579.28
60018630000115;2026-03-13;73807058.59
60019321000160;2026-03-13;182199642.32
60019383000171;2026-03-13;70120963.32
60019678000148;2026-03-13;11793232.09
60022798000102;2026-03-12;160748301.45
60029151000102;2026-03-13;8866379.96
60046007000176;2026-03-13;13830849.50
60060070000167;2026-03-13;10263954.03
60060435000153;2026-03-13;31579965.96
60061182000132;2026-03-13;20365900.95
60066268000158;2026-03-13;1046517.43
60075657000140;2026-03-13;137652586.67
60076316000199;2026-03-13;14163361.30
60078291000162;2026-03-13;1489951.11
60078703000164;2026-03-13;3924310.36
60079201000158;2026-03-13;16637547.87
60080922000188;2026-03-13;436519924.08
60081358000118;2026-03-13;7507912.69
60090915000167;2026-03-13;105841123.01
60094635000127;2026-03-12;800828336.07
60095062000156;2026-03-13;22101680.86
60096017000116;2026-03-13;51992459.15
60096297000162;2026-03-13;5230185.24
60096402000163;2026-03-13;1033396.59
60096455000184;2026-03-13;5264994.44
60096669000150;2026-03-13;29741845.97
60096865000125;2026-03-12;50757872.04
60097412000113;2026-03-13;40073589.42
60097978000145;2026-03-12;31509093.48
60100356000129;2026-03-13;51389017.34
60100715000148;2026-03-13;17237966.29
60100937000160;2026-03-13;15011274.99
60105642000187;2026-03-13;26273863.58
60112815000194;2026-03-13;156707860.48
60113266000172;2026-03-13;216449615.88
60121831000143;2026-03-13;134072554.43
60124635000122;2026-03-12;8756096.34
60124700000110;2026-03-12;130133717.72
60124795000171;2026-03-13;9441283.57
60127023000193;2026-03-12;18585386.77
60127668000126;2026-03-13;455710577.93
60138265000182;2026-03-13;60354710.76
60138811000185;2026-03-13;216132095.76
60141283000113;2026-03-11;49122975.62
60141542000106;2026-03-13;48873973.51
60141771000120;2026-03-13;19246639.62
60142297000151;2026-03-13;12928040.00
60146034000110;2026-03-13;53060156.53
60146372000152;2026-03-13;24287.55
60146947000137;2026-03-13;154495275.32
60147076000176;2026-03-13;79680851.36
60171849000150;2026-03-12;81123356.19
60172387000195;2026-03-13;3395267350.02
60172773000187;2026-03-13;1080156.17
60172862000123;2026-03-13;6332946.53
60173255000188;2026-03-12;21456491.74
60176530000117;2026-03-13;12436504.78
60176586000171;2026-03-13;14176453.86
60176648000145;2026-03-13;19445132.18
60176858000133;2026-03-13;17020611.96
60184714000129;2026-03-12;38107287.34
60184974000102;2026-03-13;51731342.00
60185164000162;2026-03-13;72444786.21
60185223000100;2026-03-13;765154383.24
60185647000167;2026-03-10;2175357.72
60210015000106;2026-03-13;2646960.13
60211777000127;2026-03-13;136411438.73
60219712000128;2026-03-13;387242239.53
60221141000166;2026-03-13;16331555.30
60222497000114;2026-03-13;22455921.43
60223170000167;2026-03-13;10876399.93
60228650000110;2026-03-13;6178198.60
60229923000141;2026-03-13;72520674.70
60230790000123;2026-03-13;151869520.99
60232226000140;2026-03-12;3923529.88
60233060000186;2026-03-13;39883975.39
60233116000100;2026-03-13;47791320.15
60234497000134;2026-03-13;45096062.06
60241017000162;2026-03-13;962754766.67
60241373000186;2026-03-13;56086073.09
60251047000150;2026-03-13;13283090.70
60259981000118;2026-03-13;640721836.14
60260680000104;2026-03-12;40848921.70
60261139000110;2026-03-12;50175692.19
60262076000117;2026-03-13;14173856.97
60262124000177;2026-03-13;5786737.55
60275727000103;2026-03-12;13103349.54
60275956000128;2026-03-13;46285263.81
60276080000134;2026-03-10;21250666.09
60276138000140;2026-03-12;39047854.72
60276203000137;2026-03-13;85363001.87
60276261000160;2026-03-13;28439612.96
60286869000176;2026-03-12;1689287573.26
60287986000154;2026-03-13;19727808.82
60288273000105;2026-03-13;1167253952.41
60289800000104;2026-03-12;236138118.97
60291736000198;2026-03-13;103708110.77
60298249000157;2026-03-13;4863836.18
60298458000109;2026-03-13;57409737.64
60298773000128;2026-03-13;12997261.99
60302112000129;2026-03-13;3322555.23
60302951000147;2026-03-13;443162923.36
60306622000174;2026-03-12;1056027.27
60311027000127;2026-03-13;8565810.83
60311326000161;2026-03-13;520596661.48
60311425000143;2026-03-12;25675231.65
60312811000150;2026-03-13;133478390.50
60312851000100;2026-03-13;69811272.88
60313794000175;2026-03-16;1188499.21
60314455000103;2026-03-13;10887669.20
60323249000160;2026-03-13;119526647.10
60323537000114;2026-03-13;187889952.88
60323819000111;2026-03-13;132031375.59
60325194000127;2026-03-13;51517434.29
60325724000137;2026-03-12;827593.23
60328500000189;2026-03-13;132019725.34
60332230000180;2026-03-13;20344906.72
60332991000131;2026-03-13;13599178.84
60333724000189;2026-03-12;922659.00
60334542000122;2026-03-13;0.00
60335772000106;2026-03-13;13609422.24
60344823000166;2026-03-13;209036112.41
60345013000124;2026-03-13;1678264.28
60349942000101;2026-03-11;2082703350.88
60350315000190;2026-03-13;878439.08
60352049000135;2026-03-12;6367164.45
60354373000192;2026-03-13;41625782.72
60354424000186;2026-03-13;1638347.41
60354488000187;2026-03-13;31178401.70
60354551000185;2026-03-13;5223239.95
60355325000119;2026-03-16;27965766.65
60355684000176;2026-03-13;287001342.79
60355769000154;2026-03-13;39443857.45
60356190000106;2026-03-13;46197361.82
60356349000192;2026-03-13;52394170.88
60356837000108;2026-03-13;1420436.83
60356889000176;2026-03-13;6183654.47
60365430000139;2026-03-12;7549573201.37
60365671000188;2026-03-12;544868094.29
60365845000102;2026-03-12;6650016309.75
60372788000199;2026-03-12;184222646.82
60372797000180;2026-03-13;20670633.12
60396945000104;2026-03-13;22393502.49
60400295000115;2026-03-13;1454503.49
60402657000107;2026-03-13;69908822.85
60417832000130;2026-03-13;18218286.26
60419296000101;2026-03-13;19945526.14
60421978000159;2026-03-13;344491.27
60422070000160;2026-03-13;178038926.60
60422618000171;2026-03-13;63934211.71
60423162000164;2026-03-13;17157654.49
60439057000113;2026-03-13;13453110.15
60439962000173;2026-03-13;30936979.53
60441343000113;2026-03-13;21304716.47
60442243000101;2026-03-13;7782447.96
60442320000123;2026-03-13;32209724.97
60442362000164;2026-03-13;3430625.17
60442441000175;2026-03-13;10318157.73
60442476000104;2026-03-13;10811600.35
60442618000133;2026-03-13;3130924.32
60442622000100;2026-03-13;31963876.36
60442677000101;2026-03-13;27379849.51
60443240000192;2026-03-12;143030232.15
60447860000108;2026-03-13;498153971.46
60449267000192;2026-03-12;97798752.89
60450312000129;2026-03-13;314747988.74
60450321000110;2026-03-13;68918943.92
60453790000192;2026-03-13;10545585.27
60454208000102;2026-03-13;32424351.70
60454557000124;2026-03-13;64200061.27
60456283000102;2026-03-12;14747815.88
60456463000194;2026-03-12;39651385.51
60456656000145;2026-03-12;24938628.03
60477852000104;2026-03-13;214396889.10
60478853000165;2026-03-13;24857931.13
60489595000112;2026-03-13;32290007.42
60489889000144;2026-03-13;120342247.00
60490378000142;2026-03-13;3043585.90
60490407000176;2026-03-13;22952540.27
60490738000106;2026-03-13;45765271.27
60490963000142;2026-03-13;25137839.55
60491790000187;2026-03-13;11470717.05
60493688000110;2026-03-13;64168136.11
60493791000160;2026-03-13;9899612.52
60497325000153;2026-03-13;22230784.96
60500333000101;2026-03-13;13282011.95
60500481000126;2026-03-13;485651011.51
60502894000140;2026-03-13;77735487.30
60502977000139;2026-03-13;893707.17
60503108000129;2026-03-13;15866624.48
60503293000151;2026-03-11;0.00
60504035000190;2026-03-13;73106005.80
60506047000153;2026-03-12;1332867751.39
60506753000103;2026-03-12;1595626327.05
60507253000188;2026-03-12;23105387.26
60509252000172;2026-03-13;58291628.52
60510186000150;2026-03-13;38538224.26
60510454000134;2026-03-13;102358262.45
60510763000104;2026-03-13;66817190.52
60510970000169;2026-03-13;2222609364.14
60511488000143;2026-03-13;66838648.82
60512025000104;2026-03-13;19908796.65
60512112000153;2026-03-13;1167945.51
60512384000153;2026-03-13;9410469.04
60527345000120;2026-03-13;7530154.27
60527944000143;2026-03-13;9024897.56
60531375000100;2026-03-13;12891604.09
60532320000114;2026-03-13;5619539.22
60532515000164;2026-03-12;56126133.03
60532586000167;2026-03-13;11709763.96
60532872000122;2026-03-13;11346449.07
60534530000141;2026-03-10;108832874.13
60542490000180;2026-03-13;35685422.00
60552945000148;2026-03-13;2092431692.81
60553180000160;2026-03-13;96129747.89
60553394000137;2026-03-13;150922754.43
60553597000123;2026-03-13;6042195.70
60573726000145;2026-03-12;28816077.04
60587009000172;2026-03-11;274492284.89
60589814000135;2026-03-13;16620535.93
60592561000159;2026-03-13;15278649.38
60594084000160;2026-03-13;15289423.42
60600091000128;2026-03-13;7117278.66
60605196000170;2026-03-13;10795677.91
60605415000110;2026-03-12;31622792.37
60605611000195;2026-03-13;90368945.87
60605708000106;2026-03-12;682739191.24
60606855000192;2026-03-13;5516592.70
60607059000174;2026-03-13;285761946.56
60615793000185;2026-03-13;4263218.94
60617918000106;2026-03-12;22794967.35
60622786000100;2026-03-13;18004555.98
60627132000170;2026-03-12;33563154.38
60627152000140;2026-03-13;29416329.37
60627509000190;2026-03-12;531563217.57
60627763000199;2026-03-12;33009596.27
60629020000158;2026-03-13;32401346.20
60629171000106;2026-03-13;46998411.42
60646686000114;2026-03-13;1082905367.80
60646860000129;2026-03-13;70413617.29
60647171000139;2026-03-13;0.00
60647338000161;2026-03-13;131372058.43
60648233000127;2026-03-13;29568908.90
60662464000195;2026-03-13;51623547.78
60665128000104;2026-03-13;1911750.94
60667563000160;2026-03-13;54673911.59
60674901000190;2026-03-13;12717390.78
60675310000138;2026-03-13;63458705.11
60675392000110;2026-03-12;100475836.98
60677740000199;2026-03-13;1689052616.19
60678294000137;2026-03-12;26481931.77
60685921000167;2026-03-13;44573011.96
60688583000117;2026-03-13;21416084.27
60688823000183;2026-03-13;22533782.98
60689085000199;2026-03-13;23468529.23
60691906000121;2026-03-13;153298340.12
60692382000193;2026-03-13;17809728.02
60692584000135;2026-03-13;15110709.16
60693050000123;2026-03-12;555936314.45
60695610000189;2026-03-13;26272804.67
60696041000196;2026-03-13;57408347.93
60696350000166;2026-03-13;17780403.29
60696567000176;2026-03-13;17805070.25
60699821000190;2026-03-12;79245791.36
60708790000196;2026-03-13;76122315.98
60709192000131;2026-03-13;210789347.39
60709408000169;2026-03-13;103786708.94
60710235000107;2026-03-13;7793664.16
60710479000181;2026-03-13;304804149.52
60711811000122;2026-03-13;155837733.14
60711818000144;2026-03-13;96662381.91
60711897000193;2026-03-13;222775949.09
60712059000134;2026-03-13;23095157.90
60715186000197;2026-03-13;149406695.98
60715404000193;2026-03-13;202408713.00
60715887000126;2026-03-13;512158391.78
60740534000186;2026-03-13;26335873.00
60740615000186;2026-03-13;34092548.94
60741805000118;2026-03-12;41439989.26
60742493000167;2026-03-12;86699017.09
60742631000108;2026-03-13;17624018.38
60742726000121;2026-03-13;482119491.89
60742779000142;2026-03-13;33650165.61
60742785000108;2026-03-13;2017664358.17
60742819000156;2026-03-13;294346847.45
60743272000103;2026-03-13;12343365.56
60743555000155;2026-03-13;43102313.11
60748404000190;2026-03-13;36111403.43
60749195000107;2026-03-13;22446337.29
60750102000156;2026-03-13;5172578850.09
60752309000160;2026-03-13;14729079.71
60753195000172;2026-03-13;458598365.38
60753451000121;2026-03-13;24345490.38
60753615000110;2026-03-13;15697044.95
60758954000190;2026-03-13;63984301.18
60759193000190;2026-03-13;12638465.82
60760008000188;2026-03-13;910426229.68
60760382000183;2026-03-13;4190552.58
60760546000172;2026-03-13;1722617.26
60760755000116;2026-03-13;3042018.76
60761340000167;2026-03-13;63016444.35
60761399000155;2026-03-13;8619553.38
60762702000134;2026-03-13;23242465.96
60762920000179;2026-03-13;28947740.35
60762973000190;2026-03-13;422455397.61
60773619000160;2026-03-12;54174404.35
60774482000169;2026-03-13;72686037.37
60775750000167;2026-03-13;29753219.35
60776035000149;2026-03-12;9328258.63
60776254000128;2026-03-13;422579468.70
60778282000184;2026-03-13;377848102.25
60778434000149;2026-03-12;54613749.88
60778887000175;2026-03-13;178341457.66
60784460000180;2026-03-13;24520217.36
60784594000109;2026-03-13;41850086.15
60784769000170;2026-03-13;75133500.60
60784879000131;2026-03-13;18697068.32
60786525000126;2026-03-13;3408949.26
60787718000100;2026-03-12;28144855.73
60796900000119;2026-03-13;193248526.26
60799183000189;2026-03-13;151614780.70
60799760000132;2026-03-13;21705900.23
60800251000182;2026-03-13;44828596.22
60806210000101;2026-03-13;26672770.73
60808027000137;2026-03-13;27713641.25
60809147000159;2026-03-12;19292201.24
60810873000191;2026-03-13;67108584.96
60817877000100;2026-03-13;5511546.29
60818157000150;2026-03-13;33286385.43
60818669000117;2026-03-13;172932478.41
60818941000169;2026-03-13;5424526.06
60819442000196;2026-03-12;119278935.12
60823195000100;2026-03-12;424742985.30
60823573000147;2026-03-13;23476806.10
60824270000149;2026-03-13;975361898.44
60825313000100;2026-03-13;202670367.48
60828077000186;2026-03-13;41497158.90
60829079000190;2026-03-13;14858872.66
60830344000150;2026-03-13;200583032.32
60830537000100;2026-03-13;241385990.66
60830941000184;2026-03-12;77253159.42
60831550000184;2026-03-13;26704067.27
60832006000157;2026-03-13;10494916.36
60832028000117;2026-03-12;440296757.89
60841575000169;2026-03-13;23964373.58
60852475000138;2026-03-12;4899492.89
60853232000114;2026-03-12;2568546.19
60854182000190;2026-03-12;4909640.00
60859232000121;2026-03-13;22587230.51
60859486000140;2026-03-13;34406782.50
60859716000170;2026-03-13;24789416.33
60865092000102;2026-03-13;204493491.59
60865770000129;2026-03-13;10425654.74
60865885000113;2026-03-13;65017415.12
60866355000190;2026-03-13;16945094.41
60866948000156;2026-03-13;39836550.95
60866981000186;2026-03-13;17879881.03
60867323000109;2026-03-13;11672773.14
60867433000170;2026-03-13;6077380.56
60867697000124;2026-03-13;145008699.86
60868496000141;2026-03-13;122619526.99
60871165000160;2026-03-13;21904993.90
60886808000140;2026-03-13;56551981.89
60887520000190;2026-03-13;292455256.55
60893314000192;2026-03-13;59352883.10
60897150000171;2026-03-13;18832871.91
60897678000140;2026-03-13;73420557.18
60901168000108;2026-03-13;6378088.38
60906179000172;2026-03-13;3481288344.46
60906569000142;2026-03-13;33284689.27
60913678000197;2026-03-13;3301501.16
60914831000109;2026-03-12;20082885.14
60916614000140;2026-03-13;14485984.28
60917687000156;2026-03-13;346624358.82
60919700000106;2026-03-13;46249545.30
60919753000127;2026-03-13;10818826.57
60919973000150;2026-03-13;26259497.78
60920222000154;2026-03-13;30309527.65
60920266000184;2026-03-13;216937206.06
60920297000135;2026-03-13;16669964.20
60921633000164;2026-03-13;106795540.88
60922345000124;2026-03-12;41740135.24
60922470000134;2026-03-13;9897960.07
60931618000105;2026-03-13;638034118.22
60931881000196;2026-03-13;3637659.17
60932101000122;2026-03-13;34393438.80
60936335000148;2026-03-13;22388811.09
60936771000117;2026-03-13;30980910.83
60936984000149;2026-03-13;108300746.50
60937559000174;2026-03-13;27016985.41
60938351000170;2026-03-13;21195245.06
60950125000104;2026-03-13;346752627.56
60950242000178;2026-03-13;101275065.35
60956073000183;2026-03-12;6029982.73
60958418000138;2026-03-13;20255156.47
60960946000121;2026-03-13;38891252.98
60961407000107;2026-03-13;477970995.89
60962992000160;2026-03-13;22049470.88
60964578000190;2026-03-13;19505166.73
60965262000112;2026-03-13;198135646.47
60974196000147;2026-03-12;13030373.21
60977208000197;2026-03-13;101391988.16
60978192000137;2026-03-13;52689078.24
60978472000145;2026-03-13;50494421.89
61002607000103;2026-03-13;10681473.27
61002890000165;2026-03-13;3934722.64
61008111000139;2026-03-13;141863131.35
61009570000137;2026-03-13;483721504.61
61011683000177;2026-03-13;27824826.24
61012277000129;2026-03-13;38828597.98
61018922000110;2026-03-13;484292674.72
61021639000148;2026-03-13;156991019.03
61026657000112;2026-03-12;36203549.41
61028456000154;2026-03-12;38863178.34
61028586000197;2026-03-13;20478565.89
61031674000148;2026-03-13;105953996.04
61038314000178;2026-03-13;4305127323.89
61043044000193;2026-03-13;1143955607.83
61046445000105;2026-03-12;34993449.14
61046849000190;2026-03-12;33215773.51
61046946000183;2026-03-13;18381525.69
61047588000123;2026-03-12;170302696.50
61048517000145;2026-03-13;4274713.56
61050171000110;2026-03-13;45311440.31
61050428000133;2026-03-13;36105529.35
61050646000178;2026-03-05;33294174.43
61051152000108;2026-03-13;524806277.24
61052164000157;2026-03-13;35470507.44
61052204000160;2026-03-13;20589197.34
61052996000173;2026-03-13;268816764.55
61062160000150;2026-03-13;8355748.67
61063366000102;2026-03-13;31201648.64
61067871000117;2026-03-13;353188511.26
61067980000134;2026-03-13;5754674.70
61069468000127;2026-03-12;42598457.68
61070128000116;2026-03-13;3245489.07
61071036000150;2026-03-13;12323435.24
61079787000113;2026-03-13;847498469.32
61080007000155;2026-03-13;51402071.53
61080452000115;2026-03-13;183285444.29
61083286000100;2026-03-13;388382933.98
61085696000190;2026-03-13;37592201.80
61088667000182;2026-03-13;24997293.21
61088935000166;2026-03-13;351303467.40
61103656000124;2026-03-13;55618390.43
61107833000140;2026-03-13;429072064.64
61107909000138;2026-03-13;91641197.84
61108069000128;2026-03-13;199704090.49
61108422000170;2026-03-13;80585535.55
61110894000167;2026-03-13;21182592.41
61111715000106;2026-03-12;83647818.78
61112252000105;2026-03-13;33381885.90
61114367000120;2026-03-13;662782722.92
61116592000104;2026-03-13;7940960.90
61117258000167;2026-03-13;32924686.11
61117457000175;2026-03-13;30912895.67
61117665000174;2026-03-13;241548362.66
61127885000189;2026-03-13;0.00
61132002000129;2026-03-13;24977691.39
61133560000109;2026-03-13;20252292.78
61136998000140;2026-03-13;107169087.83
61140383000198;2026-03-13;29121218.40
61140425000190;2026-03-12;3796287.94
61140498000182;2026-03-13;45096791.34
61140568000100;2026-03-13;244629091.00
61140621000165;2026-03-13;51792185.83
61140686000100;2026-03-13;25320212.39
61140801000147;2026-03-13;10760732.80
61140861000160;2026-03-13;356516158.09
61140917000186;2026-03-13;45202925.61
61140970000187;2026-03-13;10366858.44
61141019000142;2026-03-13;14203134.96
61141069000120;2026-03-13;22424930.88
61141163000189;2026-03-13;24680349.24
61141201000101;2026-03-13;18610518.87
61141240000109;2026-03-13;3239391059.43
61141276000184;2026-03-13;602211986.64
61141351000107;2026-03-13;73732024.22
61141486000172;2026-03-13;46122052.94
61141536000111;2026-03-13;602147805.78
61154471000149;2026-03-13;2243269.30
61156156000150;2026-03-13;19939429.80
61156905000140;2026-03-13;995088.00
61157628000190;2026-03-13;101646849.71
61160298000191;2026-03-13;34506953.22
61162047000146;2026-03-13;398822444.95
61169265000102;2026-03-13;1274805.77
61180896000122;2026-03-13;13666780.53
61181933000117;2026-03-13;212160260.59
61182246000116;2026-03-13;107479454.82
61182281000135;2026-03-13;34908594.36
61182444000180;2026-03-13;13384029.66
61184038000156;2026-03-12;204868586.94
61196264000157;2026-03-13;33903381.33
61196530000141;2026-03-13;54519554.25
61196857000113;2026-03-13;33071347.79
61197881000177;2026-03-13;160331431.92
61198681000139;2026-03-13;37911267.74
61199023000161;2026-03-13;19451345.45
61199231000160;2026-03-13;19747201.45
61200955000187;2026-03-13;43983540.67
61201151000100;2026-03-13;146683149.78
61201512000100;2026-03-13;49181518.93
61223070000101;2026-03-13;185585788.59
61224618000120;2026-03-13;81592994.21
61225877000175;2026-03-13;12198947.79
61231703000115;2026-03-13;11056542.70
61240697000162;2026-03-13;23158165.02
61245368000104;2026-03-12;40018674.87
61247438000163;2026-03-13;62695073.40
61248776000110;2026-03-13;462585671.61
61249332000107;2026-03-13;33418620.03
61249586000117;2026-03-13;66478851.98
61249703000142;2026-03-13;269433102.86
61249870000193;2026-03-13;418729914.17
61250157000160;2026-03-13;223301244.74
61250506000143;2026-03-13;15188321.40
61251256000166;2026-03-13;109919988.58
61251736000127;2026-03-13;65281285.80
61258390000199;2026-03-05;12474148.96
61258818000101;2026-03-05;22511953.58
61262963000158;2026-03-12;16863397.29
61263889000194;2026-03-13;459828521.76
61264534000110;2026-03-13;18284418.43
61265411000101;2026-03-13;57068963.03
61265533000190;2026-03-13;610834060.88
61267137000100;2026-03-13;3136207.61
61267770000190;2026-03-13;50619857.71
61268857000181;2026-03-13;21488259.96
61269005000109;2026-03-13;147690924.07
61269144000132;2026-03-13;29514490.06
61269376000190;2026-03-13;12036582.71
61270097000147;2026-03-13;79298764.25
61271076000146;2026-03-13;73820528.43
61271154000102;2026-03-13;108850332.95
61271801000186;2026-03-13;8060207.76
61272096000131;2026-03-13;15177665.93
61272108000128;2026-03-13;25229364.59
61272435000180;2026-03-13;12643038.77
61277602000185;2026-03-13;150099201.82
61277977000145;2026-03-13;44961326.90
61280813000177;2026-03-13;11916998.04
61284975000183;2026-03-13;17942054.69
61285242000163;2026-03-13;113109994.68
61290059000156;2026-03-13;2147553292.03
61290820000150;2026-03-13;55991681.00
61294253000100;2026-03-13;22035563.65
61297226000190;2026-03-12;28594783.11
61300119000174;2026-03-06;38171069.22
61303870000124;2026-03-13;1493901.59
61304623000142;2026-03-13;32886539.35
61305771000181;2026-03-02;0.00
61320236000108;2026-03-13;8954120.69
61322005000125;2026-03-13;1297080871.24
61322330000198;2026-03-13;181483633.28
61323735000140;2026-03-13;31027198.47
61324558000117;2026-03-13;51199012.32
61324989000183;2026-03-13;2568472.88
61327132000117;2026-03-13;459887933.76
61331451000104;2026-03-13;5166793.21
61333263000107;2026-03-13;77748347.41
61333973000137;2026-03-12;30007436.69
61341372000176;2026-03-13;478924627.16
61343169000139;2026-03-13;329274854.67
61344207000178;2026-03-13;87479252.94
61346705000150;2026-03-13;17118494.03
61347280000101;2026-03-13;104756829.54
61347630000121;2026-03-13;13534594.55
61348035000100;2026-03-13;34144986.48
61348277000102;2026-03-13;623068525.84
61348437000105;2026-03-13;83718262.64
61348891000166;2026-03-13;12337027.95
61348898000188;2026-03-13;6337257.71
61350569000171;2026-03-12;11604943.78
61350794000108;2026-03-13;52587428.86
61351211000163;2026-03-13;20089231.14
61351720000196;2026-03-12;3669465988.68
61357403000187;2026-03-13;3965841.34
61361097000152;2026-03-13;87601711.66
61362000000126;2026-03-13;31823659.31
61369798000138;2026-03-13;50134640.28
61370747000126;2026-03-13;513765360.16
61371255000155;2026-03-12;10461455.20
61371531000185;2026-03-11;22687461.24
61373421000152;2026-03-13;49656771.80
61373631000140;2026-03-12;52772551.62
61373802000131;2026-03-12;27112484.80
61385616000112;2026-03-12;12453909.95
61389616000190;2026-03-13;88943505.76
61390344000149;2026-03-13;1917779.02
61390439000162;2026-03-13;115873770.56
61390482000128;2026-03-13;24300784.12
61390937000105;2026-03-13;14660039.79
61391125000184;2026-03-13;10122092.53
61404286000165;2026-03-12;13794724.32
61411777000133;2026-03-13;69676172.40
61413759000190;2026-03-13;1174340.24
61416431000128;2026-03-13;31066364.72
61418417000163;2026-03-12;120508125.24
61419060000138;2026-03-13;36501655.10
61424075000194;2026-03-13;103570018.53
61425858000192;2026-03-13;5133602.16
61432112000106;2026-03-13;6715205.13
61444194000109;2026-03-13;218529422.70
61445398000164;2026-03-12;191841190.69
61451675000141;2026-03-13;265503191.60
61451979000109;2026-03-13;88959673.12
61452639000100;2026-03-13;49239198.22
61452703000145;2026-03-13;1497396.44
61453625000101;2026-03-13;6931914.57
61455544000132;2026-03-12;10877238.42
61462080000191;2026-03-13;146036892.11
61464520000140;2026-03-12;28301698.60
61466245000101;2026-03-13;17574844.95
61472550000106;2026-03-13;80185947.10
61473004000181;2026-03-13;253090125.62
61475212000110;2026-03-13;1867227.49
61475415000106;2026-03-13;25284606.47
61475918000181;2026-03-13;3582840.43
61476013000126;2026-03-13;17922485.63
61515460000147;2026-03-13;12605677.47
61515476000150;2026-03-13;110270470.91
61516572000112;2026-03-13;252221959.29
61516954000146;2026-03-13;1070362.44
61517048000166;2026-03-13;67871669.26
61520265000105;2026-03-12;10228767.50
61521554000129;2026-03-13;45078723.68
61521573000155;2026-03-13;12663765.47
61521629000171;2026-03-13;291990731.09
61521870000109;2026-03-13;121803669.11
61526773000109;2026-03-09;35305074.03
61528859000162;2026-03-13;16724199.59
61529245000103;2026-03-13;7484423.66
61529560000122;2026-03-13;13904327.96
61530417000150;2026-03-13;5726010.70
61530644000186;2026-03-12;-100887.04
61532329000198;2026-03-13;9298282.98
61532844000178;2026-03-13;34630070.97
61534940000155;2026-03-13;11549597.01
61535666000139;2026-03-13;512672034.82
61536238000120;2026-03-13;84287524.83
61539506000168;2026-03-13;27077926.89
61541353000193;2026-03-13;46534327.83
61541675000132;2026-03-13;6326343.63
61542138000107;2026-03-13;6326369.03
61542326000135;2026-03-13;132090508.13
61543295000137;2026-03-13;33590836.75
61543507000186;2026-03-13;286083489.46
61558612000199;2026-03-12;14441018.75
61559021000136;2026-03-12;17378399.82
61559509000163;2026-03-12;24724256.62
61560045000105;2026-03-13;461062334.85
61560810000197;2026-03-13;8863331.10
61561173000173;2026-03-13;38377792.02
61561449000113;2026-03-13;3986150.88
61561524000146;2026-03-13;4776076.56
61561752000116;2026-03-13;5383533.47
61562271000125;2026-03-13;6324777.97
61562479000144;2026-03-13;8258185.62
61562510000147;2026-03-13;11948305.85
61563670000100;2026-03-13;6326316.95
61564307000100;2026-03-13;28441968.89
61571532000173;2026-03-12;86613208.50
61572789000140;2026-03-13;148231581.39
61579407000100;2026-03-13;5123229.78
61579871000104;2026-03-13;47550681.99
61583519000134;2026-03-12;257142218.14
61584502000100;2026-03-13;2533248738.86
61584589000107;2026-03-13;1981917.27
61584656000193;2026-03-13;10975633.90
61584731000116;2026-03-13;42155550.51
61584782000148;2026-03-13;16951127.10
61584829000173;2026-03-13;52615636.24
61584886000152;2026-03-13;35165369.60
61584915000186;2026-03-13;57934386.04
61584974000154;2026-03-13;7500613.93
61585013000164;2026-03-13;1547701628.86
61585229000120;2026-03-12;73353654.13
61585425000102;2026-03-13;52906477.02
61586736000188;2026-03-13;35402997.29
61591840000160;2026-03-13;3688818.72
61592202000164;2026-03-13;10273393.15
61594403000109;2026-03-13;83703749.56
61597359000182;2026-03-13;13312967.71
61600072000164;2026-03-13;469566336.60
61601992000105;2026-03-13;6326316.95
61602721000166;2026-03-13;6326316.95
61603679000106;2026-03-03;17428026.85
61604504000105;2026-03-13;6312936.01
61605300000199;2026-03-13;318943209.84
61622459000111;2026-03-13;59005600.83
61622654000141;2026-03-13;10906710.24
61622820000100;2026-03-13;1424771399.85
61623000000132;2026-03-13;1424388058.51
61643116000133;2026-03-13;27188647.49
61643338000156;2026-03-13;240204966.23
61647986000180;2026-03-13;15224014.04
61648430000109;2026-03-13;10868503.48
61649424000176;2026-03-13;16247037.45
61649458000160;2026-03-13;9177093.82
61649465000162;2026-03-13;32362228.64
61650068000100;2026-03-13;15383986.06
61650236000168;2026-03-13;64586931.16
61650367000145;2026-03-13;23707179.92
61650641000186;2026-03-13;44696728.73
61651255000109;2026-03-13;52731914.87
61655249000120;2026-03-12;13154163.99
61660997000109;2026-03-13;5124339957.81
61662323000135;2026-03-13;71242045.01
61666420000104;2026-03-13;17521519.85
61681753000102;2026-03-12;162283789.28
61683502000159;2026-03-13;18292683.46
61685406000140;2026-03-13;121953108.34
61689590000104;2026-03-13;54631055.90
61690166000171;2026-03-12;14261279.62
61690888000126;2026-03-13;138624826.21
61691015000138;2026-03-13;215199522.25
61691082000152;2026-03-13;168780501.10
61691260000145;2026-03-13;48407322.85
61691296000129;2026-03-13;30170455.44
61691508000178;2026-03-13;101146261.81
61691544000131;2026-03-13;5643889.58
61692221000162;2026-03-13;74417963.62
61692294000154;2026-03-13;74093220.73
61699458000175;2026-03-13;33677520.33
61699824000196;2026-03-12;6931612.25
61703296000100;2026-03-13;6381603.14
61707575000133;2026-03-12;1309236372.48
61707669000102;2026-03-13;4279449.15
61707947000121;2026-03-12;461372057.24
61707959000156;2026-03-13;112650213.74
61708895000108;2026-03-12;239935079.15
61709249000165;2026-03-13;33954100.47
61710021000195;2026-03-12;262861076.90
61725196000176;2026-03-13;37528300.54
61733546000146;2026-03-13;1232113790.55
61734686000139;2026-03-12;9134601.72
61734698000163;2026-03-13;999010105.67
61735048000132;2026-03-13;183355584.52
61735868000124;2026-03-13;5638281.01
61744888000161;2026-03-12;41662539.88
61748056000113;2026-03-13;348425.93
61748792000171;2026-03-13;1279773.21
61749622000101;2026-03-13;3060074.04
61749775000159;2026-03-13;19052887.10
61750134000114;2026-03-13;6892822.63
61750242000197;2026-03-13;1020875.03
61759133000130;2026-03-13;176234055.43
61760129000192;2026-03-13;74679076.48
61760307000185;2026-03-13;8010932.93
61760793000131;2026-03-13;1204288.01
61761100000125;2026-03-13;74391657.85
61767942000194;2026-03-13;37380096.83
61768641000185;2026-03-13;23454280.19
61769286000169;2026-03-13;27335154.03
61769687000119;2026-03-13;14911316.72
61770321000160;2026-03-13;10593975.06
61774921000104;2026-03-13;39119262.82
61775348000145;2026-03-13;103808556.71
61779206000156;2026-03-13;10116862.87
61780333000175;2026-03-13;56334339.23
61791374000167;2026-03-13;752835736.79
61791538000156;2026-03-13;3603621950.15
61794417000168;2026-03-13;72861734.16
61794722000150;2026-03-13;6210033.38
61794817000173;2026-03-13;12658597.29
61794931000101;2026-03-13;19393909.66
61798106000177;2026-03-12;16513994.11
61798592000123;2026-03-13;223156861.14
61800269000147;2026-03-13;5946370.08
61800420000147;2026-03-13;5701463.78
61801573000109;2026-03-13;87500364.60
61803239000194;2026-03-13;60349511.90
61803360000116;2026-03-13;88740419.51
61803459000118;2026-03-12;53397009.70
61803572000101;2026-03-13;163227263.42
61803648000190;2026-03-13;27819058.19
61806555000110;2026-03-13;1958318.41
61807199000159;2026-03-13;68943976.47
61809225000188;2026-03-13;155851449.87
61809401000181;2026-03-13;16031206.24
61809581000100;2026-03-13;8243737.49
61814019000166;2026-03-13;21259559.53
61816182000168;2026-03-13;16926099.72
61816395000190;2026-03-13;18337289.05
61816718000145;2026-03-13;19584495.67
61817765000103;2026-03-13;8510473.97
61817868000173;2026-03-13;29161342.48
61817952000197;2026-03-13;30312892.68
61818063000144;2026-03-13;27744522.79
61818190000143;2026-03-13;8032442.69
61818220000111;2026-03-12;128453901.40
61818288000109;2026-03-10;89198118.84
61818334000161;2026-03-12;35282314.81
61818401000148;2026-03-06;83319574.56
61818609000167;2026-03-13;38351901.92
61818679000115;2026-03-13;21415643.49
61818719000129;2026-03-13;32087235.13
61818758000126;2026-03-09;57426045.84
61818960000158;2026-03-13;27449879.00
61831273000172;2026-03-13;73451988.08
61831283000108;2026-03-13;11623262.58
61833419000119;2026-03-13;285459316.00
61834811000182;2026-03-13;136665100.99
61834984000109;2026-03-13;32430305.72
61835389000180;2026-03-13;348164476.15
61835477000181;2026-03-13;39261330.87
61835634000159;2026-03-13;11096825.48
61835843000100;2026-03-13;35975906.32
61836539000170;2026-03-13;87800218.75
61836671000181;2026-03-13;3762486789.27
61836753000126;2026-03-13;11134303.76
61837406000118;2026-03-13;13644553.12
61837478000165;2026-03-13;29631094.19
61839257000126;2026-03-13;978564.41
61839347000117;2026-03-13;121061958.68
61842207000106;2026-03-12;49485547.01
61843171000177;2026-03-12;35469554.74
61844252000191;2026-03-13;15279975.48
61844366000131;2026-03-13;17371790.12
61844854000149;2026-03-13;18937040.27
61845849000150;2026-03-13;32469618.94
61854664000102;2026-03-13;480568795.42
61861454000141;2026-03-13;1429078.23
61861865000137;2026-03-13;533747045.65
61862948000140;2026-03-12;54781912.78
61862986000101;2026-03-13;1600335.22
61863244000192;2026-03-13;32021283.35
61864535000103;2026-03-13;908148.96
61866929000192;2026-03-13;13483595.64
61868042000133;2026-03-13;0.00
61868552000100;2026-03-13;1092242.01
61874568000126;2026-03-13;10281229.95
61874813000103;2026-03-13;21212837.11
61875090000159;2026-03-13;21084008.88
61877898000175;2026-03-13;12946465.66
61881131000110;2026-03-12;138807979.21
61881143000144;2026-03-13;85300916.85
61882998000190;2026-03-13;754089827.02
61883434000171;2026-03-13;3609685408.20
61884084000168;2026-03-13;458570919.01
61884215000107;2026-03-13;53492535.14
61884366000165;2026-03-13;26558707.40
61884759000179;2026-03-13;10463834.85
61885649000121;2026-03-13;53729838.20
61888726000105;2026-03-13;14679790.77
61898585000101;2026-03-13;78754733.16
61904092000129;2026-03-13;70874311.05
61907401000114;2026-03-12;1633488.63
61908557000110;2026-03-13;51284376.18
61908791000147;2026-03-13;1269114.65
61918794000161;2026-03-13;27910797.57
61921304000186;2026-03-13;852680.28
61924591000188;2026-03-12;3153301.17
61924934000104;2026-03-12;6704977.00
61925300000176;2026-03-13;25075897.41
61925539000146;2026-03-13;20633855.27
61925599000169;2026-03-13;5083889.26
61926195000190;2026-03-13;14534172.76
61926290000193;2026-03-13;70828120.91
61926946000178;2026-03-13;11671453.43
61927056000180;2026-03-13;347380346.94
61927363000161;2026-03-12;128955405.59
61928582000165;2026-03-13;25659265.50
61939711000110;2026-03-13;4653255.70
61941773000167;2026-03-13;1816623.37
61941855000101;2026-03-13;1671340.55
61941893000164;2026-03-10;23114074.18
61944498000135;2026-03-12;59266741.34
61944886000116;2026-03-12;87016652.25
61947544000150;2026-03-13;15148760.69
61948557000143;2026-03-13;322613953.80
61948797000148;2026-03-13;15843398.10
61952434000186;2026-03-13;291400954.82
61952765000116;2026-03-13;31642539.29
61953079000160;2026-03-13;25555806.49
61954507000179;2026-03-13;8024103.80
61954776000135;2026-03-13;68153519.15
61959000000108;2026-03-13;58732961.22
61959082000190;2026-03-13;37275962.22
61959244000190;2026-03-13;28538390.29
61959407000135;2026-03-13;15827613.42
61962694000132;2026-03-13;0.00
61964220000120;2026-03-13;470944848.54
61964470000160;2026-03-13;348852263.08
61971270000134;2026-03-13;76664850.58
61972123000189;2026-03-13;202636071.00
61972391000109;2026-03-13;63978967.71
61972672000153;2026-03-13;715062572.44
61973575000185;2026-03-13;80166462.62
61984627000119;2026-03-13;28554187.49
61988827000140;2026-03-12;26672900.35
61989479000125;2026-03-13;66912603.97
61990054000136;2026-03-12;29296955.93
61990870000140;2026-03-13;18478085.65
62000704000111;2026-03-13;14800593.07
62001004000141;2026-03-13;16174156.99
62002304000145;2026-03-13;101960377.13
62003593000105;2026-03-13;8194031.55
62003655000170;2026-03-13;27544013.20
62003988000108;2026-03-13;289291781.98
62004054000182;2026-03-13;72321503.79
62007683000166;2026-03-13;802632163.17
62021114000175;2026-03-13;87854509.03
62021805000179;2026-03-13;102299002.59
62022069000173;2026-03-13;119713476.79
62022673000108;2026-03-13;160289896.93
62022987000100;2026-03-13;76710468.66
62023266000107;2026-03-13;70936888.27
62024085000103;2026-03-12;1464090.38
62026093000180;2026-03-12;161728218.50
62028928000131;2026-03-13;11526490.73
62029063000128;2026-03-13;4636569.90
62031312000110;2026-03-13;15898586.44
62031595000108;2026-03-13;29146461.54
62034064000160;2026-03-13;2089448.53
62034290000141;2026-03-13;293010643.83
62049166000150;2026-03-13;223963044.20
62049434000133;2026-03-13;130602900.53
62056473000168;2026-03-13;44417140.91
62057181000140;2026-03-13;3004986.47
62058316000191;2026-03-13;15419488.22
62062346000171;2026-03-13;0.00
62062816000105;2026-03-13;1758423.17
62063685000172;2026-03-11;3910166.42
62064607000192;2026-03-13;19833640.95
62065173000145;2026-03-13;23698338.26
62074308000139;2026-03-13;212427251.50
62074561000192;2026-03-13;13747187.93
62074591000107;2026-03-13;5732855.37
62076103000192;2026-03-13;25851552.41
62076241000171;2026-03-13;42646176.00
62078917000166;2026-03-13;10551029.59
62080523000142;2026-03-11;5523963.39
62082184000133;2026-03-11;26403388.00
62082548000185;2026-03-12;32448813.89
62083054000115;2026-03-13;10345914.68
62083874000107;2026-03-13;77313257.47
62091844000142;2026-03-13;30542683.72
62092022000186;2026-03-13;31838207.76
62099622000176;2026-03-13;183392273.51
62099815000127;2026-03-12;12068527.12
62101509000188;2026-03-13;1365600336.35
62103583000133;2026-03-13;19995296.36
62105669000103;2026-03-13;32696398.84
62114653000159;2026-03-13;10739141.96
62115203000180;2026-03-13;18965229.59
62115490000129;2026-03-13;14780029.26
62120583000141;2026-03-13;17279116.35
62123507000190;2026-03-13;10581558.26
62125370000102;2026-03-13;52932553.71
62125536000190;2026-03-13;1890460.55
62132937000178;2026-03-13;99834949.03
62136382000132;2026-03-13;20261335.27
62140128000108;2026-03-13;18455648.21
62141777000123;2026-03-13;186310290.14
62141939000123;2026-03-13;67355009.26
62143858000162;2026-03-13;21331218.99
62144203000109;2026-03-13;47576853.15
62145015000103;2026-03-13;233678940.22
62145244000110;2026-03-13;29729718.85
62159099000126;2026-03-13;15891457.63
62160786000161;2026-03-13;169070135.37
62165757000192;2026-03-12;18278515.17
62166219000112;2026-03-13;5016881.11
62167626000144;2026-03-13;15676151.55
62171470000175;2026-03-13;5741064096.88
62172231000130;2026-03-13;16714626.54
62172396000101;2026-03-13;22513187.73
62172905000104;2026-03-13;37219676.79
62173249000156;2026-03-12;46620160.33
62183303000144;2026-03-12;27467697.15
62189803000193;2026-03-12;185329869.82
62191155000100;2026-03-12;3312064184.33
62191841000180;2026-03-12;281803615.56
62191942000151;2026-03-13;256403808.87
62192196000110;2026-03-12;2334940480.73
62192415000161;2026-03-12;180996879.02
62194627000188;2026-03-13;173956276.66
62195865000108;2026-03-06;55298410.50
62198665000109;2026-03-13;38134866.36
62199705000137;2026-03-13;48114053.59
62201941000140;2026-03-16;48630765.04
62203847000120;2026-03-13;5158800.28
62205291000101;2026-03-13;20491513.76
62209138000152;2026-03-13;336018692.10
62210914000134;2026-03-13;20490512.70
62213987000180;2026-03-13;105891541.10
62214375000101;2026-03-13;15714992.51
62214593000146;2026-03-12;170388221.06
62214641000104;2026-03-12;31505695.84
62225868000147;2026-03-13;6679790.38
62226313000110;2026-03-13;113640674.39
62231879000130;2026-03-12;17782583.44
62232489000184;2026-03-12;227661598.20
62233496000109;2026-03-13;37343888.63
62233915000102;2026-03-13;107285199.78
62234191000103;2026-03-13;23342706.96
62234770000156;2026-03-13;43924213.23
62234873000116;2026-03-13;1324890.09
62234941000147;2026-03-13;21022123.33
62235923000180;2026-03-13;21369051.24
62236026000190;2026-03-13;272642727.39
62240420000100;2026-03-13;2114242.52
62240600000184;2026-03-13;6904959.86
62240763000167;2026-03-13;87677843.40
62245434000109;2026-03-13;5270865.71
62247849000111;2026-03-12;32489011.86
62249428000120;2026-03-13;5160283.04
62249824000157;2026-03-13;97536648.51
62250286000110;2026-03-13;58872007.93
62251083000149;2026-03-13;82260713.60
62251287000180;2026-03-13;3586327.14
62251697000120;2026-03-13;10017807.38
62251845000107;2026-03-13;4437449.32
62252072000183;2026-03-13;49867011.63
62252268000178;2026-03-13;8257250.43
62252533000118;2026-03-13;10245185.62
62252967000118;2026-03-13;6368915.55
62253198000172;2026-03-13;22659286.18
62253446000185;2026-03-13;195777530.83
62253563000149;2026-03-12;195761408.69
62267044000130;2026-03-13;11909767.30
62270059000157;2026-03-13;83526388.23
62271253000157;2026-03-13;12244489.60
62274965000120;2026-03-13;10705097.68
62280626000156;2026-03-13;15941713.24
62281955000111;2026-03-13;26490716.30
62283336000166;2026-03-13;245226603.88
62293468000179;2026-03-13;965629.81
62298601000180;2026-03-11;73002297.36
62298816000109;2026-03-12;420960867.46
62299472000144;2026-03-12;59673368.35
62299958000182;2026-03-13;76254128.75
62300200000117;2026-03-13;113292441.57
62300536000180;2026-03-13;44847546.23
62300839000100;2026-03-13;637941418.72
62311061000127;2026-03-13;690994158.93
62311301000193;2026-03-13;242655889.05
62311547000165;2026-03-13;176472454.15
62317528000146;2026-03-12;73321398.78
62318156000172;2026-03-13;20661255.92
62318181000156;2026-03-13;170171643.15
62318422000167;2026-03-13;14374605.01
62319060000129;2026-03-13;1556379.76
62319210000102;2026-03-13;20961913.95
62319608000130;2026-03-13;24056938.81
62323295000194;2026-03-12;106383026.09
62324905000174;2026-03-13;20179752.06
62325046000138;2026-03-13;15717311.42
62333330000156;2026-03-04;34484102.43
62333997000159;2026-03-11;14497919.41
62334282000110;2026-03-10;47277369.55
62340543000105;2026-03-12;38029824.39
62351636000135;2026-03-13;84935331.35
62353018000124;2026-03-13;101012603.70
62354876000193;2026-03-12;110922684.96
62355956000163;2026-03-13;44966033.44
62356314000189;2026-03-13;44881729.53
62358710000145;2026-03-13;12722889.20
62360872000118;2026-03-13;875367175.68
62360992000115;2026-03-13;340376722.40
62361073000166;2026-03-13;1953796478.39
62361160000113;2026-03-13;342460836.07
62361236000100;2026-03-13;76622887.46
62361327000146;2026-03-13;12066148.60
62361404000168;2026-03-13;13231287.09
62361467000114;2026-03-13;14701702.10
62361545000180;2026-03-13;100000.00
62361637000160;2026-03-13;10739292.04
62361815000153;2026-03-12;63801147.38
62362268000120;2026-03-13;5855553.24
62363060000126;2026-03-13;36900539.02
62363645000146;2026-03-13;263371817.15
62364384000189;2026-03-13;1698399.30
62379427000108;2026-03-13;17939334.03
62380424000186;2026-03-13;21729706.94
62381358000169;2026-03-13;18250961.59
62382192000103;2026-03-13;212702009.18
62383089000170;2026-03-13;121538458.72
62388803000112;2026-03-11;44821373.40
62389920000109;2026-03-12;49603676.25
62392905000101;2026-03-13;14979808.65
62393466000151;2026-03-13;100809091.54
62394009000181;2026-03-13;94188597.50
62400417000107;2026-03-13;128061536.70
62400823000161;2026-03-13;128345881.37
62402137000120;2026-03-13;9834019.44
62403552000106;2026-03-13;89793.66
62406976000116;2026-03-13;35569195.30
62407174000120;2026-03-13;71436271.36
62407840000120;2026-03-13;185809373.52
62407897000120;2026-03-12;39394015.73
62408049000135;2026-03-13;4319394.57
62408523000129;2026-03-13;20346414.01
62408759000165;2026-03-13;18397473.93
62408908000196;2026-03-13;17414418.09
62408982000102;2026-03-13;22499324.64
62409158000177;2026-03-12;69328328.78
62409302000175;2026-03-13;52083917.10
62409522000107;2026-03-13;14776997.45
62409635000102;2026-03-10;20626572.86
62411943000164;2026-03-13;33681671.23
62414689000158;2026-03-13;106719427.63
62415126000184;2026-03-12;122805946.86
62423102000177;2026-03-13;27085329.74
62428355000133;2026-03-13;79228128.35
62429900000106;2026-03-13;14365488.07
62431373000174;2026-03-12;12559626.45
62431835000153;2026-03-13;441793354.42
62435083000107;2026-03-11;7982475.39
62436428000139;2026-03-13;36153409.77
62438200000188;2026-03-13;266097848.78
62452427000188;2026-03-13;48747888.50
62455032000139;2026-03-12;30337777.29
62455668000180;2026-03-13;135764805.23
62461101000117;2026-03-13;20880209.20
62461292000117;2026-03-13;731873627.14
62461511000168;2026-03-13;518629873.63
62461947000157;2026-03-13;67878137.03
62463916000135;2026-03-13;25874137.65
62466700000123;2026-03-13;5274184.15
62467068000132;2026-03-13;20230171.26
62467472000106;2026-03-13;126735388.55
62467970000159;2026-03-13;19036544.62
62468143000180;2026-03-13;23041049.44
62469562000136;2026-03-13;8686623.70
62471228000117;2026-03-13;84950249.21
62471698000180;2026-03-12;18882651.23
62472182000150;2026-03-13;1034667.97
62472723000140;2026-03-13;231582624.13
62473159000180;2026-03-13;136418172.51
62473606000100;2026-03-13;18246479.79
62473925000107;2026-03-13;20081616.61
62474707000197;2026-03-11;970159.94
62475051000127;2026-03-13;2113147.58
62489908000168;2026-03-13;20029876.53
62491272000199;2026-03-13;10126046.83
62493292000107;2026-03-13;18183053.97
62493664000197;2026-03-13;244388037.24
62497443000197;2026-03-13;629356525.88
62499127000154;2026-03-13;9660323.90
62500435000152;2026-03-13;3356494.45
62502136000157;2026-03-12;63508907.09
62506437000159;2026-03-13;406006782.70
62506471000123;2026-03-12;32866935.13
62507617000155;2026-03-13;12097584.75
62507775000105;2026-03-13;8284856.68
62507929000169;2026-03-13;9286070.81
62512847000102;2026-03-13;215489818.93
62520921000132;2026-03-13;21442431.22
62521820000186;2026-03-09;18103297.55
62522237000190;2026-03-12;79650240.27
62528199000182;2026-03-13;52178621.07
62528368000184;2026-03-13;118199949.39
62528395000157;2026-03-12;33331824.45
62540288000144;2026-03-13;1612628.69
62547778000172;2026-03-12;5046278.12
62548248000149;2026-03-13;44185161.73
62551626000143;2026-03-13;16041347.74
62563439000180;2026-03-13;21937246.28
62565902000122;2026-03-13;35590207.93
62569336000127;2026-03-13;162073812.27
62569591000170;2026-03-13;4545342.45
62569802000174;2026-03-12;72510858.64
62571141000111;2026-03-12;39708129.80
62571380000171;2026-03-12;110384954.68
62571624000116;2026-03-12;19152369.75
62572632000187;2026-03-13;85155181.52
62572931000111;2026-03-13;81286851.24
62573018000130;2026-03-12;3217203056.57
62586248000133;2026-03-12;12206408.55
62586444000108;2026-03-13;25113183.81
62586653000151;2026-03-13;15817965.46
62587195000175;2026-03-12;25818926.92
62588992000177;2026-03-13;73178268.09
62589720000191;2026-03-13;314312729.42
62589905000104;2026-03-09;23979821.38
62603317000170;2026-03-13;71353064.69
62604404000141;2026-03-13;34239127.97
62604429000145;2026-03-13;72879037.70
62614415000102;2026-03-13;39604379.47
62614721000149;2026-03-13;15880936.79
62616938000198;2026-03-12;29938937.31
62617248000153;2026-03-13;1338983043.18
62617588000184;2026-03-13;10918516.97
62618159000121;2026-03-13;58255037.94
62623910000188;2026-03-13;15495871.84
62624330000105;2026-03-13;27715316.17
62625430000156;2026-03-13;41388149.79
62625643000188;2026-03-13;20058158.80
62627477000159;2026-03-13;23286612.00
62636182000149;2026-03-13;49027272.90
62637794000156;2026-03-13;232691099.02
62638042000100;2026-03-11;57881183.44
62638505000133;2026-03-12;15131546.96
62640094000110;2026-03-13;2908024.10
62644763000122;2026-03-13;20793640.82
62655118000105;2026-03-13;33518907.14
62656667000102;2026-03-12;47393054.11
62659717000105;2026-03-13;57183522.80
62662727000191;2026-03-13;28948971.57
62662811000105;2026-03-13;44590012.41
62663029000100;2026-03-13;35607495.81
62669471000144;2026-03-13;58667409.80
62670474000106;2026-03-13;58694111.58
62672551000159;2026-03-13;15015564.89
62672889000100;2026-03-13;25010283.74
62673056000164;2026-03-13;40130619.33
62673864000121;2026-03-12;67438454.24
62680015000103;2026-03-12;423282159.01
62690556000104;2026-03-13;38365615.04
62697173000168;2026-03-13;74119687.53
62698192000109;2026-03-12;115088734.94
62699812000124;2026-03-13;2574520.82
62700486000128;2026-03-12;71832779.99
62701033000116;2026-03-12;52741163.83
62717389000148;2026-03-13;32581823.58
62718247000103;2026-03-13;984190.76
62718578000135;2026-03-13;2181088.79
62726496000132;2026-03-13;10700680.99
62726601000133;2026-03-12;22121028.94
62726818000143;2026-03-13;14789734.40
62727007000167;2026-03-12;9513471.99
62727313000101;2026-03-12;13958945.99
62727352000109;2026-03-13;10575274.59
62727602000100;2026-03-13;9707919.52
62727978000107;2026-03-13;59993993.38
62728127000189;2026-03-13;13787135.70
62728263000179;2026-03-13;5406493.68
62728400000175;2026-03-13;19063004.15
62728549000154;2026-03-13;28322438.60
62729034000179;2026-03-13;488149229.09
62729351000195;2026-03-13;23800828.27
62729474000126;2026-03-13;23717930.69
62729856000150;2026-03-13;104097.39
62736500000143;2026-03-13;539359303.07
62736696000176;2026-03-13;100806886.79
62749766000120;2026-03-13;23699712.48
62750103000126;2026-03-13;24732073.15
62750919000150;2026-03-12;37370724.52
62751026000129;2026-03-13;17373944.10
62751113000186;2026-03-13;52776656.71
62751298000129;2026-03-13;23661866.12
62751424000145;2026-03-13;7569249601.33
62751675000120;2026-03-12;51201246.14
62751853000112;2026-03-13;19303759.11
62751880000195;2026-03-13;66156099.13
62752055000105;2026-03-13;21870075.43
62758953000170;2026-03-13;81866449.00
62759963000120;2026-03-12;35730629.91
62760026000195;2026-03-13;284776018.97
62760294000107;2026-03-12;18376217.70
62760747000103;2026-03-13;9589480.30
62761158000131;2026-03-13;56742551.64
62761574000130;2026-03-13;462898264.35
62761823000197;2026-03-13;60954837.60
62761899000112;2026-03-13;112788950.54
62766807000197;2026-03-12;57835501.82
62767258000175;2026-03-13;62845022.35
62767532000106;2026-03-12;2261620.87
62767677000107;2026-03-13;29970506.80
62769135000173;2026-03-13;3544249.02
62769923000160;2026-03-13;41321315.04
62770076000153;2026-03-13;182055301.62
62770389000101;2026-03-13;28312659.85
62771177000149;2026-03-13;5272807.38
62771190000106;2026-03-13;23446505.63
62772990000133;2026-03-13;137677019.93
62781419000185;2026-03-13;15907813.91
62781472000186;2026-03-13;16996249.69
62783549000157;2026-03-13;10091969.70
62783850000160;2026-03-13;3495601.56
62787664000108;2026-03-12;5534805.88
62789682000110;2026-03-13;44040887.99
62790193000189;2026-03-13;22452071.96
62790932000132;2026-03-13;52789417.78
62791756000153;2026-03-13;41331500.27
62792058000172;2026-03-13;306040052.97
62792257000180;2026-03-13;64441804.22
62805276000102;2026-03-13;865442407.58
62805867000171;2026-03-13;134344907.75
62805928000109;2026-03-13;75272901.24
62806106000134;2026-03-13;68317193.77
62806621000114;2026-03-13;44909911.46
62807630000120;2026-03-13;33275799.75
62808255000132;2026-03-13;21347404.32
62808774000109;2026-03-12;71986385.51
62809863000161;2026-03-13;13799779906.62
62810306000160;2026-03-12;34806885.51
62810565000191;2026-03-12;30610471.88
62810753000110;2026-03-13;33594507.10
62831836000195;2026-03-13;8250659.24
62831874000148;2026-03-13;31000664.29
62834589000180;2026-03-13;38293830.21
62835121000100;2026-03-13;24558079.33
62836815000162;2026-03-13;43195391.20
62838116000151;2026-03-13;106042437.73
62847489000199;2026-03-13;368775640.36
62849078000132;2026-03-13;27363990.41
62849361000164;2026-03-13;22247709.14
62849941000151;2026-03-13;23673769.81
62849964000166;2026-03-13;9994043.09
62849991000139;2026-03-13;20321725.51
62851268000194;2026-03-13;24559174.28
62851466000158;2026-03-13;38363143.13
62851849000126;2026-03-13;14638844.10
62852039000194;2026-03-13;17307436.78
62852342000197;2026-03-13;16915999.95
62852498000178;2026-03-13;37298737.60
62856283000125;2026-03-13;54318852.14
62856675000194;2026-03-12;10512152.64
62856891000130;2026-03-13;38336943.24
62857969000130;2026-03-13;18719384.33
62869550000107;2026-03-13;321852045.81
62875070000140;2026-03-13;6622074.90
62876542000180;2026-03-13;11028232.33
62876658000119;2026-03-13;151723050.45
62879312000174;2026-03-13;1525730.60
62880738000148;2026-03-13;71803389.93
62881765000135;2026-03-13;140749580.32
62881942000183;2026-03-13;140746489.49
62890286000185;2026-03-13;371758434.81
62892080000194;2026-03-13;81301193.43
62893108000108;2026-03-13;14043129.12
62893297000119;2026-03-13;27079899.73
62899021000148;2026-03-12;210352368.20
62899553000185;2026-03-13;10208748.46
62901508000118;2026-03-12;184399469.20
62902122000120;2026-03-12;19117975.35
62902634000197;2026-03-13;10818496.82
62909232000114;2026-03-11;735799945.33
62909855000197;2026-03-13;487132598.08
62910859000195;2026-03-13;21941739.01
62911088000150;2026-03-13;36313772.09
62911331000130;2026-03-13;106839085.47
62912973000154;2026-03-13;57907729.11
62913156000110;2026-03-13;58432274.21
62916280000130;2026-03-12;10535769.66
62920823000192;2026-03-13;3377412.33
62920910000140;2026-03-13;19167860.87
62920933000154;2026-03-13;14574409.04
62920974000140;2026-03-13;2224467.50
62921039000107;2026-03-13;42210053.82
62935493000109;2026-03-13;198637908.36
62937391000122;2026-03-13;78813294.93
62939100000135;2026-03-10;64270383.61
62939180000129;2026-03-13;52484528.91
62946783000158;2026-03-12;22357235.21
62947542000123;2026-03-12;3173449.12
62949188000176;2026-03-13;1659324.08
62949882000193;2026-03-13;178018790.14
62950040000151;2026-03-13;39413972.03
62960136000109;2026-03-13;4379949.87
62960671000151;2026-03-13;14481082.36
62963313000100;2026-03-12;15375479.54
62963732000134;2026-03-12;16238306.05
62965634000136;2026-03-13;169453287.75
62966257000150;2026-03-12;22974820.44
62966751000114;2026-03-13;20459552.36
62967494000135;2026-03-13;42294704.63
62970039000199;2026-03-13;21280122.86
62970471000180;2026-03-13;28910032.11
62970727000159;2026-03-12;14095954.10
62980467000100;2026-03-13;124535586.46
62980931000150;2026-03-13;126906142.05
62981603000179;2026-03-12;7764889.24
62982207000166;2026-03-13;4672004.61
62982946000158;2026-03-13;23823407.26
62983270000117;2026-03-13;10020948.06
62985729000111;2026-03-12;21372217.22
62986314000162;2026-03-13;15023980.70
62986829000162;2026-03-13;73137151.43
62990565000110;2026-03-13;19887390.69
62991350000114;2026-03-13;20074719.65
62992257000124;2026-03-12;1115324147.93
62993168000100;2026-03-13;5064342.05
62993608000111;2026-03-13;200930375.27
62993835000147;2026-03-13;200033938.06
62999500000136;2026-03-13;210333145.39
62999607000184;2026-03-13;361840.71
62999947000105;2026-03-13;36446745.52
63004995000189;2026-03-13;56858829.48
63005030000100;2026-03-13;10363442.70
63005076000120;2026-03-13;34161759.35
63005096000109;2026-03-13;11257319.60
63013520000159;2026-03-12;12340512.70
63015880000190;2026-03-13;37146057.08
63016401000150;2026-03-13;15083386.12
63022242000104;2026-03-13;14851809.33
63022260000188;2026-03-13;10888580.78
63022309000100;2026-03-12;10111957.83
63023377000186;2026-03-13;25127927.96
63023396000102;2026-03-13;20993478.90
63023574000103;2026-03-13;30783732.69
63023753000132;2026-03-13;34316506.22
63024507000103;2026-03-13;20903422.49
63025366000135;2026-03-13;56193039.56
63025606000100;2026-03-13;29766990.51
63028084000191;2026-03-12;27251205.21
63028408000191;2026-03-12;10498939.75
63031387000163;2026-03-13;45175804.76
63031680000120;2026-03-13;52852645.11
63032258000190;2026-03-13;83579087.97
63033489000118;2026-03-11;31491216.84
63034137000187;2026-03-13;5034268.78
63047343000121;2026-03-13;1519716.03
63047413000141;2026-03-13;13491233.04
63048098000177;2026-03-13;39911515.48
63051354000185;2026-03-13;91058972.10
63051648000107;2026-03-13;347170514.79
63052049000108;2026-03-13;12194682.20
63052486000121;2026-03-12;16734856.01
63052766000130;2026-03-12;62402618.11
63053090000107;2026-03-12;899515305.84
63055716000106;2026-03-13;26735743.90
63061612000104;2026-03-13;119363890.80
63062979000142;2026-03-13;385724493.12
63063306000107;2026-03-13;10408684.85
63063918000108;2026-03-13;22378081.79
63064415000149;2026-03-13;130647753.09
63073526000111;2026-03-13;39909372.73
63073683000127;2026-03-13;67497272.48
63073919000125;2026-03-13;20314724.30
63075772000102;2026-03-13;3573858.07
63076023000108;2026-03-13;10104063.13
63076305000105;2026-03-13;25975333.40
63079026000197;2026-03-13;34592890.26
63079371000120;2026-03-13;14922030.51
63079616000110;2026-03-13;52756514.80
63080347000101;2026-03-13;14758853.90
63081190000139;2026-03-12;4338648.30
63088704000188;2026-03-13;336187615.02
63092375000149;2026-03-13;34333088.94
63092952000100;2026-03-13;21021588.62
63093616000174;2026-03-13;27694771.33
63100496000195;2026-03-12;14544299.50
63100830000100;2026-03-12;13290771.92
63101203000194;2026-03-13;534376935.76
63102424000187;2026-03-13;103651205.45
63104249000167;2026-03-13;216166539.91
63105177000172;2026-03-13;38234167.01
63105220000108;2026-03-13;110397354.18
63105295000180;2026-03-13;30680239.75
63105344000185;2026-03-13;124003920.07
63105421000105;2026-03-13;487558554.64
63105477000151;2026-03-13;83809650.96
63105532000103;2026-03-13;24675353.22
63105671000137;2026-03-13;26228181.21
63105699000174;2026-03-13;108551681.01
63110321000169;2026-03-13;411987684.66
63110432000175;2026-03-13;97813838.54
63110618000124;2026-03-13;120444736.47
63110847000149;2026-03-13;139605803.35
63110995000163;2026-03-13;153638258.67
63111098000174;2026-03-13;138614530.86
63111163000161;2026-03-13;55291137.83
63112599000175;2026-03-13;110998906.47
63114418000140;2026-03-12;49016801.73
63115354000100;2026-03-12;103074423.39
63115417000110;2026-03-13;3585448.69
63122376000199;2026-03-13;5024373.93
63124967000103;2026-03-13;2334905068.72
63125407000165;2026-03-13;103672565.76
63125524000129;2026-03-13;388649961.98
63131420000127;2026-03-13;2371805.04
63137924000154;2026-03-12;31889525.29
63138979000189;2026-03-13;15777384.40
63138982000100;2026-03-13;27959935.23
63139150000109;2026-03-13;23906502.65
63140516000151;2026-03-12;31069789.67
63141648000106;2026-03-12;11184906.44
63141868000121;2026-03-13;126040204.74
63141946000198;2026-03-16;69233365.95
63156320000155;2026-03-13;371496958.91
63159694000124;2026-03-13;15619124.71
63159704000121;2026-03-13;22271745.49
63159716000156;2026-03-13;20920049.55
63162241000157;2026-03-13;114656880.94
63164371000129;2026-03-13;261531451.55
63167205000186;2026-03-13;339823540.92
63167224000102;2026-03-12;10460237.93
63167876000147;2026-03-12;4183618.74
63170949000150;2026-03-13;5264352.77
63174249000133;2026-03-13;30074292.41
63174305000130;2026-03-13;27570387.16
63174394000114;2026-03-13;15289942.46
63179605000101;2026-03-13;14870383.13
63187650000108;2026-03-13;13494126.44
63188317000113;2026-03-13;24429814.79
63189006000179;2026-03-12;31435278.02
63189410000142;2026-03-13;13402897.96
63189574000170;2026-03-13;14782630.03
63189681000106;2026-03-13;15433581.37
63189782000179;2026-03-13;10378874.94
63189884000194;2026-03-13;764761310.79
63190006000199;2026-03-13;11469090.33
63190103000181;2026-03-13;9534761.77
63190184000110;2026-03-13;103853098.04
63190269000106;2026-03-13;20192629.89
63190484000107;2026-03-13;3084526.21
63190563000100;2026-03-13;17433404.17
63190621000103;2026-03-13;54767569.28
63190675000160;2026-03-13;1108419.17
63190686000140;2026-03-13;10299817.31
63190767000140;2026-03-13;18170081.71
63196978000190;2026-03-13;376995324.44
63197072000190;2026-03-13;11122335.93
63197167000104;2026-03-13;638869933.40
63197387000138;2026-03-13;2046515364.49
63197476000184;2026-03-13;1201103.48
63201336000132;2026-03-12;1510997.64
63201355000169;2026-03-13;42990129.45
63202846000124;2026-03-13;191780401.31
63206140000130;2026-03-12;25036617.36
63210818000159;2026-03-13;189031133.44
63210820000128;2026-03-13;50259569.67
63210985000108;2026-03-13;3745701.18
63211828000109;2026-03-12;20308271.51
63230065000143;2026-03-13;74136932.50
63230112000159;2026-03-13;33643051.48
63231705000130;2026-03-13;54548779.18
63231954000125;2026-03-12;26320454.32
63232098000122;2026-03-13;64345252.86
63245996000115;2026-03-12;62269519.99
63246657000153;2026-03-12;10431662.15
63248651000115;2026-03-13;37263717.20
63249075000120;2026-03-13;2886339.76
63278110000130;2026-03-13;3027855.79
63278825000192;2026-03-13;18847167.38
63278973000107;2026-03-13;32347543.53
63284019000127;2026-03-13;103180299.69
63284219000180;2026-03-13;304396951.96
63285255000168;2026-03-13;10362617.76
63285329000166;2026-03-13;12758795.96
63285378000107;2026-03-13;145059197.82
63286762000116;2026-03-13;14183762.90
63289657000130;2026-03-13;23250850.00
63291558000193;2026-03-13;40784470.67
63300330000112;2026-03-13;3221279.32
63301172000115;2026-03-05;14947518.06
63309141000100;2026-03-13;15086601.51
63310241000157;2026-03-13;13590534.55
63310340000139;2026-03-13;22722909.24
63317086000109;2026-03-13;19775942.95
63317717000181;2026-03-13;5242718.43
63318001000107;2026-03-13;35127309.06
63319624000196;2026-03-13;6122720.17
63320159000103;2026-03-13;91010661.39
63320552000105;2026-03-13;48409079.51
63327376000125;2026-03-13;14974704.94
63335417000125;2026-03-13;18635485.50
63338283000104;2026-03-13;17614366.76
63338774000147;2026-03-13;31545563.36
63340876000105;2026-03-13;805827.65
63342714000106;2026-03-12;77045561.26
63348314000108;2026-03-13;7108918.05
63348777000161;2026-03-13;478603.17
63350724000185;2026-03-13;12992004.64
63351459000150;2026-03-13;26039761.87
63355041000110;2026-03-13;22089252.48
63358655000156;2026-03-13;8370351.14
63359113000106;2026-03-13;104731941.30
63359359000170;2026-03-13;45216234.83
63359425000101;2026-03-12;1456062633.46
63359535000173;2026-03-13;74521788.45
63359620000131;2026-03-13;51055263.47
63359651000192;2026-03-13;51553072.45
63359835000152;2026-03-13;17458429.65
63360433000178;2026-03-13;1005420.26
63374832000198;2026-03-13;14152211.46
63375216000151;2026-03-13;82582366.95
63377319000150;2026-03-13;211394370.77
63380552000192;2026-03-12;41729891.09
63383872000104;2026-03-13;20920408.54
63383901000120;2026-03-13;13809319.54
63385099000107;2026-03-13;27893837.69
63385783000199;2026-03-13;56926030.36
63386988000199;2026-03-13;507263751.69
63387076000131;2026-03-13;23314561.35
63387259000157;2026-03-13;13019361.81
63394057000132;2026-03-13;47071772.76
63395262000112;2026-03-13;44353263.75
63395612000140;2026-03-11;115932084.93
63399183000180;2026-03-13;722832743.97
63402959000173;2026-03-13;53124848.70
63404696000131;2026-03-12;76533652.35
63404930000120;2026-03-13;24481584.20
63405106000195;2026-03-12;155267091.95
63405360000193;2026-03-13;21569108.62
63405568000102;2026-03-13;12214841.52
63405574000160;2026-03-13;10360813.23
63405603000193;2026-03-13;20262278.30
63405731000137;2026-03-13;282656757.48
63405863000169;2026-03-13;10384958.43
63405917000196;2026-03-13;177824480.19
63406034000109;2026-03-12;90178873.32
63406337000113;2026-03-13;6657471.60
63406682000157;2026-03-13;49480159.28
63408136000155;2026-03-13;84827084.32
63408582000160;2026-03-13;4716508.89
63414877000149;2026-03-13;28323089.21
63417260000187;2026-03-13;71578450.34
63417657000179;2026-03-13;13585565.67
63418374000141;2026-03-13;6659035.94
63418592000186;2026-03-13;462614127.23
63418683000111;2026-03-13;10035653.39
63421281000176;2026-03-12;20177893.15
63422775000175;2026-03-13;30407511.63
63423325000105;2026-03-13;37002376.44
63423549000109;2026-03-13;12883168.53
63423574000192;2026-03-12;156949880.65
63428673000167;2026-03-13;2838511434.40
63429415000103;2026-03-13;55188077.58
63433021000110;2026-03-13;90308942.02
63433149000184;2026-03-13;77787392.37
63434947000120;2026-03-13;28195271.71
63435661000160;2026-03-13;19958612.63
63437000000173;2026-03-13;256596143.00
63437368000131;2026-03-13;1579586155.63
63438007000100;2026-03-13;1579471249.41
63438245000115;2026-03-12;14943545.02
63440985000196;2026-03-12;28557897.59
63441056000100;2026-03-11;51409113.95
63441123000188;2026-03-13;43755059.37
63441274000136;2026-03-13;1354640.47
63441494000160;2026-03-13;246726171.60
63442435000106;2026-03-12;133727511.24
63442734000140;2026-03-13;2417523.07
63445061000182;2026-03-12;156760323.47
63446494000152;2026-03-13;8148976.40
63446655000108;2026-03-12;10469703.69
63447515000154;2026-03-12;311588315.75
63454468000176;2026-03-13;32166658.20
63454969000152;2026-03-13;10312480.66
63455348000193;2026-03-13;21249581.11
63458367000173;2026-03-13;1794180.72
63459498000175;2026-03-13;861926.81
63459712000193;2026-03-13;1930342.21
63459924000170;2026-03-12;40526854.14
63460253000168;2026-03-13;38550352.49
63460271000140;2026-03-13;16071530.78
63461363000144;2026-03-13;26812138.45
63462064000124;2026-03-13;213392472.47
63462189000154;2026-03-13;38556898.49
63462432000134;2026-03-13;25946964.42
63462699000121;2026-03-13;5612673.26
63462960000193;2026-03-13;1919440.63
63463242000131;2026-03-13;43893313.14
63463348000135;2026-03-13;15212214.73
63463551000101;2026-03-13;60722889.85
63463793000103;2026-03-13;1836142.39
63464504000182;2026-03-13;41283501.61
63464603000164;2026-03-13;54668708.64
63464761000114;2026-03-13;6738344.07
63464881000111;2026-03-13;33851309.87
63465147000177;2026-03-13;158515043.41
63465257000139;2026-03-13;155943929.00
63484428000177;2026-03-11;13962528.95
63484440000181;2026-03-13;24278108.51
63488135000168;2026-03-13;229845696.72
63488908000106;2026-03-13;5905051.95
63489425000126;2026-03-13;181824316.91
63491284000186;2026-03-12;48723999.98
63495251000104;2026-03-12;8179752.78
63506385000183;2026-03-13;45464689.45
63510211000194;2026-03-13;14528222.39
63512459000194;2026-03-12;25872480.01
63512774000111;2026-03-13;704064.86
63513078000120;2026-03-12;40247144.55
63513518000149;2026-03-13;54154589.84
63513833000176;2026-03-12;68021815.00
63530046000132;2026-03-13;69372170.29
63530215000134;2026-03-13;82173358.61
63531328000154;2026-03-13;60811770.06
63532720000118;2026-03-13;21906466.84
63533177000173;2026-03-13;30567904.19
63534634000144;2026-03-13;5229294.00
63535984000125;2026-03-13;4872042.27
63536279000142;2026-03-12;100489085.56
63536592000180;2026-03-12;122568482.38
63536776000140;2026-03-13;23187584.59
63536832000147;2026-03-12;104725909.20
63537250000185;2026-03-13;705703.46
63546602000169;2026-03-13;9958420.30
63548230000100;2026-03-12;52628444.41
63548472000101;2026-03-13;58947412.96
63552845000100;2026-03-13;27884203.94
63553575000151;2026-03-12;16512253.70
63555768000141;2026-03-13;77174506.00
63556163000175;2026-03-13;9063256.37
63566142000130;2026-03-12;1319786949.76
63569176000189;2026-03-13;58509434.76
63571898000178;2026-03-10;147161.52
63572431000142;2026-03-12;11159453.36
63572496000198;2026-03-13;14257427.43
63573468000195;2026-03-13;293631524.32
63573611000149;2026-03-13;22283786.92
63573714000109;2026-03-13;109268179.25
63573988000106;2026-03-13;9192930.63
63585593000115;2026-03-13;833834.04
63588580000108;2026-03-13;20163759.91
63588986000182;2026-03-13;13841487.57
63589695000109;2026-03-13;70238522.91
63594289000134;2026-03-12;19866847.40
63594708000138;2026-03-13;8200330.29
63594990000153;2026-03-13;3849892.45
63596722000170;2026-03-13;343529861.93
63597816000164;2026-03-11;197019.13
63601544000129;2026-03-13;341427773.26
63603472000159;2026-03-13;10215401.58
63608245000116;2026-03-13;75618928.52
63608767000118;2026-03-13;684183286.48
63610895000104;2026-03-13;21143892.44
63611704000110;2026-03-13;3011368.37
63613229000111;2026-03-11;147645382.93
63614573000125;2026-03-13;5786056.74
63617850000153;2026-03-13;88000485.66
63619422000160;2026-03-12;11755450.69
63620778000113;2026-03-13;35025873.19
63621854000105;2026-03-12;15529770.79
63636705000110;2026-03-13;7361165.79
63637119000190;2026-03-13;2812428.39
63637496000129;2026-03-13;29458640.89
63637997000105;2026-03-12;3078956.84
63639144000102;2026-03-12;20871858.19
63641364000170;2026-03-13;4783363.17
63641916000140;2026-03-13;1411758.45
63642130000148;2026-03-13;248243.54
63642919000107;2026-03-13;10824922.24
63653243000149;2026-03-13;6188506.37
63654301000159;2026-03-12;1472689.26
63655792000152;2026-03-13;20245243.12
63657437000112;2026-03-13;30574023.48
63658167000164;2026-03-12;19246048.47
63658619000108;2026-03-12;12216893.30
63658940000192;2026-03-13;266409179.84
63660907000105;2026-03-13;380196056.15
63662461000140;2026-03-13;99412669.90
63670894000147;2026-03-11;7928032.61
63675030000118;2026-03-02;1166499983.65
63676515000126;2026-03-13;10407136.23
63678375000125;2026-03-13;10044485.87
63679017000137;2026-03-13;6943710.79
63679874000137;2026-03-13;11671285.12
63680432000100;2026-03-13;31199621.42
63696630000162;2026-03-13;102068016.55
63697469000141;2026-03-12;92349383.96
63697792000115;2026-03-13;5017171.77
63701275000172;2026-03-13;110810875.65
63702292000124;2026-03-12;62180292.25
63704039000100;2026-03-13;33772898.60
63704122000189;2026-03-13;45543046.16
63704841000108;2026-03-13;69741963.88
63706652000166;2026-03-13;296193780.34
63707031000105;2026-03-13;45045588.53
63708381000188;2026-03-13;16317260.94
63712189000165;2026-03-13;4498376.07
63720805000120;2026-03-12;251720632.58
63721170000185;2026-03-13;19286966.60
63726839000121;2026-03-13;101614265.02
63726955000140;2026-03-13;26202602.28
63727006000185;2026-03-13;5453828.43
63727062000110;2026-03-13;22522654.25
63727901000108;2026-03-12;15545992.69
63728079000191;2026-03-13;41022001.69
63728393000174;2026-03-13;17572738.21
63729525000182;2026-03-12;111795655.28
63729789000136;2026-03-13;90048793.37
63730018000169;2026-03-13;15443012.56
63733556000107;2026-03-13;29533197.05
63734091000109;2026-03-12;296775755.70
63736749000111;2026-03-13;2580053.18
63739043000103;2026-03-12;96702071.83
63740073000130;2026-03-13;143399502.35
63740285000117;2026-03-13;132052863.40
63740555000190;2026-03-13;25268397.86
63740800000169;2026-03-13;68852557.91
63741446000197;2026-03-13;16883527.08
63742114000127;2026-03-11;170386.34
63742744000100;2026-03-11;151955782.42
63743261000111;2026-03-11;83812262.91
63743483000134;2026-03-13;17602861.84
63743706000163;2026-03-11;68498197.70
63743778000100;2026-03-11;103766395.19
63745762000137;2026-03-13;88247429.88
63746223000112;2026-03-13;30441924.81
63756055000146;2026-03-13;507435.28
63757452000132;2026-03-13;1263013.36
63758732000165;2026-03-13;2891522.29
63759619000102;2026-03-13;145109563.08
63760296000169;2026-03-12;825760166.31
63760470000173;2026-03-13;2814005.71
63762701000188;2026-03-13;17340367.40
63763145000164;2026-03-13;2573986.67
63763383000170;2026-03-13;40841084.77
63780238000105;2026-03-13;27058152.19
63784778000159;2026-03-13;34220891.39
63786417000141;2026-03-13;44681984.79
63788524000109;2026-03-13;21314499.34
63788604000164;2026-03-13;10305747.95
63789264000196;2026-03-13;461253760.05
63789552000140;2026-03-13;105106244.42
63790028000190;2026-03-13;16282172.60
63791272000177;2026-03-12;127418701.93
63798213000120;2026-03-13;800633.51
63799359000190;2026-03-13;800398.18
63801330000104;2026-03-13;100101404.62
63803446000174;2026-03-13;143253.14
63805026000127;2026-03-12;152221745.71
63805941000112;2026-03-12;81838215.26
63805994000133;2026-03-13;9085761.04
63806809000125;2026-03-13;191703331.18
63807157000143;2026-03-12;3989987.78
63808756000181;2026-03-13;35874537.21
63813282000166;2026-03-13;168506358.15
63821176000124;2026-03-13;49399718.37
63821935000159;2026-03-13;40129906.04
63823061000179;2026-03-12;132870256.95
63823402000106;2026-03-12;101576324.09
63824819000193;2026-03-12;42102753.95
63826355000154;2026-03-12;72646853.18
63829670000135;2026-03-13;984589.58
63829969000190;2026-03-13;10436723.78
63830846000179;2026-03-13;15267474.47
63831736000121;2026-03-13;341491.53
63839114000140;2026-03-13;223353367.23
63839208000119;2026-03-13;34365793.76
63848566000198;2026-03-13;150232204.44
63849519000169;2026-03-11;413193535.97
63849735000104;2026-03-13;515003740.70
63850970000104;2026-03-13;0.00
63851056000170;2026-03-13;5231561.28
63856788000152;2026-03-13;87206573.64
63858337000154;2026-03-13;42787998.76
63858779000109;2026-03-13;39886600.99
63859087000177;2026-03-13;25002435.83
63861378000108;2026-03-13;646096714.70
63861725000194;2026-03-13;16849851.94
63864002000149;2026-03-13;43416688.52
63864559000180;2026-03-12;11429917.57
63864753000165;2026-03-13;13656767.48
63864884000142;2026-03-13;85533738.68
63864970000155;2026-03-13;47169406.40
63865053000195;2026-03-12;41928748.42
63866496000109;2026-03-13;21228236.89
63867916000163;2026-03-13;25909936.37
63874375000109;2026-03-16;198849647.29
63875387000140;2026-03-13;169671034.82
63875428000106;2026-03-10;411253259.20
63880372000170;2026-03-12;15400756.51
63880974000127;2026-03-12;14254401.95
63881592000118;2026-03-12;10199912.54
63881749000105;2026-03-12;179934341.81
63882570000172;2026-03-13;39287986.29
63882668000120;2026-03-12;107594574.84
63884193000100;2026-03-13;8219324.96
63890886000106;2026-03-13;1510136.02
63891665000152;2026-03-13;4592844.54
63892223000120;2026-03-13;17030439.02
63893270000199;2026-03-13;16312495.18
63893287000146;2026-03-13;13215254.39
63893631000105;2026-03-13;38223198.61
63893970000183;2026-03-13;13835901.54
63898109000108;2026-03-13;29758971.57
63898982000109;2026-03-12;5726762.04
63900490000100;2026-03-13;19794928.26
63900709000163;2026-03-13;24990465.65
63901833000143;2026-03-13;19863572.41
63904089000130;2026-03-13;11894794.58
63904226000137;2026-03-13;32141642.01
63904308000181;2026-03-13;12141555.76
63908364000194;2026-03-13;627891.65
63911193000152;2026-03-13;3086039.27
63911840000126;2026-03-13;3045622.01
63912056000132;2026-03-13;83402435.33
63914380000190;2026-03-13;12886157.08
63916211000199;2026-03-13;2387125.69
63916495000113;2026-03-13;0.00
63916550000175;2026-03-13;30105025.65
63917296000120;2026-03-13;16676452.35
63917565000158;2026-03-13;51116639.75
63917614000152;2026-03-13;62477530.93
63917988000178;2026-03-13;35933109.41
63918203000181;2026-03-13;175612949.58
63918341000160;2026-03-09;407516962.74
63918374000100;2026-03-13;15525940.96
63918418000100;2026-03-13;299527410.12
63918855000116;2026-03-13;55103110.72
63918941000129;2026-03-13;33209585.06
63920768000101;2026-03-13;1115480415.95
63920804000129;2026-03-13;5931487.94
63921677000182;2026-03-13;1692569663.82
63924803000152;2026-03-13;32511859.42
63927429000149;2026-03-11;393408258.25
63927663000176;2026-03-13;102096831.88
63927798000131;2026-03-13;11506739.41
63927852000149;2026-03-13;60790563.47
63928383000182;2026-03-13;13743790.04
63930082000193;2026-03-12;102564764.91
63933503000130;2026-03-13;259470252.80
63937967000114;2026-03-13;484339576.80
63938250000197;2026-03-13;6943284.84
63938404000140;2026-03-13;31194377.83
63938610000150;2026-03-13;36366315.40
63939167000132;2026-03-13;1191706.10
63939280000118;2026-03-13;75718614.38
63941847000190;2026-03-13;179825773.71
63941952000120;2026-03-13;515981460.96
63942020000100;2026-03-13;516037623.22
63942021000146;2026-03-13;745273173.44
63945153000121;2026-03-13;7719535.63
63945358000107;2026-03-13;9965873.46
63947312000127;2026-03-13;31180424.02
63947350000180;2026-03-13;4024222.06
63949230000111;2026-03-13;261675.99
63949558000138;2026-03-12;247752917.00
63950469000101;2026-03-13;258685704.43
63950605000163;2026-03-13;790441.59
63953464000132;2026-03-13;206043695.26
63953556000112;2026-03-13;13897230.87
63968274000199;2026-03-12;10222519.12
63970755000139;2026-03-13;1195031.53
63971151000107;2026-03-12;30767864.90
63973427000196;2026-03-12;189032410.81
63974413000197;2026-03-13;329190558.34
63975214000101;2026-03-13;2878272714.97
63975872000195;2026-03-13;1591540.13
63979310000110;2026-03-11;156005732.89
63988597000144;2026-03-13;317316625.66
63989232000134;2026-03-13;89026888.72
63989589000112;2026-03-13;55454597.88
63990066000196;2026-03-11;75524593.48
63991157000146;2026-03-12;90716932.24
63993473000157;2026-03-13;804978.99
64001026000137;2026-03-12;394312962.32
64001578000145;2026-03-12;32891533.70
64003281000119;2026-03-13;57305560.43
64003505000192;2026-03-12;22580425.13
64004057000141;2026-03-13;14903660.28
64006995000180;2026-03-13;2318310.84
64008119000193;2026-03-13;118502225.89
64008263000120;2026-03-13;0.00
64014397000153;2026-03-13;17308925.81
64014519000101;2026-03-13;136543440.97
64018501000188;2026-03-13;37823825.65
64023502000110;2026-03-13;10292332.96
64025077000107;2026-03-12;120234005.05
64026419000103;2026-03-13;9959105.71
64026475000130;2026-03-13;10055135.03
64026956000145;2026-03-12;6209630.56
64026957000190;2026-03-12;374507761.03
64027093000120;2026-03-13;13359301.68
64040341000173;2026-03-12;16962066.25
64052985000181;2026-03-13;36584975.54
64053288000145;2026-03-13;196461077.11
64059160000199;2026-03-13;19382459.88
64059251000124;2026-03-13;69046255.99
64059299000132;2026-03-13;117540500.26
64064015000104;2026-03-13;91639902.23
64068676000108;2026-03-13;828809261.28
64070278000118;2026-03-13;38967268.82
64071100000191;2026-03-13;51869315.70
64071478000195;2026-03-13;51885316.56
64073126000179;2026-03-13;6871772.55
64073425000103;2026-03-13;13123379.05
64075256000140;2026-03-13;14744239.90
64075589000170;2026-03-13;116728243.80
64076822000139;2026-03-13;46384247.60
64076969000129;2026-03-13;173804855.16
64078549000181;2026-03-13;8890028.49
64078658000107;2026-03-11;85955958.58
64078875000199;2026-03-13;74065967.45
64087200000106;2026-03-13;21905324.98
64087674000158;2026-03-13;11164753.72
64089192000137;2026-03-13;91941269.86
64091639000102;2026-03-13;22232725.26
64091897000199;2026-03-13;35095669.68
64092538000156;2026-03-13;8462878.12
64094567000157;2026-03-13;5000000.00
64094799000105;2026-03-13;60860778.22
64097680000196;2026-03-12;16740002.05
64098135000114;2026-03-13;20274599.94
64099033000113;2026-03-13;68899659.68
64102991000104;2026-03-13;19663492.38
64105280000185;2026-03-13;175372091.44
64106556000140;2026-03-13;445811555.18
64110523000173;2026-03-13;938579574.01
64111034000136;2026-03-13;258777.67
64111132000173;2026-03-13;3204887.75
64112897000128;2026-03-13;77530904.09
64113390000199;2026-03-13;87488034.59
64113409000105;2026-03-13;5001890.39
64113728000102;2026-03-13;81478773.08
64114323000199;2026-03-12;3072440.47
64115182000129;2026-03-13;55956658.83
64123696000126;2026-03-16;840985718.88
64124743000156;2026-03-12;29129286.50
64125968000127;2026-03-12;66793432.07
64126688000133;2026-03-13;2081322.26
64126791000183;2026-03-13;256521266.93
64126883000163;2026-03-13;7212263.66
64127321000134;2026-03-12;93630115.34
64128540000138;2026-03-13;51360743.38
64138938000155;2026-03-13;29607520.44
64142774000130;2026-03-16;7964606.02
64143575000146;2026-03-13;106776000.24
64143946000190;2026-03-12;18571357.72
64144216000103;2026-03-13;8282071.96
64146055000197;2026-03-12;35154455.55
64146698000130;2026-03-13;34320733.95
64152058000133;2026-03-13;48938437.08
64152146000135;2026-03-13;101322210.52
64152346000198;2026-03-13;6225778.94
64152462000107;2026-03-13;28471582.81
64154473000126;2026-03-13;93061778.63
64154861000107;2026-03-13;20112671.07
64155145000144;2026-03-13;11670464.58
64155966000180;2026-03-13;4938572.44
64156075000149;2026-03-13;20032035.94
64156154000150;2026-03-13;10613448.68
64156223000125;2026-03-13;29666039.77
64156592000118;2026-03-12;4255301.91
64156673000118;2026-03-13;29666039.77
64156687000131;2026-03-13;356356507.50
64157536000106;2026-03-13;1745646843.43
64159612000104;2026-03-12;12698953.18
64160050000119;2026-03-13;245370139.54
64167243000100;2026-03-13;4946971.77
64169533000184;2026-03-13;202883126.18
64169654000126;2026-03-12;146013279.63
64171900000184;2026-03-13;7776527.59
64183870000126;2026-03-13;144490415.58
64185185000139;2026-03-13;43919028.41
64187772000167;2026-03-13;1058074.72
64188363000185;2026-03-13;17866155.81
64188814000184;2026-03-13;1083675.96
64189051000196;2026-03-13;116424798.99
64189292000135;2026-03-13;47977408.61
64190503000150;2026-03-13;12732770.15
64191056000153;2026-03-13;19941642.38
64192027000106;2026-03-13;155627663.68
64192273000168;2026-03-12;1991289968.50
64192317000150;2026-03-13;1962063.31
64192422000199;2026-03-12;1227714591.24
64201199000107;2026-03-13;144484890.54
64201861000110;2026-03-13;115327734.22
64202101000128;2026-03-13;24299869.63
64202163000130;2026-03-12;31708616.44
64203379000110;2026-03-12;4575424539.95
64203998000104;2026-03-13;67588664.39
64224683000143;2026-03-12;14548697.68
64225208000191;2026-03-13;101051345.87
64225806000160;2026-03-13;64050845.65
64227743000181;2026-03-13;106648548.55
64227923000163;2026-03-13;16334327.09
64251402000141;2026-03-13;8701230.18
64263849000130;2026-03-13;5110651.40
64264093000144;2026-03-13;117566180.63
64270250000124;2026-03-13;28168148.22
64280537000135;2026-03-13;9916274.81
64283996000172;2026-03-13;33000000.00
64293183000163;2026-03-12;10746181.29
64293559000130;2026-03-13;9933062.49
64299987000170;2026-03-10;1379309.93
64302418000136;2026-03-05;14290931.26
64310078000195;2026-03-13;50768202.19
64314331000189;2026-03-13;1114760.00
64322634000143;2026-03-13;88443805.91
64328885000135;2026-03-13;15084823.66
64335642000124;2026-03-13;37434224.92
64347179000130;2026-03-11;21860921.69
64365407000103;2026-03-13;111985952.21
64366238000118;2026-03-13;50614145.24
64376789000162;2026-03-13;48647691.48
64377991000109;2026-03-13;5840720.47
64378700000105;2026-03-13;11023409.79
64407056000148;2026-03-03;0.00
64407998000126;2026-03-13;45736016.18
64415810000191;2026-03-12;8238021.98
64427950000180;2026-03-13;235063205.49
64428580000103;2026-03-13;235623373.81
64429184000192;2026-03-13;15803472.69
64433127000187;2026-03-12;9773332.85
64434985000146;2026-03-13;80142496.17
64435884000190;2026-03-13;19517433.31
64436390000120;2026-03-12;11399.34
64436536000137;2026-03-13;35962515.18
64436974000103;2026-03-13;23014359.84
64437581000106;2026-03-13;130536094.65
64438392000158;2026-03-13;23012760.22
64444153000100;2026-03-13;76279834.04
64445607000168;2026-03-13;995913.54
64458954000125;2026-03-13;220579993.50
64459383000143;2026-03-13;20119856.77
64468445000183;2026-03-13;153097972.32
64470290000110;2026-03-13;57899987.66
64473541000110;2026-03-13;8025802.09
64474019000152;2026-03-12;32987000.16
64478496000196;2026-03-12;15231291.88
64479602000156;2026-03-13;67759552.00
64487123000181;2026-03-13;190621528.29
64487678000123;2026-03-13;190665002.25
64502555000114;2026-03-13;43047119.73
64507265000163;2026-03-12;34265079.78
64508128000143;2026-03-12;20547469.11
64511682000180;2026-03-12;22284776.97
64514032000198;2026-03-13;270188338.19
64514056000147;2026-03-13;2198218.28
64518854000147;2026-03-13;255492584.02
64530362000177;2026-03-13;856394346.71
64530665000190;2026-03-13;3876315.48
64537019000154;2026-03-13;10154298.21
64540444000100;2026-03-13;0.00
64540674000161;2026-03-13;12513126.38
64540738000124;2026-03-13;5961045.95
64542164000123;2026-03-13;1216357.08
64543902000157;2026-03-11;36550556.48
64563252000101;2026-03-13;337137298.46
64567005000183;2026-03-13;1141639.48
64567909000109;2026-03-13;2296478.05
64582055000130;2026-03-13;23802392.29
64582272000120;2026-03-12;157752211.20
64582886000101;2026-03-12;157746789.12
64593756000174;2026-03-13;5000000.00
64597707000100;2026-03-13;64445782.09
64598213000140;2026-03-13;86777229.53
64602407000171;2026-03-13;28530917.45
64608980000192;2026-03-12;133455272.52
64611046000120;2026-03-13;2031425.64
64611146000156;2026-03-13;14939097.02
64611283000190;2026-03-13;22564430.27
64611448000124;2026-03-12;57432156.15
64626717000126;2026-03-13;198670.36
64630647000180;2026-03-13;74133084.91
64632850000195;2026-03-13;283803747.01
64643811000193;2026-03-13;28097924.08
64651483000177;2026-03-12;27361448.50
64657698000103;2026-03-13;4582652.34
64664058000112;2026-03-13;16830970.96
64668911000174;2026-03-13;30249364.73
64675520000187;2026-03-13;10730388.98
64678185000170;2026-03-13;31504013.03
64679363000188;2026-03-13;18686599.56
64690163000126;2026-03-13;9595960.12
64713709000117;2026-03-13;47680992.64
64717139000133;2026-03-13;1434370.70
64720989000190;2026-03-05;4187027.35
64721173000181;2026-03-10;249580.80
64723744000117;2026-03-13;64457414.43
64730454000109;2026-03-12;104082.53
64730586000122;2026-03-12;7065451.95
64730680000181;2026-03-12;91079.21
64730855000150;2026-03-13;396907692.13
64739277000113;2026-03-13;58664721.15
64741258000121;2026-03-13;68998851.78
64743293000180;2026-03-12;10063472.63
64745190000159;2026-03-13;613204851.47
64752610000124;2026-03-13;4409096.98
64753336000108;2026-03-13;8808235.41
64757080000107;2026-03-13;40409436.45
64757267000100;2026-03-10;28716038.10
64765626000171;2026-03-13;15063131.35
64769054000107;2026-03-13;754861.19
64774471000130;2026-03-13;5659481.71
64777292000156;2026-03-13;10024714.56
64779386000164;2026-03-12;44527191.86
64782277000104;2026-03-13;798808900.97
64786088000100;2026-03-13;8092312.58
64787979000172;2026-03-12;39114124.50
64788404000174;2026-03-12;6165893.88
64808440000152;2026-03-12;5620757.19
64808821000131;2026-03-13;20179095.55
64810079000107;2026-03-13;19953403.11
64819846000130;2026-03-13;41888159.58
64820042000151;2026-03-13;35392309.15
64820904000146;2026-03-13;38128171.51
64851688000104;2026-03-12;6156936.89
64851979000194;2026-03-13;1523204.00
64852691000134;2026-03-13;46832347.83
64854202000183;2026-03-13;1400966.14
64862157000109;2026-03-12;495585683.64
64864191000112;2026-03-13;59632941.78
64865332000111;2026-03-13;222035348.18
64866397000181;2026-03-12;10536520.18
64870908000139;2026-03-13;7827530.98
64889156000158;2026-03-13;974402.73
64896702000188;2026-03-13;144424055.27
64897542000191;2026-03-13;9987863.35
64897967000109;2026-03-13;39032503.36
64899490000192;2026-03-13;12905676.29
64899507000101;2026-03-16;30254.83
64911990000100;2026-03-13;7919105.63
64919871000196;2026-03-13;2295437.65
64922225000188;2026-03-13;757943788.94
64924274000150;2026-03-13;188128820.02
64926214000176;2026-03-12;12044752.59
64932058000156;2026-03-12;3281527.66
64945668000194;2026-03-13;3068005.78
64948619000105;2026-03-13;3022141.72
64949435000160;2026-03-13;4295083.83
64958783000101;2026-03-13;222625950.71
64963538000184;2026-03-13;5454685.17
64967253000111;2026-03-13;7948000.00
64970081000135;2026-03-13;19707489.80
64983582000156;2026-03-13;54142584.41
64985472000123;2026-03-13;82787285.04
64989374000164;2026-03-13;4756948.10
64989496000150;2026-03-13;198969790.61
64989930000100;2026-03-13;29693211.88
65021894000141;2026-03-13;9928579.31
65024323000160;2026-03-13;3028073.05
65027216000196;2026-03-13;90877305.76
65028081000183;2026-03-12;134665028.63
65028465000104;2026-03-11;23303725.46
65028745000104;2026-03-13;116809470.53
65029327000131;2026-03-13;4406989.01
65030262000144;2026-03-11;16354559.68
65041084000157;2026-03-13;279842315.08
65048040000159;2026-03-13;40194762.60
65071703000156;2026-03-13;1309547848.68
65072545000159;2026-03-13;25184449.94
65073380000130;2026-03-13;25182101.70
65073928000141;2026-03-13;49506442.07
65080693000115;2026-03-13;60240636.54
65088210000129;2026-03-13;43771463.67
65092394000109;2026-03-13;79714542.23
65096801000148;2026-03-13;31112714.04
65098068000109;2026-03-13;19933947.19
65099917000130;2026-03-13;2186780.94
65107242000124;2026-03-13;0.00
65107507000194;2026-03-13;4334786.31
65111948000160;2026-03-13;143052249.96
65118025000130;2026-03-13;2820820.74
65123575000147;2026-03-13;15208078.43
65180245000193;2026-03-13;7529361.09
65190629000197;2026-03-13;21571808.22
65191528000130;2026-03-13;35550000.00
65192274000175;2026-03-13;11872130.74
65197885000106;2026-03-13;12392679.96
65203426000198;2026-03-13;44593076.85
65205236000100;2026-03-13;105281796.57
65205434000173;2026-03-12;5021813.15
65219504000142;2026-03-12;5288728.24
65220259000193;2026-03-10;139157438.67
65223808000183;2026-03-13;44617763.73
65226008000116;2026-03-13;2422278.18
65255255000140;2026-03-13;25882812.85
65265147000159;2026-03-13;5491258.61
65269998000170;2026-03-12;4959447.57
65315503000100;2026-03-13;10102477.56
65317050000142;2026-03-12;115852624.44
65317544000127;2026-03-12;25350000.00
65320126000199;2026-03-13;675999979.38
65338884000134;2026-03-13;9337779.20
65347730000109;2026-03-12;3290635.44
65359339000124;2026-03-13;20120887.58
65412635000141;2026-03-13;10049211.64
65441922000180;2026-03-13;51028469.27
65451763000102;2026-03-13;2002264.61
65458816000109;2026-03-13;818777419.87
65459051000121;2026-03-13;699549190.90
65466578000183;2026-03-13;11011837.06
65485202000116;2026-03-12;30036528.44
65506054000179;2026-03-13;8003462.94
65617584000194;2026-03-13;5192718.45
67845909000111;2026-03-13;20815617.09
67845925000104;2026-03-13;1475730.89
67976423000112;2026-03-13;58184012.97
67976449000160;2026-03-13;75961591.69
68599141000106;2026-03-13;814845948.06
68623479000156;2026-03-13;579326866.86
68670512000107;2026-03-13;92014532.65
68971183000126;2026-03-13;383033161.74
69093714000198;2026-03-13;53621088.43
70951678000135;2026-03-12;5419729.31
71581276000159;2026-03-13;963473616.93
71586432000174;2026-03-12;4366510878.27
71734461000136;2026-03-13;736110147.98
71739445000136;2026-03-13;1567432.21
73232530000139;2026-03-13;5736231750.39
73899726000181;2026-03-13;46842372.52
73899759000121;2026-03-13;221707062.81
73960635000104;2026-03-13;2169239.50
74055922000132;2026-03-13;13659276.76
74326471000120;2026-03-13;4541064.62
77054658000100;2026-03-12;10324808.66
88002696000136;2026-03-13;75945300.95
88198056000143;2026-03-13;67658678.50
96498654000166;2026-03-13;14239478.68
96498985000104;2026-03-13;16136641.95
96500715000182;2026-03-12;443641088.37
97261093000140;2026-03-13;5560869.62
97519479000109;2026-03-13;31103514.37
97519502000165;2026-03-12;525139681.24
97519573000168;2026-03-13;12436931.43
97519615000160;2026-03-13;52684398.56
97519635000131;2026-03-13;27619626.45
97519665000148;2026-03-13;103028752.87
97519703000162;2026-03-13;5857454248.69
97519794000136;2026-03-13;95159987.91
97520940000143;2026-03-12;860272558.27
97522849000167;2026-03-13;1330738507.73
97525437000180;2026-03-13;202191438.83
97525445000127;2026-03-13;57363702.60
97525452000129;2026-03-12;20215067.83
97532704000147;2026-03-13;31063798.75
97532707000180;2026-03-13;205183279.03
97532711000149;2026-03-13;155319392.75
97543604000116;2026-03-13;118854106.44
97543626000186;2026-03-13;186156544.04
97543707000186;2026-03-13;50847258.82
97548164000190;2026-03-13;15493405.92
97548167000123;2026-03-13;2417939070.20
97929197000180;2026-03-13;104020405.80
97929213000134;2026-03-12;65119677.71
